invoice_id,vendor,amount,date,description
80NSSC24FA361,"NEW TECH SOLUTIONS, INC.",24225.0,2024-03-11,WIND RIVER SIMICS SOFTWARE LICENSE RENEWAL
80NSSC24FA362,FOUR LLC,114935.53,2024-03-08,"THIS TASK ORDER IS TO PURCHASE SPLUNK ENTERPRISE LICENSE PER QUOTE# 1218055004 DATED, 03/06/2024.  PERIOD OF PERFORMANCE 03/16/2024 - 03/15/2025"
80NSSC24FA363,"KBR WYLE SERVICES, LLC",249544.0,2024-03-08,"MODELING, SYSTEMS ENGINEERING, AND INTEGRATION FOR NUCLEAR THERMAL PROPULSION"
80NSSC24FA364,"AUGUST SCHELL ENTERPRISES, INC.",21524.11,2024-03-12,IVANTI SOFTWARE MAINTENANCE RENEWAL
80NSSC24FA365,THE TRAINING CONNECTION INC,39067.92,2024-03-14,"OP ENTERPRISE MENTORING PROGRAM 2, DATE: 13 MONTHS"
80NSSC24FA366,"DH TECHNOLOGIES, INC.",48048.0,2024-03-08,"THIS TASK ORDER IS TO PURCHASE ATLASSIAN JIRA SOFTWARE RENEWAL PER QUOTE#Q-00058583, DATED 02/26/2024. PERIOD OF PERFORMANCE IS 03/09/2024 - 03/08/2025."
80NSSC24FA367,"ADVANCED COMPUTER CONCEPTS, INC.",37321.5,2024-03-11,SW - FLEXNET/ADMIN STUDIO
80NSSC24FA368,THE ARBINGER COMPANY,26665.4,2024-03-11,"DEVELOPING AND IMPLEMENTING AN OUTWARD MINDSET, LIVE/IN-PERSON INSTRUCTOR-LED TRAINING"
80NSSC24FA369,"FOUR POINTS TECHNOLOGY, L.L.C.",21169.71,2024-03-13,"THIS TASK ORDER IS TO PURCHASE RSA SECURID SOFTWARE TOKEN SEEDS RENEWAL PER QUOTE# 113749-1, DATED 02/16/2024. PERIOD OF PERFORMANCE IS 12 MONTHS FROM DATE OF AWARD."
80NSSC24FA370,"TRI-TECH FORENSICS, INC.",90796.3,2024-03-11,"STOP THE BLEED KITS TO INCLUDE THE FOLLOWING (MARKET RESEARCH/PRICE LINKS IN SAP AND IN THE ATTACHMENTS BELOW): TRAUMA SHEARS, TOURNIQUETS, GAUZE, QUICKCLOT, GLOVES, BAGS, SHARPIES, HARD CAES, BREAKAWAY LOCKS, TRAINING APPARATUS"
80NSSC24FA371,"FCN, INC.",30210.61,2024-03-25,THIS TASK ORDER IS TO PURCHASE A RED HAT RENEWAL FOR GSFC PER QUOTE# PAWB12292023G  PERIOD OF PERFORMANCE IS 03/18/2024 - 03/17/2025.
80NSSC24FA372,"DH TECHNOLOGIES, INC.",15595.92,2024-03-13,ARISTA SWITCH SUPPORT RENEWAL
80NSSC24FA373,AURORA SYSTEMS CONSULTING INC,116008.33,2024-03-12,FY24 SLACK RENEWAL
80NSSC24FA374,"DH TECHNOLOGIES, INC.",453011.34,2024-03-13,THIS DELIVERY ORDER IS FOR THE ANNUAL LICENSE RENEWAL OF NUTANIX SOFTWARE IN SUPPORT OF AGENCY CYBERSECURITY INFRASTRUCTURE (CSI) SERVICES. THE PERIOD OF PERFORMANCE IS 03/15/2024 TO 03/14/2025.
80NSSC24FA375,"SON DANCE ENTERPRISES, INC",160.0,2024-03-12,INTL SHIPT - PYROS CUSTOMS CLEARANCE
80NSSC24FA376,UNITED COMMERCIAL SUPPLY LLC,11070.0,2024-03-14,RIGID PIPE THREADER OR SUITABLE SPEC OF SAME
80NSSC24FA377,"FCN, INC.",647172.8,2024-03-15,THIS DELIVERY ORDER IS FOR RED HAT LICENSES AND SUPPORT RENEWAL PER ATTACHED QUOTE PAWB03062024LARC DATED 03/08/2024. THE PERIOD OF PERFORMANCE IS 03/16/2024 TO 03/15/2025. NASA'S RED HAT SEWP CATALOG 80NSSC19Q0833 TERMS AND CONDITIONS APPLY. NSN
80NSSC24FA378,"STANDARD-BLAZAR, LLC",16252.08,2024-03-14,QUASONIX EVTM ENCODER/DECODER
80NSSC24FA379,"FCN, INC.",13577.19,2024-03-19,"THIS TASK ORDER IS TO PURCHASE A RED HAT ANSIBLE, WORKSTATION, RHEL FOR GRC PER QUOTE# PAWB01262024D DATED 02/22/2024. PERIOD OF PERFORMANCE IS 04/23/2024 - 04/22/2025."
80NSSC24FA380,"GARTNER, INC.",203816.0,2024-03-13,GARTNER CONSULTING FOLLOW ON SERVICES
80NSSC24FA381,AURORA SYSTEMS CONSULTING INC,18046.53,2024-03-14,DELL LATITUDE 5540 LAPTOPS
80NSSC24FA382,"NEW TECH SOLUTIONS, INC.",13968.0,2024-03-14,72 UNITS OF 64GB DDR5 4800MHZ RAM MEMORY
80NSSC24FA383,"METROPOLITAN GROUP, L.L.C",245000.0,2024-03-14,CATALYST BIODIVERSITY INITIATIVE IN CA IN 2024
80NSSC24FA384,"NEW TECH SOLUTIONS, INC.",8342.31,2024-03-14,MANAGEENGINE APPLICATION SOFTWARE AND MAINTENANCE RENEWAL
80NSSC24FA385,DISTRIBUTED TECHNOLOGY GROUP LLC,6123982.19,2024-03-21,THIS TASK ORDER IS FOR THE FY24 AGENCY-WIDE RENEWAL OF PTC WINDCHILL/CREO SOFTWARE PER THE ATTACHED QUOTE ### DATED ##/##/####. PERIOD OF PERFORMANCE IS 03/15/2024 TO 03/14/2025.
80NSSC24FA386,"MINBURN TECHNOLOGY GROUP, LLC",3317.19,2024-03-19,"THIS TASK ORDER IS TO PURCHASE MICROSOFT VISUAL STUDIO PRO LICENSES PER QUOTE# MTG-NASA-MIC-04805, DATED 02/29/2024. PERIOD OF PERFORMANCE 12 MONTHS FROM DATE OF AWARD WITH 2 YEARS OF SOFTWARE ASSURANCE."
80NSSC24FA387,"NEW TECH SOLUTIONS, INC.",37196.28,2024-03-14,FY24 LEAPWORK SME PACKAGE
80NSSC24FA388,"FOUR POINTS TECHNOLOGY, L.L.C.",63693.0,2024-03-21,THIS TASK ORDER IS TO PURCHASE RSA SECURID SOFTWARE TOKEN SEEDS RENEWAL PER QUOTE# 113609-1.  PERIOD OF PERFORMANCE IS 12 MONTHS FROM DATE OF AWARD.
80NSSC24FA389,"HEALTHEQUITY, INC.",148295.88,2024-03-01,FY24 FSAFEDS RISK RESERVE ACCOUNTS
80NSSC24FA389,REGENCY CONSULTING INC,64347.64,2024-03-18,DELL SC2XX AND SC4XX ENCLOSURE SOFTWARE/HARDWARE MAINTENANCE RENEWAL
80NSSC24FA390,"NATIONAL QUALITY ASSURANCE - U.S.A., INC.",32868.52,2024-03-28,THE PURPOSE OF THIS TASK ORDER IS TO PERFORM A 9001:2015 AND AS9100:2016 AUDIT REASSESSMENT AT GLENN RESEARCH CENTER.
80NSSC24FA391,"DH TECHNOLOGIES, INC.",45142.24,2024-03-20,"THIS TASK ORDER IS TO PURCHASE ATLASSIAN JIRA SOFTWARE RENEWAL PER QUOTES Q-00060489 AND Q-00058744, DATED 03/05/2024 AND 03/15/2024."
80NSSC24FA392,SOFTWARE INFORMATION RESOURCE CORP.,23361.71,2024-03-26,OT : RAIDSERV SUPPORT SERVICES
80NSSC24FA393,METGREEN SOLUTIONS INC,12787.0,2024-03-18,TRIPWIRE ENTERPRISE ANNUAL SOFTWARE LICENSES RENEWALS
80NSSC24FA394,"FCN, INC.",30253.0,2024-03-22,JUNIPER SWITCHES MAINTENANCE RENEWAL
80NSSC24FA395,IMMIXTECHNOLOGY INC,44436.84,2024-03-25,MAINTENANCE FEE-ENVIRONMENTAL PROGRAM INFORMATION MANAGEMENT SYSTEM (EPIMS)
80NSSC24FA397,"FCN, INC.",143279.75,2024-03-19,THIS TASK ORDER IS TO PURCHASE A RED HAT ENTERPRISE LINUX SERVER RENEWAL PER QUOTE# PAWB03122024AEGIS DATED 03/12/2024. PERIOD OF COVERAGE IS FROM 03/01/2024 - DATE OF AWARD. PERIOD OF PERFORMANCE IS DATE OF AWARD - 02/28/2025.
80NSSC24FA398,"BETTER DIRECT, LLC",7767.0,2024-04-03,TOSHIBA HARD DRIVE
80NSSC24FA399,DYNAMIC SYSTEMS INC,154123.86,2024-03-20,FY24 ORACLE SUPPORT RENEWAL
80NSSC24FA400,"GOVSMART, INC.",739.84,2024-03-20,"THIS TASK ORDER IS TO PURCHASE ADOBE CREATIVE CLOUD LICENSE PER QUOTE# GS24012428157, DATED 01/24/2024. PERIOD OF COVERAGE 02/24/2024 - DATE OF AWARD AND PERIOD OF PERFORMANCE IS DATE OF AWARD - 10/23/2024."
80NSSC24FA401,ACCESSAGILITY LLC,41863.04,2024-03-21,NOMACHINE SOFTWARE RENEWAL
80NSSC24FA402,"PREMIER & COMPANIES, INC.",17659.0,2024-04-01,H SERIES HYDROGEN PURCHASE
80NSSC24FA403,KPAUL PROPERTIES LLC,33291.1,2024-03-21,UNIVERSAL SOFTWARE RADIO PERIPHERAL (USRP) X410
80NSSC24FA404,"SEVENTH SENSE, LLC",208378.68,2024-03-28,CALL ORDER FOR HQ OP COST UNDER AGENCYWIDE ACQUISITION SUPPORT SERVICES (AWASS) 2.0 BLANKET PURCHASE AGREEMENT (BPA) 80NSSC24AA016.
80NSSC24FA405,"SEVENTH SENSE, LLC",3279672.08,2024-03-28,CALL ORDER FOR CLOSEOUT SUPPORT SERVICES UNDER AGENCYWIDE ACQUISITION SUPPORT SERVICES (AWASS) 2.0 BLANKET PURCHASE AGREEMENT (BPA) 80NSSC24AA016.
80NSSC24FA406,REGAN TECHNOLOGIES CORP,96260.59,2024-03-20,OT : APPLE PRODUCTS
80NSSC24FA407,"DH TECHNOLOGIES, INC.",16359.2,2024-03-22,"THIS TASK ORDER IS TO PURCHASE ATLASSIAN JIRA SOFTWARE RENEWAL PER QUOTE# Q-00060681, DATED 03/12/2024.  PERIOD OF PERFORMANCE IS 12 MONTHS FROM DATE OF AWARD."
80NSSC24FA408,STORSOFT TECHNOLOGY CORP,32831.0,2024-03-20,SCHNEIDER APC SMART-UPS TOWERS
80NSSC24FA409,"DH TECHNOLOGIES, INC.",102785.6,2024-03-22,NETAPP HW MAINT. RENEWAL
80NSSC24FA410,GIT SATELLITE LLC,23935.36,2024-03-22,PUSH-TO-TALK SATCOM SUBSCRIPTION
80NSSC24FA411,"NEW TECH SOLUTIONS, INC.",29517.28,2024-03-25,FY24 KSC NINTEX FORMS AND WORKFLOW SOFTWARE ASSURANCE RENEWAL
80NSSC24FA412,METGREEN SOLUTIONS INC,13236.0,2024-03-26,NIAGARA NETWORKS BASIC ANNUAL SERVICE PACKAGE RENEWAL
80NSSC24FA413,STEELCASE INC.,25373.33,2024-03-21,PURCHASE AND INSTALLATION OF 49 OFFICE CHAIRS
80NSSC24FA414,FOUR LLC,87933.67,2024-03-25,"THIS TASK ORDER IS TO PURCHASE SPLUNK BASIC SUBSCRIPTION RENEWAL FOR KSC PER QUOTE# 1218383002 DATED, 03/21/2024.  PERIOD OF PERFORMANCE IS 12 MOTHS FROM DATE OF AWARD."
80NSSC24FA416,REGENCY CONSULTING INC,37338.56,2024-03-26,SCHNEIDER SPC UPS TOWERS AND NETWORK CARDS
80NSSC24FA417,"NEW TECH SOLUTIONS, INC.",20648.0,2024-03-22,DELL MONITERS
80NSSC24FA418,"REDHAWK IT SOLUTIONS, LLC",22790.02,2024-03-25,DILIGENT ACL ANALYTICS AND DIRECT LINK ADD-ON
80NSSC24FA419,IMMIXTECHNOLOGY INC,384367.97,2024-03-28,THIS DELIVERY ORDER IS FOR SIMULIA ABAQUS SUBSCRIPTION AND MAINTENANCE RENEWALS PER THE ATTACHED QUOTE # QUO-1445314-H9C1N9 DATED 03/26/2024. THE PERIOD OF PERFORMANCE IS 04/01/2024 THROUGH 03/31/2025.
80NSSC24FA420,"ADVANCED COMPUTER CONCEPTS, INC.",20088.56,2024-03-22,FY24 ANACONDA BUSINESS AND SUPPORT
80NSSC24FA421,"DH TECHNOLOGIES, INC.",11095.3,2024-03-25,ATLASSIAN MARKETPLACE SOFTWARE PLUGINS RENEWAL/PURCHASE
80NSSC24FA422,"ADVANCED COMPUTER CONCEPTS, INC.",46433.4,2024-03-25,THIS TASK ORDER IS TO PURCHASE INTEL ONEAPI BASE AND HPC TOOLKIT PER QUOTE # 1153372-4 DATED 03/22/2024.  THE PERIOD OF PERFORMANCE IS 04/10/2024 THROUGH 04/10/2025.
80NSSC24FA423,"LPKF DISTRIBUTION, INC.",46320.38,2024-03-26,OT : ADVANCED MECHANICAL MILLING SYSTEM TO PRODUCE PROTOTYPE PCB'S
80NSSC24FA425,"COMPUTECH INTERNATIONAL, INC.",8002.24,2024-03-25,TOSHIBA MG07ACA12TE INTERNAL HDD
80NSSC24FA428,"MINBURN TECHNOLOGY GROUP, LLC",64089.16,2024-03-28,"THIS TASK ORDER IS TO PURCHASE MICROSOFT EA AGREEMENT PER QUOTE# MTG-NASA-MIC-04800, DATED 02/27/2024.  PERIOD OF PERFORMANCE 04/01/2024 - 03/31/2025."
80NSSC24FA429,"ADVANCED COMPUTER CONCEPTS, INC.",26244.75,2024-03-26,DAQ SYSTEM FOR THE TILT WING TEST RIG
80NSSC24FA430,"NEW TECH SOLUTIONS, INC.",31912.6,2024-03-27,UBUNTU PRO DESKTOP & PRO
80NSSC24FA431,ANSYS INC,44508.09,2024-03-28,"THIS TASK ORDER IS TO PURCHASE A ANSYS STK PRO SOFTWARE RENEWAL FOR GRC PER QUOTE# 1-OKYLOH, DATED 03/06/2024.  PERIOD OF PERFORMANCE 04/01/2024 - 03/31/2025."
80NSSC24FA432,"FOUR POINTS TECHNOLOGY, L.L.C.",149907.89,2024-03-27,FY24 TRUESIGHT/ BMC CONTINUOUS SUPPORT RENEWAL
80NSSC24FA433,METGREEN SOLUTIONS INC,62430.0,2024-03-26,VERITAS NETBACKUP ENTERPRISE XPLAT
80NSSC24FA434,"REDHAWK IT SOLUTIONS, LLC",111277.58,2024-03-27,SAP SUCCESS FACTORS ICAM EXTENSION FY24 RENEWAL POP: 04/01/24 - 03/31/25
80NSSC24FA435,"STAFFORD CONSULTING COMPANY, INC.",15257.0,2024-04-01,"THIS CONSTITUTES BPA CALL #2 PER THE ATTACHED PRICE QUOTE DATED 03/26/2024, FOR THE FOLLOWING VIRTUAL INSTRUCTOR-LED FAC-COR COURSE OFFERINGS."
80NSSC24FA436,REGAN TECHNOLOGIES CORP,27129.33,2024-04-02,"APPLECARE ENTERPRISE, APPLE MACBOOKS & DELL MONITOR"
80NSSC24FA437,"ENTERPRISE TECHNOLOGY SOLUTIONS, INC.",14298.9,2024-03-27,FEDRAMP DESIGN XM ENTERPRISE
80NSSC24FA438,"REDHAWK IT SOLUTIONS, LLC",12350.88,2024-03-27,UBUNTU PRO + INFRA SUPPORT & DESKTOP PRO + SUPPORT (24/7)
80NSSC24FA439,CYKOR LLC,165000.0,2024-03-27,OT : GITLAB RENEWAL
80NSSC24FA440,MATRIX SOLUTIONS INC,26589.55,2024-03-28,CUSTOMER SOFTWARE PROCUREMENT
80NSSC24FA441,ANSYS INC,78055.13,2024-03-28,"THIS TASK ORDER IS TO PURCHASE A ANSYS SOFTWARE RENEWAL FOR GRC PER QUOTE# 1-M6XPVE, DATED 02/08/2024.  PERIOD OF PERFORMANCE 05/01/2024 - 04/30/2025."
80NSSC24FA442,"4 STAR TECHNOLOGIES, INC.",68048.55,2024-04-01,FY24 FIREEYE AX DEVICES LICENSES AND ASSOCIATED SUPPORT RENEWAL
80NSSC24FA443,KPAUL PROPERTIES LLC,20611.4,2024-04-01,AEGIS APC SMART TOWER EQUIPMENT
80NSSC24FA444,"NATIONAL QUALITY ASSURANCE - U.S.A., INC.",16349.67,2024-03-28,THE PURPOSE OF THIS TASK ORDER IS TO PERFORM AN ISO 9001:2015 AND AN ISO 9100:2016 2ND SURVEILLANCE AUDIT AT AFRC'S NASA FACILITY.
80NSSC24FA445,ANSYS INC,18905.0,2024-03-28,THIS TASK ORDER IS FOR ANSYS STK PREMIUM SPACES - TECS FOR JSC PER QUOTE # 1-LJ7ELU DATED 02/23/2024. THE PERIOD OF COVERAGE IS 02/01/2024 TO DATE OF AWARD. THE PERIOD OF PERFORMANCE IS DATE OF AWARD TO 01/31/2025.
80NSSC24FA446,"TECHNICAL COMMUNITIES, INC.",27231.06,2024-03-28,FTIR INSTRUMENT AND SOFTWARE
80NSSC24FA447,"STRATEGY CONSULTING TEAM, LLC",236532.44,2024-04-15,TASK ORDER NUMBER 80NSSC24FA477 IS FOR THE 2024 SUPERVISORY INTENSIVE LEADERSHIP PROGRAM (SILP)
80NSSC24FA448,"FCN, INC.",14711.0,2024-03-28,RAID MAINTENANCE RENEWAL
80NSSC24FA450,"ADVANCED COMPUTER CONCEPTS, INC.",13487.16,2024-04-03,JOB ACCESS WITH SPEECH (JAWS) - SOFTWARE SERVICE
80NSSC24FA451,"NEW TECH SOLUTIONS, INC.",566357.84,2024-03-29,"THIS DELIVERY ORDER IS FOR THE RENEWAL OF SUBSCRIPTION AND SERVICES FOR SIEMENS SOFTWARE LICENSES PER THE ATTACHED QUOTE 24015100 DATED 03/22/2024.  THE PERIOD OF PERFORMANCE IS 04/01/2024 TO 03/31/2025. THE TOTAL OBLIGATED AMOUNT IS $566,357.84."
80NSSC24FA452,"DH TECHNOLOGIES, INC.",32196.77,2024-04-03,ATLASSIAN MARKETPLACE ADD-ONS FOR JIRA AND CONFLUENCE
80NSSC24FA453,"THUNDERCAT TECHNOLOGY, LLC",55215.72,2024-04-01,THIS DELIVERY ORDER IS FOR SERVICENOW FOR GSFC PER QUOTE EK089456 V1 DATED 03/06/2024.  THE PERIOD OF PERFORMANCE IS 04/20/2024 - 04/19/2025.
80NSSC24FA454,ANSYS INC,86491.1,2024-04-01,"THIS TASK ORDER IS TO PURCHASE A ANSYS SOFTWARE RENEWAL FOR GSFC PER QUOTE#1-M76SN6, DATED 01/11/2024.  PERIOD OF PERFORMANCE 05/01/2024 - 04/30/2025."
80NSSC24FA455,"NEW TECH SOLUTIONS, INC.",18009.26,2024-04-05,TIME CODE SWITCH
80NSSC24FA456,DISTRIBUTED TECHNOLOGY GROUP LLC,5758.15,2024-04-04,"THIS TASK ORDER IS TO PURCHASE MATHCAD PROFESSIONAL SUBSCRIPTION PER QUOTE# 1267001, DATED 03/28/2024.  PERIOD OF PERFORMANCE IS 05/01/2024 - 04/30/2025."
80NSSC24FA458,"NEW TECH SOLUTIONS, INC.",20634.94,2024-04-10,OT : DELL EMC RENEWAL
80NSSC24FA459,"THUNDERCAT TECHNOLOGY, LLC",238669.32,2024-04-02,"PURE STORAGE FLASHARRAY,  EVERGREEN FOUNDATION SUBSCRIPTION, AND INSTALLATION"
80NSSC24FA460,"COUNTERTRADE PRODUCTS, INC.",61255.1,2024-04-08,GITLAB ULTIMATE SELF-MANAGED QTY47 LICENSE RENEWAL 2024-2025 ELMT STANDALONE
80NSSC24FA461,"DH TECHNOLOGIES, INC.",118518.4,2024-04-05,"THIS TASK ORDER IS TO PURCHASE ATLASSIAN SOFTWARE SYSTEMS RENEWAL PER QUOTE# Q-00060565, DATED 03/07/2024.  PERIOD OF PERFORMANCE IS 12 MONTHS FROM DATE OF AWARD."
80NSSC24FA462,SOFTWARE INFORMATION RESOURCE CORP.,14586.22,2024-04-03,VIDYO HD-2C
80NSSC24FA463,"NEW TECH SOLUTIONS, INC.",14560.84,2024-04-02,SIMLABS CONCURRENT HARDWARE/SOFTWARE SUPPORT
80NSSC24FA464,G. C. MICRO CORPORATION,34650.0,2024-04-02,UNITY SOFTWARE RENEWAL
80NSSC24FA465,"STANDARD-BLAZAR, LLC",12499.35,2024-04-11,REPLACEMENT OF RACK MOUNT DATA STORAGE RAID THAT INCLUDES SYNOLOGY
80NSSC24FA467,FOUR LLC,55691.33,2024-04-04,"THIS TASK ORDER IS TO PURCHASE SPLUNK ENTERPRISE TERM LICENSE AND SUPPORT RENEWAL FOR GSFC PER QUOTE# 1218877001, DATED 03/11/2024.  PERIOD OF PERFORMANCE IS 04/29/2024 - 04/28/2025."
80NSSC24FA468,"COUNTERTRADE PRODUCTS, INC.",22247.54,2024-04-11,DELL POWEREDGE R760 RACK SERVER
80NSSC24FA469,RELX INC.,145788.0,2024-04-17,CALL 3 FOR LEXIS NEXIS OPTION YEAR TWO (2)
80NSSC24FA470,"THREE WIRE SYSTEMS, LLC",36996.64,2024-04-05,"DELL MONITORS, KEYBOARDS, MOUSE"
80NSSC24FA471,"FCN, INC.",15740.85,2024-04-08,THIS TASK ORDER IS TO PURCHASE A RED HAT ENTERPRISE LINUX SERVER RENEWAL PER QUOTE#PAWB03252024A DATED 03/25/2024.  PERIOD OF PERFORMANCE IS 04/08/2024 - 11/17/2024.
80NSSC24FA472,"THREE WIRE SYSTEMS, LLC",24277.3,2024-04-08,SOC DELL HW MAINTENANCE RENEWAL
80NSSC24FA473,"ADVANCED COMPUTER CONCEPTS, INC.",14709.0,2024-04-15,VEEAM SOFTWARE MAINTEANCE RENEWAL
80NSSC24FA474,KPAUL PROPERTIES LLC,5653.94,2024-04-08,DELL POWEREDGE R6515 RACK SERVER & ACCESSORIES
80NSSC24FA475,IMMIXTECHNOLOGY INC,64158.02,2024-04-11,SIMULIA ABAQUS SUBSCRIPTION LICENSE RENEWAL
80NSSC24FA476,"COUNTERTRADE PRODUCTS, INC.",26447.56,2024-04-08,DELL POWEREDGE R650 RACK SERVER
80NSSC24FA477,"IDEAL SYSTEM SOLUTIONS, INC.",20497.96,2024-04-29,"THIS DELIVERY ORDER IS TO PURCHASE AN NI MOBILE ACOUSTICS FACILITY PER QUOTE# ISSQ59478, DATED 04/15/2024."
80NSSC24FA478,IMMIXTECHNOLOGY INC,22811.54,2024-04-10,RENEW SIMUFACT/ETD
80NSSC24FA479,COLOSSAL CONTRACTING LLC,36924.0,2024-04-09,"THIS TASK ORDER IS TO PURCHASE WOLFRAM MATHEMATICA RENEWAL PER QUOTE# Q-50350, DATED 03/22/2024.  PERIOD OF PERFORMANCE IS 04/01/2024 - 03/31/2025."
80NSSC24FA480,"BRYCE SPACE AND TECHNOLOGY, LLC",3019650.7,2024-05-23,ESIP MULTIPLE AWARD BPAS CALL ORDER 11 FOR SMALL SPACECRAFT TECHNOLOGY (SST) PROGRAM OFFICE AND ENGINEERING SUPPORT
80NSSC24FA482,"FOUR POINTS TECHNOLOGY, L.L.C.",84366.05,2024-04-22,OT : FORTINET AND CISCO SOFTWARE LICENSES
80NSSC24FA483,"NEW TECH SOLUTIONS, INC.",37608.22,2024-04-30,OT ARCHIBUS PREMIUM SUPPORT RENEWAL
80NSSC24FA484,"BRYCE SPACE AND TECHNOLOGY, LLC",527060.44,2024-04-11,ESIP MULTIPLE AWARD BPAS CALL ORDER 12 FOR TECHNOLOGY TRANSFER PROGRAM
80NSSC24FA485,"NEW TECH SOLUTIONS, INC.",18841.68,2024-04-10,ATA SOFTWARE SUITE TOKENS RENEWAL
80NSSC24FA486,"NEW TECH SOLUTIONS, INC.",14992.27,2024-04-12,(13: HP ELITEBOOK 840
80NSSC24FA487,METGREEN SOLUTIONS INC,60403.0,2024-04-12,COMMVAULT SOFTWARE PREMIER SUPPORT RENEWAL
80NSSC24FA488,"NEW TECH SOLUTIONS, INC.",32592.6,2024-04-11,SERVERS FOR SDR AEROSPACE COMMUNICATIONS RESEARCH- ONLOGIC AXIAL AC101 RACKMOUNT EDGE SERVE
80NSSC24FA489,TEVET LLC,38251.69,2024-04-11,DIGITAL MICROSCOPE   CONTROLLER FOR VHX-970F SERIES AND ACCESSORIES
80NSSC24FA490,AI SOLUTIONS INC,230650.0,2024-04-15,FREE FLYER SOFTWARE RENEWAL
80NSSC24FA491,"LYME COMPUTER SYSTEMS, INC.",8533.68,2024-04-11,"THIS TASK ORDER IS TO PURCHASE SOLIDWORKS SUBSCRIPTION SERVICES RENEWAL PER QUOTE# 237754-SG, DATED 03/13/2024.  PERIOD OF PERFORMANCE IS 06/01/2024 - 05/31/2025."
80NSSC24FA492,"ABBA TECHNOLOGIES, INC.",15777.12,2024-04-22,OT : CHECK POINT SOFTWARE
80NSSC24FA493,SOFTWARE INFORMATION RESOURCE CORP.,58218.0,2024-04-26,OT  ZENOSS SERVICE DYNAMICS UPGRADE TO PREMIUM SUPPORT
80NSSC24FA494,"TECHNICAL COMMUNITIES, INC.",35011.2,2024-04-16,YOKOGAWA DL950 SCOPECORDER
80NSSC24FA495,ANSYS INC,43816.78,2024-04-12,"THIS TASK ORDER IS TO PURCHASE A ANSYS GRANTA ADVANCED MATERIALS RENEWAL FOR GRC PER QUOTE#1- LWZWE5, DATED 02/13/2024.  PERIOD OF PERFORMANCE 04/12/2024 - 04/11/2025."
80NSSC24FA496,VANA SOLUTIONS LLC,100064.0,2024-05-15,VANA IDIQ
80NSSC24FA499,"REDHAWK IT SOLUTIONS, LLC",11578.0,2024-04-16,JAMF SOFTWARE SUPPORT RENEWAL POP: POP: 05/17/24 - 05/16/2025 ELMT STANDALONE
80NSSC24FA500,"ENTERPRISE TECHNOLOGY SOLUTIONS, INC.",20813.01,2024-04-16,MAINTENANCE RENEWAL FOR 12 POWER DISTRIBUTION UNITS
80NSSC24FA501,FOUR LLC,55785.46,2024-04-15,FY24 IVANTI MAINTENANCE RENEWAL
80NSSC24FA502,"ALLIANCE TECHNOLOGY GROUP, LLC",48592.41,2024-05-01,OT : FORTINET/FORTIGATE 900D 3YR UTP LICENSE AND SUPPORT
80NSSC24FA503,"COUNTERTRADE PRODUCTS, INC.",190974.9,2024-05-01,OT : 10 POWEREDGE R7615 SERVER
80NSSC24FA504,DISTRIBUTED TECHNOLOGY GROUP LLC,91391.93,2024-04-23,FY24 OPENTEXT MAINTENANCE RENEWAL POP: 05/01/2024 -04/30/2025.
80NSSC24FA505,"GOVPLACE, LLC",19640.57,2024-04-17,"APPLE MACBOOKS, APPLECARE, DELL MONITORS, AND ACCESSORIES"
80NSSC24FA506,"V3GATE, LLC",92897.7,2024-04-19,IBM POWER S1022S
80NSSC24FA507,"FOUR POINTS TECHNOLOGY, L.L.C.",53262.3,2024-04-18,FY24 OVERLEAF RENEWAL
80NSSC24FA508,"UNICOM GOVERNMENT, INC.",175901.2,2024-05-16,FVTS-RDT TECH REFRESH
80NSSC24FA509,"V3GATE, LLC",70142.69,2024-04-19,SRT-11077 - IPF - RENEWAL - SPECTRA LOGIC MAINTENANCE AND SUPPORT
80NSSC24FA510,"ADVANCED COMPUTER CONCEPTS, INC.",37872.62,2024-04-19,THIS TASK ORDER IS TO PURCHASE INTEL ONEAPI BASE & HPC TOOLKIT (MULTI-NODE) - 2 CONCURRENT USER COMMERCIAL (SSR PRE-EXPIRY)
80NSSC24FA511,DYNAMIC SYSTEMS INC,33194.15,2024-04-18,"ORACLE HARDWARE, SOFTWARE ANNUAL SUPPORT RENEWAL"
80NSSC24FA512,DELL FEDERAL SYSTEMS L.P,25775.79,2024-04-18,DELL POWEREDGE MAINTENANCE RENEWAL
80NSSC24FA513,"STANDARD-BLAZAR, LLC",174688.83,2024-04-19,DELL POWEREDGE R660 SERVERS
80NSSC24FA514,"MINBURN TECHNOLOGY GROUP, LLC",50422.08,2024-04-26,THIS TASK ORDER IS FOR THE RENEWAL OF MICROSOFT IDEAL FOR MSFC PER QUOTE MTG-NASA-MIC-04819 DATED 04/18/2024. THE PERIOD OF PERFORMANCE IS 05/01/2024 - 04/30/2025.
80AFRC24CA002,AVENGER AEROSPACE SOLUTIONS INC,4687521.43,2024-08-27,GULFSTREAM-IV NEXT GENERATION AIRBORNE SYNTHETIC APERTURE RADAR MODIFICATION
80AFRC24F0001,"GALACTIC ENTERPRISES, LLC",262922.2,2023-10-30,"T0293 EVALUATION OF COMPUTED AXIAL LITHOGRAPHY FOR RAPID, VOLUMETRIC ADDITIVE MANUFACTURING UNDER LOW-GRAVITY CONDITIONS (COMPUTED AXIAL LITHOGRAPHY)"
80AFRC24F0003,"BLUE ORIGIN TEXAS, LLC",466648.0,2023-11-07,SUBORBITAL CREW SUBC) SAFETY AND QUALITY DATA REVIEW
80AFRC24F0005,INTEGRATION INNOVATION INC,7139553.89,2023-12-20,THE CONTRACTOR SHALL SUPPORT THE FLIGHT CREW OPERATIONS OF ALL AIRCRAFT ASSIGNED TO NASA AFRC
80AFRC24F0007,"ANALYTICAL MECHANICS ASSOCIATES, INC.",5242023.38,2024-01-08,"ENGINEERING TECHNICAL SUPPORT SERVICES (ETSS) FOR FACILITIES ENGINEERING, MAINTENANCE AND OPERATIONS SUPPORT (FEMO)"
80AFRC24F0009,FLIGHTSAFETY INTERNATIONAL INC,3585.0,2024-01-18,PILOT FLIGHT SIMULATOR TRAINING
80AFRC24F0010,WORLD VIEW ENTERPRISES INC,487200.0,2024-01-30,TECHRISE4 STUDENT CHALLENGE FLIGHTS FY2024-2025
80AFRC24F0023,THE AEROSPACE CORPORATION,660554.68,2024-04-30,"NASA ARMSTRONGS SPECIALIZED ENGINEERING, EVALUATION AND TEST SERVICES TASK ORDER."
80AFRC24F0026,"ANALYTICAL MECHANICS ASSOCIATES, INC.",632067.23,2024-07-31,MISSION OPERATIONS SUPPORT UNDER ENGINEERING TECHNICAL SUPPORT SERVICES (ETSS)
80AFRC24F0027,"ANALYTICAL MECHANICS ASSOCIATES, INC.",3518298.0,2024-07-31,SAFETY AND MISSION ASSURANCE UNDER ENGINEERING TECHNICAL SUPPORT SERVICES (ETSS)
80AFRC24F0030,"NEW HORIZONS AERONAUTICS, LLC",13703652.6,2024-07-31,RESEARCH ENGINEERING AND FLIGHT OPERATIONS UNDER ENGINEERING TECHNICAL SUPPORT SERVICES (ETSS)
80AFRC24F0031,FLIGHTSAFETY INTERNATIONAL INC,13470.0,2024-08-19,PILOT FLIGHT SIMULATOR TRAINING
80AFRC24F0033,"ANNA LISA LUNA CONSTRUCTION, INC.",1591170.87,2024-09-25,B4840 MINOR CONSTRUCTION
80AFRC24F0034,"ANNA LISA LUNA CONSTRUCTION, INC.",613822.76,2024-09-25,HANGAR WORKSTATION AND MEZZANINE RENOVATION
80AFRC24FA002,"CHENEGA GLOBAL PROTECTION, LLC",2022474.96,2023-10-26,AFRC PROTECTIVE SERVICES
80AFRC24FA003,"DESSER HOLDING COMPANY, LLC",20428.57,2023-12-14,WHEEL/NOSE ASSEMBLY OVERHAUL C-20
80AFRC24FA004,ASTROBOTIC TECHNOLOGY INC,787081.0,2023-10-23,FLIGHT TESTING AND MATURATION OF THE TOUCHAND- GO (TAG) GUIDANCE SYSTEM (TGS) FOR SMALL-BODY AND INTERPLANETARY SAMPLE COLLECTION
80AFRC24FA005,J G CONTRACTING,58133.04,2023-11-20,DEMOLITION AND CONSTRUCTION SERVICES B4800 ROOM 2015 CHIEF COUNCIL
80AFRC24FA007,SNA SOFTWARE LLC,898728.12,2023-12-07,"EPFD DATA ANALYSIS SUPPORT WITH PROTEUS, ENVISION, AND RISKY PROJECT."
80AFRC24FA008,J G CONTRACTING,232577.18,2023-12-21,ER2 MISSION RELOCATION FROM B703 PALMDALE TO AFRC EAFB
80AFRC24FA009,BLACK GOLD INDUSTRIES,22231.38,2023-12-21,HAZARDOUS WASTE DISPOSAL FROM MAIN CAMPUS AND B703
80AFRC24FA012,ASTRO DIGITAL US INC,5562975.0,2024-03-15,MINIMUM GUARANTEED
80AFRC24FA013,"CHENEGA GLOBAL PROTECTION, LLC",4671696.38,2024-02-29,AFRC PROTECTIVE SERVICES
80AFRC24FA015,NEAR SPACE CORP,25000.0,2024-03-15,MINIMUM GUARANTEED
80AFRC24FA016,"AEROSTAR INTERNATIONAL, LLC",170308.0,2024-03-15,MINIMUM GUARANTEED
80AFRC24FA017,ANGSTROM DESIGNS INC,25000.0,2024-03-15,UNIQUE VEHICLE CAPABILITY ASSESSMENT AND FUTURE SPACE TECHNOLOGY INTEGRATION STUDY DEMONSTRATING ALIGNMENT WITH FLIGHT OPPORTUNITIES PROGRAM OBJECTIVES AND GOALS. INCLUDES PAYLOAD SUITABILITY AND THE END-TO-END PAYLOAD INTEGRATION PROCESS.
80AFRC24FA018,"VARDA SPACE INDUSTRIES, INC.",25000.0,2024-03-15,MINIMUM GUARANTEED
80AFRC24FA019,WORLD VIEW ENTERPRISES INC,722650.0,2024-03-15,FLIGHT AND PAYLOAD INTEGRATION SERVICES GAMMA-RAY AND ANTIMATTER SURVEY (GRAMS) PAYLOAD UNDER PROFILE 2: EXPOSURE TO HIGH-ALTITUDE AND LONG-DURATION FLIGHT.
80AFRC24FA020,SPACE EXPLORATION TECHNOLOGIES CORP.,25000.0,2024-04-03,MINIMUM GUARANTEED
80AFRC24FA021,MOMENTUS SPACE LLC,340891.0,2024-03-15,MINIMUM GUARANTEED
80AFRC24FA022,"SPIRE GLOBAL SUBSIDIARY, INC.",25000.0,2024-03-15,MINIMUM GUARANTEED
80AFRC24FA023,"LOFT ORBITAL FEDERAL, LLC",1486000.0,2024-03-15,MINIMUM GUARANTEED
80AFRC24FA024,ASTROBOTIC TECHNOLOGY INC,25000.0,2024-03-15,MINIMUM GUARANTEED
80AFRC24FA025,"GALACTIC ENTERPRISES, LLC",700610.0,2024-04-09,MINIMUM GUARANTEED
80AFRC24FA026,"TYVAK NANO-SATELLITE SYSTEMS, INC.",25000.0,2024-05-15,MINIMUM GUARANTEED
80AFRC24FA027,ROCKET LAB USA INC,25000.0,2024-04-25,MINIMUM GUARANTEED
80AFRC24FA029,ZERO GRAVITY CORPORATION,49411.42,2024-05-06,NASA SPACE TECHNOLOGY MISSION DIRECTORATE FLIGHT OPPORTUNITIES PROGRAM MISSION REQUIREMENT T0372 - SPACE ENABLED ADVANCED DEVICES AND SEMICONDUCTORS (SEADS) PARABOLIC RE-FLIGHT CAMPAIGN.
80AFRC24FA031,BLACK GOLD INDUSTRIES,36335.08,2024-03-19,HAZARDOUS WASTE DISPOSAL FROM MAIN CAMPUS AND B703
80AFRC24FA032,"PRIME RESPONSE, INC.",10561396.29,2024-03-28,LOGISTICS MANAGEMENT SUPPORT SERVICES
80AFRC24FA033,"SEVENTH SENSE, LLC",720007.86,2024-03-29,AGENCY-WIDE ACQUISITION (AWASS) 2.0 BLANKET PURCHASE AGREEMENT (BPA)
80AFRC24FA035,PCI PRODUCTIONS LLC,7666376.63,2024-04-30,"CONTRACTOR SHALL PROVIDE HIGH QUALITY ADMINISTRATIVE SUPPORT SERVICES TO ARMSTRONG FLIGHT RESEARCH CENTER AND B703 IN SUPPORT OF TECH PUBS OFFICE, OFFICE OF INTERNAL CONTROL MANAGEMENT SYSTEMS AND CENTER WIDE ADMIN AND BUSYNESS SYSTEMS SUPPORT."
80AFRC24FA036,"DESSER HOLDING COMPANY, LLC",5734.5,2024-04-29,WHEEL/NOSE ASSEMBLY OVERHAUL ER-2
80AFRC24FA038,J G CONTRACTING,335995.77,2024-05-03,B703 FURNITURE REMOVAL
80AFRC24FA039,"DESSER HOLDING COMPANY, LLC",550.0,2024-05-14,WHEEL/NOSE ASSEMBLY OVERHAUL ER-2
80AFRC24FA040,"GALACTIC ENTERPRISES, LLC",13160.0,2024-06-04,SUBC UNITY REVIEW
80AFRC24FA041,ZERO GRAVITY CORPORATION,24706.0,2024-07-10,T0350 NASA ODME ADVANCED TOOLPLATE
80AFRC24FA042,"DESSER HOLDING COMPANY, LLC",2696.0,2024-06-06,WHEEL/NOSE ASSEMBLY OVERHAUL - KING AIR
80AFRC24FA043,"DESSER HOLDING COMPANY, LLC",2983.0,2024-06-13,AOG WHEEL ASSEMBLY OVERHAUL FOR C20
80AFRC24FA051,BLACK GOLD INDUSTRIES,16183.04,2024-07-10,HAZARDOUS WASTE DISPOSAL FROM MAIN CAMPUS AND B703
80AFRC24FA058,"DESSER HOLDING COMPANY, LLC",1136.0,2024-08-01,WHEEL ASSEMBLY OVERHAUL FOR KING AIR
80AFRC24FA060,FUENTEK LLC,22400.0,2024-08-15,THE CONTRACTOR SHALL PROVIDE PROVIDE TECHNICAL EDITOR SERVICE IN SUPPORT OF THE 2025 SBIR/STTR SOLICITATION DEVELOPMENT (SOLDEV) PROCESS.
80AFRC24FA061,J G CONTRACTING,195932.4,2024-08-19,REPAIR UNDERGROUND COMMUNICATION VAULTS
80AFRC24FA062,"DESSER HOLDING COMPANY, LLC",0.0,2024-08-28,WHEEL ASSEMBLY OVERHAUL FOR KING AIR
80AFRC24FA063,"DESSER HOLDING COMPANY, LLC",10536.3,2024-08-30,WHEEL ASSEMBLY OVERHAUL FOR GLOBAL HAWK
80AFRC24FA064,FUENTEK LLC,133440.0,2024-09-09,"THE CONTRACTOR WILL ADVISE NASAS TECHNOLOGY STRATEGY, PROVIDE INSIGHT INTO NASAS OVERALL TECHNOLOGY DEVELOPMENT PORTFOLIO, ADVOCATE AND COMMUNICATE THE VALUE OF NASA TECHNOLOGY TO INTERNAL AND EXTERNAL STAKEHOLDERS."
80AFRC24FA065,BLACK GOLD INDUSTRIES,14618.58,2024-09-05,HAZARDOUS WASTE DISPOSAL FROM B703
80AFRC24FA066,FUENTEK LLC,18375.0,2024-09-09,"THE CONTRACTOR WILL ADVISE NASAS TECHNOLOGY STRATEGY, PROVIDE INSIGHT INTO NASAS OVERALL TECHNOLOGY DEVELOPMENT PORTFOLIO, ADVOCATE AND COMMUNICATE THE VALUE OF NASA TECHNOLOGY TO INTERNAL AND EXTERNAL STAKEHOLDERS."
80AFRC24FA068,"ATA ENGINEERING, INC.",38804.0,2024-09-16,GVT EQUIPMENT CALIBRATION SERVICES.
80AFRC24FA069,J G CONTRACTING,53004.12,2024-09-19,HIGH BAY RECEPTACLES AND DISCONNECTS
80AFRC24FA072,SCS INTEGRATED SUPPORT SOLUTIONS LLC,876754.88,2024-09-27,B4840 FURNITURE AND INSTALLATION SERVICES
80ARC024CA001,"VACUUM TECHNOLOGY ASSOCIATES, INC",475000.0,2023-12-07,"STRATOSPHERIC OBSERVATORY FOR INFRARED ASTRONOMY (SOFIA) MIRROR COATER AND GROUND SUPPORT EQUIPMENT FROM THE CURRENT SITE AT THE ARMSTRONG FLIGHT RESEARCH CENTER (AFRC) IN PALMDALE, CA, TO AMES RESEARCH CENTER (ARC), MOFFETT FIELD, CA."
80ARC024CA007,NORTHROP GRUMMAN SYSTEMS CORPORATION,87235504.05,2024-09-24,HELIOSWARM PROGRAM SUPPORT
80ARC024F0001,"METIS FLIGHT RESEARCH ASSOCIATES, LLC",472474.61,2023-12-01,"TECHNICAL SERVICES FOR AEROSPACE MODELING AND SIMULATION III, CONTRACT MANAGEMENT (CORE)"
80ARC024F0002,"METIS FLIGHT RESEARCH ASSOCIATES, LLC",2013541.55,2023-12-04,"TECHNICAL SERVICES FOR AEROSPACE MODELING AND SIMULATION III CONTRACT, TECHNICAL SERVICES, CORE"
80ARC024F0003,"METIS FLIGHT RESEARCH ASSOCIATES, LLC",15125822.51,2023-12-04,"TECHNICAL SERVICES FOR AEROSPACE MODELING AND SIMULATION III CONTRACT, TECHNICAL SERVICES (CORE"
80ARC024F0004,"METIS FLIGHT RESEARCH ASSOCIATES, LLC",1540960.94,2023-12-01,"TECHNICAL SERVICE FOR AEROSPACE MODELING AND SIMULATION III CONTRACT, SUBJECT MATTER RECRUITMENT (IDIQ)"
80ARC024F0006,FIBER MATERIALS INC.,252331.15,2023-11-06,THERMAL PROTECTION SYSTEMS (TPS) FOR SCIENCE MISSION DIRECTORATE (SMD) - SOW23 - FMDU1 SPECIMEN BLANKING
80ARC024F0011,"CENTRA TECHNOLOGY, INC",284155.06,2023-11-16,TASK ORDER 16 UNDER CONTRACT 80ARC020D0002 FOR PROGRAM AND PROJECT SUPPORT.
80ARC024F0013,"CENTRA TECHNOLOGY, INC",1199856.5,2023-11-16,TASK ORDER 15 UNDER CONTRACT 80ARC020D0002 FOR ON-SITE SYSTEM ADMINISTRATION
80ARC024F0014,THE AEROSPACE CORPORATION,23674.01,2024-04-11,THE CONTRACTOR SHALL PROVIDE ENGINEERING/SCIENTIFIC SERVICES TO SUPPORT THE NASA INNOVATIVE ADVANCED CONCEPTS PROJECT SELECTED UNDER NRA 80HQTR23NOA01 TO DEVELOP PERCHLORATE REDUCTION TECHNOLOGY TO PROVIDE WATER TO HUMANS IN A MARS MISSION.
80ARC024F0016,"BASTION TECHNOLOGIES, INC.",6353.0,2024-01-23,"HUMANSCALE ERGONOMIC TRAINING UPDATES FOR NASA, MANAGED BY NASA AMES RESEARCH CENTER."
80ARC024F0018,"THE URBAN COLLABORATIVE, LLC: MASTER PLANNING, URBAN DESIGN, AND ARCHITECTURE",967659.75,2024-02-16,CENTER MASTER PLANNING TASK FOR NASA AMES RESEARCH CENTER
80ARC024F0020,"KBR WYLE SERVICES, LLC",21319386.12,2024-04-19,COST-PLUS FIXED FEE (CPFF) IDIQ TASK ORDER UNDER INTELLIGENT SYSTEMS RESEARCH AND DEVELOPMENT SUPPORT-3 CONTRACT NO. 80ARC020D0010 TO PROVIDE TECHNICAL ADVANCEMENT TO SUPPORT THE INTELLIGENT SYSTEM DIVISION AT ARC.
80ARC024F0021,"KBR WYLE SERVICES, LLC",3539869.23,2024-04-19,COST-PLUS FIXED FEE (CPFF) TASK ORDER UNDER INTELLIGENT SYSTEMS RESEARCH AND DEVELOPMENT SUPPORT-3 CONTRACT NO. 80ARC020D0010 TO PROVIDE TECHNICAL ADVANCEMENT TO SUPPORT THE EXTERNAL DIVISIONS (OTHER THAN INTELLIGENT SYSTEM DIVISION) AT ARC.
80ARC024F0023,"INUTEQ, LLC",725123.0,2024-05-09,CORE MANAGEMENT SERVICES TASK ORDER UNDER THE NASA ADVANCED COMPUTING SERVICES (NACS) CONTRACT
80ARC024F0024,"INUTEQ, LLC",10046514.77,2024-05-09,CORE TECHNICAL SERVICES TASK ORDER UNDER NASA ADVANCED COMPUTING SERVICES (NACS) CONTRACT
80ARC024F0025,"INUTEQ, LLC",6785256.37,2024-06-25,IDIQ TECHNICAL SERVICES TASK ORDER UNDER NASA ADVANCED COMPUTING SERVICES (NACS) CONTRACT
80ARC024F0026,"INUTEQ, LLC",35612025.02,2024-05-09,IDIQ PROCUREMENT SERVICES TASK ORDER UNDER NASA ADVANCED COMPUTING SERVICES
80ARC024F0027,"BASTION TECHNOLOGIES, INC.",379133.6,2024-02-16,SYSTEM SAFETY AND MISSION ASSURANCE PROJECT SUPPORT FOR NASA AMES RESEARCH CENTER
80ARC024F0028,THE AEROSPACE CORPORATION,27013.83,2024-04-15,"THE CONTRACTOR SHALL PROVIDE ENGINEERING/SCIENTIFIC SERVICES TO INCLUDE LAB/CLEANROOM EXPERTISE, PLANETARY PROTECTION, CONTAMINATION/STERILITY CONTROL, INSTRUMENT INTEGRATION/TEST PLANNING, SYS ENG, SAFETY PLANNING, AND FACILITY ANALYSIS."
80ARC024F0029,"BASTION TECHNOLOGIES, INC.",155194.1,2024-02-14,EMPLOYEE ASSISTANCE PROGRAM SERVICES FOR NASA AMES RESEARCH CENTER.
80ARC024F0031,"BASTION TECHNOLOGIES, INC.",1408201.49,2024-02-20,SYSTEM SAFETY AND MISSION ASSURANCE SUPPORT FOR NASA AMES RESEARCH CENTER
80ARC024F0035,"BASTION TECHNOLOGIES, INC.",119315.55,2024-03-10,ODC PURCHASES FOR SAFETY AND MISSION ASSURANCE AT NASA AMES RESEARCH CENTER
80ARC024F0041,"CENTRA TECHNOLOGY, INC",452365.71,2024-03-15,TASK ORDER 17 UNDER CONTRACT 80ARC020D0002 FOR ISSO SERVICES
80ARC024F0042,THE AEROSPACE CORPORATION,100698.18,2024-09-10,"THE CONTRACTOR SHALL PROVIDE SPECIALIZED ENGINEERING SERVICES TO INCLUDE CONTAMINATION CONTROL EXPERTISE AND TECHNICAL SUPPORT ON PLANS, PROCESSES, PROCEDURES, PRACTICES, AND METHODOLOGIES AS REQUIRED IN THE INTEGRATION AND TEST PHASE."
80ARC024F0043,FIBER MATERIALS INC.,83701.82,2024-05-08,THERMAL PROTECTION SYSTEMS (TPS) FOR SCIENCE MISSION DIRECTORATE (SMD) MISSION- SOW 24 STORAGE OF MATERIALS FOR MARS SAMPLE RETURN 80ARC024F0043
80ARC024F0045,SEA PAC ENGINEERING INC,606526.0,2024-04-30,N212 ARMY MACHINE SHOP RELOCATION
80ARC024F0046,THE AEROSPACE CORPORATION,149533.33,2024-08-15,"THE CONTRACTOR SHALL PROVIDE SPEC ENG SERVICES TO STUDY THE EFFECTIVENESS OF ADVANCED AEROSPACE MANUF TECHNOLOGIES TO REDUCE COST OF THE SPINSAT PLATFORM AND TO EVALUATE THE IMPACTS OF TECHNOLOGIES ON THE PLATFORM DESIGN, MISSION PERFORMANCE, COST."
80ARC024F0047,THE AEROSPACE CORPORATION,151380.01,2024-08-14,"CONTRACTOR SHALL PROVIDE SPEC ENG FOR A DESIGN STUDY OF EXPERMNTL MODULES WITH ABILITY TO CONTROL/MEASURE THE RADIATION EXPOSURE ENVIRNMNT OF RESIDENT EXPERIMENTS AND EVALUATE IMPACTS OF DESIGN CONCEPTS ON PLATFORM DESIGN,MISSION PERFORMANCE,COST."
80ARC024F0050,THE AEROSPACE CORPORATION,510493.27,2024-08-21,"THE CONTRACTOR SHALL PROVIDE SPECIALIZED ENGINEERING SERVICES FOR THE HELIOSWARM FLIGHT MISSION TO INCLUDE REQUIREMENTS DEFINITION, CONTAMINATION PLANNING FOR THE SCIENCE INSTRUMENTS AND SPACECRAFT, RF SPECTRUM PLANNING, AND ANALYSIS SUPPORT."
80ARC024F0051,PATRIOT CONSTRUCTION INC,439000.0,2024-06-13,N252 NATURAL GAS DISTRIBUTION MODIFICATION
80ARC024F0054,LEAD BUILDERS INC,794944.2,2024-06-25,"N204A WINDOWS REPLACEMENT, REDUCE SEISMIC RISK TO BUILDINGS N204A N206A N239"
80ARC024F0055,THE AEROSPACE CORPORATION,599275.42,2024-08-22,"THE CONTRACTOR SHALL PROVIDE SPECIALIZED ENG SERVICES TO INCLUDE TRADE STUDIES, DESIGN, AND SYSTEMS ENG SUPPORT FOR THE SPINSAT SPACECRAFT TO MATURE THE DEVELOPMENT OF THIS EXPERIMENTAL PLATFORM TOWARDS A POINT DESIGN LEVEL OF MATURITY."
80ARC024F0057,THE AEROSPACE CORPORATION,310661.23,2024-09-23,THE CONTRACTOR SHALL PROVIDE ENGINEERING/SCIENTIFIC SERVICES IN SUPPORT OF SPECTRUM MANAGEMENT AND GLOBAL POSITIONING SYSTEM/POSITION NAVIGATION AND TIMING (GPS/PNT) PROJECTS.
80ARC024F0058,IRONWOOD COMMERCIAL BUILDERS INC,3112276.3,2024-08-15,N226 ABOVE GROUND FUEL AND WASH STATION
80ARC024F0059,IRONWOOD COMMERCIAL BUILDERS INC,696881.0,2024-08-27,"REDUCE ELECTRICAL ARC FLASH RISK TO PERSONNEL, PHASE 1 OF 4-OPTION 3"
80ARC024F0060,FLIGHTSAFETY INTERNATIONAL INC,11592.0,2024-09-03,PILOT TRAINING SIM TIME
80ARC024F0066,SEA PAC ENGINEERING INC,1265000.0,2024-09-18,N200 ELEVATOR REPLACEMENT
80ARC024F0067,LEAD BUILDERS INC,2798671.0,2024-09-18,REPLACE PERIMETER SECURITY FENCE
80ARC024FA001,"CHENEGA GLOBAL PROTECTION, LLC",96602.88,2023-10-27,NASA PROTECTIVE SERVICES CONTRACT - AMES TASK ORDER
80ARC024FA002,"CHENEGA GLOBAL PROTECTION, LLC",101725.76,2023-12-19,NASA PROTECTIVE SERVICES CONTRACT - AMES TASK ORDER
80ARC024FA003,"CHENEGA GLOBAL PROTECTION, LLC",1372.2,2024-01-10,NASA PROTECTIVE SERVICES CONTRACT - AMES TASK ORDER
80ARC024FA004,SCIENCE & TECHNOLOGY CORPORATION,1008598.4,2023-12-01,INFORMATION TECHNOLOGY FOR AEROSPACE ANALYSIS AND DESIGN (TASK 2)
80ARC024FA005,SCIENCE & TECHNOLOGY CORPORATION,2309787.56,2023-12-01,ROTORCRAFT AEROMECHANICS ANALYSIS AND CONCEPTUAL DESIGN (TASK 3)
80ARC024FA006,SCIENCE & TECHNOLOGY CORPORATION,3996546.0,2023-12-01,COMPUTATIONAL AEROSCIENCES AND PHYSICS SUPPORT (TASK 4)
80ARC024FA007,SCIENCE & TECHNOLOGY CORPORATION,1212358.58,2023-12-01,ROTORCRAFT AEROMECHANICS RESEARCH DEVELOPMENT (TASK 5)
80ARC024FA008,SCIENCE & TECHNOLOGY CORPORATION,64984.66,2023-12-01,MODELING TO CONDUCT RESEARCH IN UPPER TROPOSPHERE / LOWER STRATOSPHERE (UTLS) SCIENCE (TASK 6)
80ARC024FA009,SCIENCE & TECHNOLOGY CORPORATION,174038.45,2023-12-01,PHYSICS-BASED MODELING AND SIMULATION (M&S) OF POTENTIAL SPACECRAFT AND MISSION SCENARIOS FOR INNOVATIVE SPACE COMMERCIALIZATION  (TASK 7)
80ARC024FA010,SCIENCE & TECHNOLOGY CORPORATION,559392.6,2023-12-01,AF AVIATION SYSTEMS SUPPORT (TASK 9)
80ARC024FA012,SCIENCE & TECHNOLOGY CORPORATION,1766470.75,2023-12-01,ADVANCED AIR MOBILITY (TASK 13)
80ARC024FA015,"KRATOS SRE, INC.",194415.83,2023-12-05,"BPA CALL #4 UNDER BPA 80ARC023AA001, MATERIAL PROPERTY TESTING OF THERMAL PROTECTION SYSTEMS FOR SCIENCE MISSION DIRECTORATE MISSION"
80ARC024FA017,"CHENEGA GLOBAL PROTECTION, LLC",5671.76,2024-04-12,NASA PROTECTIVE SERVICES CONTRACT - AMES TASK ORDER
80ARC024FA018,"CHENEGA GLOBAL PROTECTION, LLC",1097.76,2024-04-15,NASA PROTECTIVE SERVICES CONTRACT - AMES TASK ORDER
80ARC024FA019,"CHENEGA GLOBAL PROTECTION, LLC",1097.76,2024-04-16,NASA PROTECTIVE SERVICES CONTRACT - AMES TASK ORDER
80ARC024FA020,"CHENEGA GLOBAL PROTECTION, LLC",2195.52,2024-04-17,NASA PROTECTIVE SERVICES CONTRACT - AMES TASK ORDER
80ARC024FA021,SRC INC,85585.25,2024-07-23,CURRENT STATUS OF THE LSTAR IS THAT TROUBLESHOOTING AND REPAIRS ARE NEEDED. THE CONTRACTOR SHALL ASSESS REPAIR NEEDS OF THE LARC LSTAR AND PROVIDE A PROPOSAL FOR REPAIRS.
80ARC024FA022,"TUNISTA LOGISTICS SOLUTIONS, LLC",533770.24,2024-05-15,LOGISTICS SUPPORT SERIVCES (LSS) - SOFIA PROJECT CLOSE OUT LOGISTICS TEAM.
80ARC024FA023,"TUNISTA LOGISTICS SOLUTIONS, LLC",176386.38,2024-05-22,LOGISTICS SUPPORT SERVICES - TASK ORDER
80ARC024FA024,"AMENTUM TECHNOLOGY, INC.",19857882.44,2024-05-31,"AEROSPACE TESTING AND FACILITES OPERATION AND MAINTENANCE (ATOM-5)    - TASK IS TO PROVIDE SUPPORT FOR TEST PLANNING, TEST PREPARATION, TEST OPERATION, POST-TEST ACTIVITIES, FACILITY OPERATION, SYSTEMS."
80ARC024FA027,"AIR PRODUCTS AND CHEMICALS, INC",79901.72,2024-07-03,BULK LIQUID NITROGEN KENNEDY SPACE CENTER BASE CONTRACT 80KSC024DA013   CLIN 001 NASA AMES RESEARCH CENTER TASK ORDER
80ARC024FA030,PCI PRODUCTIONS LLC,3642325.31,2024-08-20,CONTRACTOR SHALL PROVIDE HIGH QUALITY ADMINISTRATIVE SUPPORT SERVICES TO ARMSTRONG FLIGHT RESEARCH CENTER AND AMES RESEARCH CENTER IN SUPPORT OF CENTER WIDE ADMINISTRATIVE AND BUSINESS SYSTEMS SUPPORT.
80ARC024FA032,SRC INC,60000.0,2024-08-29,LSTAR RADAR SYSTEM GPS SOFTWARE UPDATE
80ARC024FA034,"CHENEGA GLOBAL PROTECTION, LLC",548.88,2024-08-29,NASA PROTECTIVE SERVICES - AMES TASK ORDER
80ARC024FA035,"CHENEGA GLOBAL PROTECTION, LLC",343349.0,2024-09-25,NASA FIRE SERVICES CONTRACT (NFSC) AMES TASK ORDER
80ARC024FA036,"CHENEGA GLOBAL PROTECTION, LLC",9719651.0,2024-09-25,NASA FIRE SERVICES CONTRACT (NFSC) AMES TASK ORDER
80ARC024FA037,"CHENEGA GLOBAL PROTECTION, LLC",7262799.0,2024-09-25,NASA FIRE SERVICES CONTRACT (NFSC) AMES TASK ORDER
80ARC024FA038,"CHENEGA GLOBAL PROTECTION, LLC",13271628.0,2024-09-25,NASA PROTECTIVE SERVICES CONTRACT AMES TASK ORDER
80ARC024PW001,SANCHEZ CONSTRUCTION SERVICES,19797.09,2023-10-11,REPLACE POOL PUMP AND REPLACE LEAKS AT POOL- M109 BUILDING
80ARC024PW002,"CUBIC TRANSPORTATION SYSTEMS, INC.",10295.6,2023-11-13,CLIPPER CARD TRANSPORTATION SERVICES FOR ARC
80ARC024PW003,"CUBIC TRANSPORTATION SYSTEMS, INC.",11332.2,2024-01-11,CLIPPER CARD TRANSPORTATION SERVICES FOR ARC
80GRC024CA001,GENERAL ELECTRIC COMPANY,39434545.63,2023-12-14,HYTEC PHASE 2
80GRC024CA002,GEORGIA TECH RESEARCH CORP,500000.0,2023-10-16,NASA MODEL-BASED SYSTEMS ANALYSIS AND ENGINEERING (MBSA&E) FOR THE SUSTAINABLE FLIGHT NATIONAL PARTNERSHIP (SFNP) PHASE 1 NASA RESEARCH ANNOUNCEMENT AWARD
80GRC024CA003,BRAYTON ENERGY LLC,1000000.0,2023-10-06,FISSION SURFACE POWER ADVANCED CLOSED BRAYTON CONVERTOR (FSP-ACBC) SYSTEM NRA AWARD
80GRC024CA004,ROLLS-ROYCE NORTH AMERICAN TECHNOLOGIES INC,998899.0,2023-10-06,FISSION SURFACE POWER ADVANCED CLOSED BRAYTON CONVERTOR (FSP-ACBC) SYSTEM NRA AWARD
80GRC024CA005,GENERAL ELECTRIC COMPANY,900000.0,2023-12-27,FISSION SURFACE POWER ADVANCED CLOSED BRAYTON CONVERTOR (FSP-ACBC) SYSTEM NRA AWARD
80GRC024CA006,NORTHROP GRUMMAN SYSTEMS CORPORATION,319828.0,2023-10-31,MBSAE AWARD
80GRC024CA008,CASE WESTERN RESERVE UNIVERSITY,33269.0,2023-10-17,CENTRIFUGAL ACCELERATION TESTING - NASA GRC IS PURSUING THE DEVELOPMENT OF DYNAMIC CONVERSION TECHNOLOGIES TO SUPPORT SCIENCE MISSION POWER SYSTEM DEVELOPMENT.
80GRC024CA009,GENERAL ELECTRIC COMPANY,2116024.0,2023-10-24,"FUEL SYSTEMS II - IF MORE INFORMATION IS NEEDED, PLEASE CONTACT THE CO DIRECTLY."
80GRC024CA010,RTX CORPORATION,1047277.0,2023-11-08,"UHT II - IF MORE INFORMATION IS NEEDED, PLEASE CONTACT THE CO DIRECTLY."
80GRC024CA012,OHIO AEROSPACE INSTITUTE,8395.0,2023-10-31,OAI/STAI EVENT SUPPORT FY24
80GRC024CA023,RTX CORPORATION,0.0,2024-07-23,"TEST ARTICLE - IF MORE INFORMATION IS NEEDED, PLEASE CONTACT THE CO DIRECTLY."
80GRC024CA024,"SCALED COMPOSITES, LLC",33554544.0,2024-08-06,"TEST ARTICLE - IF MORE INFORMATION IS NEEDED, PLEASE CONTACT THE CO DIRECTLY."
80GRC024CA025,RTX CORPORATION,781316.57,2024-08-29,"EP STUDY - IF MORE INFORMATION IS NEEDED, PLEASE CONTACT THE CO DIRECTLY."
80GRC024CA026,ARIZONA STATE UNIVERSITY,270000.0,2024-06-05,THIS CONTRACT IS A NASA EARLY CAREER INITIATIVE (ECI) PROJECT FUNDED BY NASA SPACE TECHNOLOGY AND MISSION DIRECTORATE (STMD) THAT AIMS TO DEVELOP PASSIVE AND ACTIVE ARC MITIGATION TECHNOLOGIES FOR THIN FILM AND STATE OF THE ART (SOA) SOLAR ARRAYS.
80GRC024CA029,"GENERAL ATOMICS AERONAUTICAL SYSTEMS, INC.",196902.0,2024-09-27,"SPRAY COAT II - IF MORE INFORMATION IS NEEDED, PLEASE CONTACT THE CO DIRECTLY."
80GRC024CA031,"SUNPOWER, INC",127864.0,2024-09-27,"THE PURPOSE OF THIS CONTRACT IS TO DISASSEMBLE AND INSPECT THE 12 KW STIRLING PCU TO DETERMINE THE WORK REQUIRED TO RESTORE IT TO OPERABLE CONDITION, PERFORM THE WORK REQUIRED TO RESTORE IT TO OPERATIONAL CONDITION AND MODIFY IT."
80GRC024CA032,MASSACHUSETTS INSTITUTE OF TECHNOLOGY,299580.0,2024-09-26,"THE OBJECTIVE IS TO EVALUATE IN-SITU THE NASA-DEVELOPED SILICON CARBIDE PRESSURE/TEMPERATURE SENSORS, ELECTRONICS, NEUTRON DETECTORS, AND PHYSICAL SENSORS UNDER COMBINED TEMPERATURE AND RADIATION CONDITIONS."
80GRC024CA033,KURT J LESKER CO,520650.0,2024-09-30,THERE IS A NEED TO ACQUIRE AN ULTRA-HIGH VACUUM (UHV) DEPOSITION SYSTEM. THIS REQUEST IS FOR A SYSTEM THAT IS USED FOR THE DEPOSITION OF METALS AND DIELECTRICS DURING THE FABRICATION OF SENSORS AND ELECTRONICS.
80GRC024CA034,GENERAL ELECTRIC COMPANY,625551.03,2024-09-27,"EP STUDY -  IF MORE INFORMATION IS NEEDED, PLEASE CONTACT THE CO DIRECTLY."
80GRC024CA035,AURORA FLIGHT SCIENCES CORPORATION,3373694.65,2024-09-24,R&D CONTRACT TO CREATE SCENARIOS THAT PROVIDE CONTEXT FOR DEVELOPING AND ASSESSING THE IMPACT OF AVIATION TECHNOLOGIES. DEVELOP THE MODELS FOR THE DESIGN AND OPTIMIZATION OF TRULY INTEGRATED VEHICLES & APPLYING THOSE MODELS TO VEHICLE TRADE STUDIES.
80GRC024CA036,ELECTRA.AERO INC.,3485340.0,2024-08-29,R&D CONTRACT TO CREATE SCENARIOS THAT PROVIDE CONTEXT FOR DEVELOPING AND ASSESSING THE IMPACT OF AVIATION TECHNOLOGIES. DEVELOP THE MODELS FOR THE DESIGN AND OPTIMIZATION OF TRULY INTEGRATED VEHICLES & APPLYING THOSE MODELS TO VEHICLE TRADE STUDIES.
80GRC024CA037,GEORGIA TECH RESEARCH CORP,1368298.0,2024-09-27,"DEVELOP FUTURE SCENARIOS FOR MID-CENTURY SUSTAINABLE AVIATION, IDENTIFY CRITICAL TECH, SUBSYSTEMS, AND AIRCRAFT CONCEPTS, EVALUATE THEM AGAINST METRICS, AND CREATE TECHNOLOGY ROADMAPS WITH RISKS FOR ENABLING TECH NOT YET USED IN COMMERCIAL AVIATION."
80GRC024CA038,RTX CORPORATION,1200032.0,2024-09-25,STUDIES OF ADVANCED PROPULSION CONCEPTS AND SYSTEMS WITH THE GOAL OF IDENTIFYING THE CRITICAL TECHNOLOGY ENABLERS TO SUPPORT THE AGGRESSIVE SUSTAINABILITY GOALS SET FOR 2050 AND BEYOND BY THE U.S. AVIATION CLIMATE ACTION PLAN.
80GRC024CA040,"UNITED ENERGY TRADING, LLC",2148870.26,2024-09-25,NATURAL GAS SUPPLY - GRC MAIN CAMPUS
80GRC024CA041,"NRG ENERGY, INC",273500.0,2024-09-25,NATURAL GAS SUPPLY - GRC ATF
80GRC024CA044,"COLLINS ENGINE NOZZLES, INC",470426.19,2024-09-30,"THE COMMERCIAL SUPERSONIC TECHNOLOGY (CST) PROJECT IS FOCUSED ON ADDRESSING THE CHALLENGES TO THE DEVELOPMENT OF EFFICIENT, COST-EFFECTIVE, AND ENVIRONMENTALLY SOUND COMMERCIAL SUPERSONIC TRANSPORTS."
80GRC024CA045,SAMCO INC.,253002.0,2024-09-24,REACTIVE ION ETCHER FOR SEMICONDUCTOR PROCESSING
80GRC024F0002,ERIE AFFILIATES INC,160573.0,2023-10-20,PROJECT 29841 B60 RETRO-COMMISSIONING
80GRC024F0004,"R.J. RUNGE COMPANY, INC.",543782.0,2023-10-23,PROJECT 33029 B105 RETRO-COMMISSIONING
80GRC024F0005,LANTERIS SPACE LLC,390891.0,2023-11-08,PPE - TTO 024
80GRC024F0006,"K2M DESIGN, INC",1695645.01,2023-11-17,HQ FY24 DMA-FCA
80GRC024F0007,"FORT WAYNE METALS RESEARCH PRODUCTS, LLC",424591.0,2023-12-19,INITIAL INVESTIGATION AND DEVELOPMENT OF NEW PROCESSING ROUTES/SEQUENCES THAT WILL LEAD TO FINISHED WIRE IN THE 0.040 TO 0.085 WIRE DIAMETER RANGE
80GRC024F0008,HX5 LLC,75213.7,2023-11-28,"UNIVERSAL MODULAR INTERFACE CONVERTER (UMIC) PROTOTYPE HARDWARE IMPROVEMENTS, FABRICATION, AND TESTING."
80GRC024F0011,PPW BUILDERS INC,91178.0,2023-12-05,PROJECT 33161 - B330 ACF BYPASS THERMAL STORAGE TANKS
80GRC024F0012,LANTERIS SPACE LLC,387906.0,2023-12-12,PPE - TTO 025
80GRC024F0013,THE AEROSPACE CORPORATION,169240.34,2024-01-19,PROGRAM MANAGEMENT AND IMPLEMENTATION SUPPORT FOR THE POWER AND PROPULSION ELEMENT (PPE) PROJECT AT THE NASA GLENN RESEARCH CENTER
80GRC024F0014,HX5 LLC,1207398.47,2024-01-04,REIMBURSABLE USF OPEN ROTOR PROPULSION RIG UPGRADE ED&M SUPPORT
80GRC024F0016,MESSER LLC,0.01,2024-01-04,LN2 CLIN 08 HIGH VOLUME
80GRC024F0017,THE AEROSPACE CORPORATION,2627485.4,2024-01-31,PROGRAM MANAGEMENT SUPPORT FOR THE RADIOISOTOPE POWER SYSTEMS (RPS) PROGRAM AT THE NASA GLENN RESEARCH CENTER
80GRC024F0018,BURGESS & NIPLE INC,42384.86,2024-01-18,FY24 BRIDGE STUDIES
80GRC024F0019,H.F. LENZ CO,99111.0,2024-01-25,B37 CONVERT MOTORS FOR POWER FACTOR CORRECTION
80GRC024F0021,NELSON ENGINEERING CO.,1565707.0,2024-02-21,NASA TIERED MAINTENANCE PH III
80GRC024F0023,HX5 LLC,503200.65,2024-02-05,"UNDER THE POWER AND PROPULSION (P&P) SUBPROJECT OF THE ADVANCED AIRCRAFT TRANSPORTATION TECHNOLOGY (AATT) PROJECT, ACTIVITIES ARE BEING CONDUCTED TO ESTABLISH SYSTEM DESIGNS AND TECHNOLOGY."
80GRC024F0025,LANTERIS SPACE LLC,390891.0,2024-02-21,PPE - TTO 027
80GRC024F0026,HX5 LLC,594837.42,2024-02-23,1KW RESONANT GAN DISCHARGE POWER SUPPLY PCB ASSEMBLIES - AN ADVANCED SUB-KILOWATT HALL-EFFECT PROPULSION SYSTEM (THRUSTER AND POWER PROCESSING UNIT (PPU))
80GRC024F0027,LANTERIS SPACE LLC,222975.0,2024-02-26,PPE - TTO 026
80GRC024F0028,"K2M DESIGN, INC",155787.92,2024-03-04,ERB BASEMENT PIPING PROJECT
80GRC024F0029,THE AEROSPACE CORPORATION,30344.08,2024-03-14,"CIVIL-MILITARY SPACE FISSION COMMUNITY ADVISORY SUPPORT TO HELP IDENTIFY POTENTIAL COLLABORATIONS, ISSUES THAT MIGHT ARISE DURING THEM, AND SOLUTIONS TO THOSE ISSUES."
80GRC024F0030,"FORT WAYNE METALS RESEARCH PRODUCTS, LLC",4112.0,2024-03-01,MATERIAL TESTING PACKAGE
80GRC024F0032,"K2M DESIGN, INC",630284.91,2024-03-20,FY24 WATER AUDITS
80GRC024F0033,WAI CONSTRUCTION GROUP LLC,226087.76,2024-03-26,PROJECT 33165 B330 HNF AND CATR MODIFICATIONS
80GRC024F0034,"FORT WAYNE METALS RESEARCH PRODUCTS, LLC",67464.0,2024-05-21,MATERIAL TESTING PACKAGE
80GRC024F0036,"FORT WAYNE METALS RESEARCH PRODUCTS, LLC",49340.0,2024-09-03,MATERIAL TESTING PACKAGE
80GRC024F0037,"R.J. RUNGE COMPANY, INC.",3625394.64,2024-05-17,PROJECT 33187 PSL PRIMARY COOLER REPAIR
80GRC024F0038,WICHITA STATE UNIVERSITY,0.0,2024-05-13,SINGLE LAP SHEAR (SLS) TESTS SHALL BE PERFORMED ON MATERIALS WHICH WERE RESISTANCE WELDED IN-HOUSE AT NASA. PHOTOMICROGRAPHS AND DSC MEASUREMENTS SHALL ALSO BE MADE.
80GRC024F0039,ERIE AFFILIATES INC,1324639.0,2024-05-23,PROJECT 33190 B64 E46 REPAIRS
80GRC024F0040,HX5 LLC,2255224.19,2024-06-06,HUMAN LANDING SYSTEM SITE AVAILABILITY ANALYSIS SUPPORT AND GLENN RESEARCH CENTER COMMUNCATION ANALYSIS SUITE SOFTWARE SUPPORT
80GRC024F0043,LANTERIS SPACE LLC,174573.0,2024-06-06,PPE - TTO 028
80GRC024F0044,THE AEROSPACE CORPORATION,268152.85,2024-06-13,PROJECT MANAGEMENT SUPPORT PROVIDING ASSISTANCE IN THE CREATION OF AN INDEPENDENT GOVERNMENT COST ESTIMATE (IGCE) FOR A PROJECT AT THE NASA GLENN RESEARCH CENTER
80GRC024F0045,PPW BUILDERS INC,18259.0,2024-06-07,PROJECT 33122 B11 ROOM 107 UPGRADES
80GRC024F0046,"PINNACLE CONSTRUCTION DEVELOPMENT GROUP, INC.",58889.33,2024-06-28,PROJECT 33005 B90 DC PANEL REPLACEMENT
80GRC024F0047,PPW BUILDERS INC,774588.0,2024-07-03,PROJECT 33194 SEC OFFICE ROOF REPAIR
80GRC024F0048,"PINNACLE CONSTRUCTION DEVELOPMENT GROUP, INC.",166921.05,2024-07-11,PROJECT 33195 ALTITUDE EXHAUST SUPPORT BENT REPAIRS
80GRC024F0049,"PINNACLE CONSTRUCTION DEVELOPMENT GROUP, INC.",245780.01,2024-07-16,PROJECT 33174 FY24 PAVEMENT MAINTENANCE.
80GRC024F0050,THE AEROSPACE CORPORATION,326.27,2024-07-30,PROJECT MANAGEMENT AND ADVISORY SUPPORT FOR THE SPACECRAFT FIRE SAFETY (SFS) PROJECT AT THE NASA GLENN RESEARCH CENTER
80GRC024F0051,"PINNACLE CONSTRUCTION DEVELOPMENT GROUP, INC.",15974.37,2024-07-22,PROJECT 33207 DAVI ROLLER AREA FOUNDATION RESTORATION
80GRC024F0052,PPW BUILDERS INC,38965.0,2024-07-22,PROJECT 33201 ATF CULVERT REPAIR
80GRC024F0053,HX5 LLC,65718.93,2024-08-27,LATTICE CONFINEMENT FUSION (LCF) FAST FISSION REACTOR
80GRC024F0054,ERIE AFFILIATES INC,176437.0,2024-08-14,PROJECT 33149 ISP RESTROOM RENOVATIONS
80GRC024F0055,PPW BUILDERS INC,35865.76,2024-08-14,PROJECT 33184 B5 PANELBOARD REPLACEMENT
80GRC024F0056,PPW BUILDERS INC,838611.97,2024-08-15,PROJECT 33173 STEAM MANHOLE REHAB
80GRC024F0058,ERIE AFFILIATES INC,522461.0,2024-08-19,PROJECT 29892 STAIR AND LOADING DOCK REPAIRS
80GRC024F0059,"PINNACLE CONSTRUCTION DEVELOPMENT GROUP, INC.",7069069.56,2024-08-19,PROJECT 33085 REPAIR ANTIQUATED HV CABLE PHASE 2
80GRC024F0060,"PINNACLE CONSTRUCTION DEVELOPMENT GROUP, INC.",343064.86,2024-08-20,PROJECT 33172 FY24 HVAC & PLUMBING REPAIRS PHASE 1
80GRC024F0061,"R.J. RUNGE COMPANY, INC.",2388869.0,2024-08-20,PROJECT 33197 ISP STEAM RETROFIT
80GRC024F0062,ERIE AFFILIATES INC,403013.0,2024-08-21,PROJECT 33171 B164 RSB-MIC CONNECTOR WALKWAY
80GRC024F0063,H.F. LENZ CO,490076.0,2024-08-30,STEAM PHASE 5
80GRC024F0064,LANTERIS SPACE LLC,878886.0,2024-08-22,PPE - TTO 029
80GRC024F0065,ERIE AFFILIATES INC,134641.0,2024-08-22,PROJECT 33203 B77 INTERIOR IMPROVEMENTS
80GRC024F0066,"K2M DESIGN, INC",1849212.91,2024-09-23,A&E TASK ORDER FOR HQ DMA / FCA
80GRC024F0068,PPW BUILDERS INC,1148292.0,2024-08-29,PROJECT 33108 B49 RETRO COMMISSIONING.
80GRC024F0069,ERIE AFFILIATES INC,373975.0,2024-08-30,PROJECT 33210 ACF PLATFORM MODIFICATIONS
80GRC024F0070,"PINNACLE CONSTRUCTION DEVELOPMENT GROUP, INC.",407717.79,2024-08-30,PROJECT 33153 B37 CONVERT MOTORS FOR POWER FACTOR CORRECTION.
80GRC024F0071,NELSON ENGINEERING CO.,396718.0,2024-09-04,ATF LV AFA - ARC FLASH PHASE 2
80GRC024F0072,THE AEROSPACE CORPORATION,189331.08,2024-09-25,CITIZEN BROAD BAND RADIO SPECTRUM (CBRS) DRONE INTEGRATION
80GRC024F0073,ERIE AFFILIATES INC,2105050.0,2024-09-05,PROJECT 33209 B64 E45 MOTOR REPAIR.
80GRC024F0074,"AECOM TECHNICAL SERVICES, INC.",549238.71,2024-09-11,ELECTRICAL DISTRIBUTION PHASE 5 OF 5
80GRC024F0075,"ROSS BARNEY ARCHITECTS, P.C.",138539.42,2024-09-12,A&E TASK ORDER FOR RM203A RECONFIGURATION
80GRC024F0076,KZF DESIGN INC,239190.87,2024-09-18,A&E TASK ORDER FOR B333 STEAM TO HHW
80GRC024F0077,"R.J. RUNGE COMPANY, INC.",110000.0,2024-09-17,PROJECT 33147 B86 SR-71 DISPLAY
80GRC024F0081,HX5 LLC,312809.55,2024-09-20,DUCT^2 RECEIVER TANK ASME DESIGN AND PROCUREMENT
80GRC024FA001,"CHENEGA GLOBAL PROTECTION, LLC",4402.68,2023-10-26,ADDITIONAL SECURITY 5 EVENTS  GRC AND ATF
80GRC024FA003,"CHENEGA GLOBAL PROTECTION, LLC",6536.08,2023-11-02,ADDITIONAL SECURITY 11/01/203 TO 11/11/2023
80GRC024FA004,"CHENEGA GLOBAL PROTECTION, LLC",725.01,2023-11-20,ADDITIONAL SECURITY 11/10-11/11
80GRC024FA006,"CHENEGA GLOBAL PROTECTION, LLC",4921.29,2023-12-04,ADDITIONAL SECURITY 12/06 TO 12/23/2023 AND 12/3/2023 TO 12/3/2023
80GRC024FA007,"MARITECH MACHINE, INC.",19827.21,2024-01-10,MANUFACTURING OF HT RADIAL FLOW FIXTURE HARDWARE FOR USE IN TESTING AT THE NASA GLENN RESEARCH CENTER
80GRC024FA009,"CHENEGA GLOBAL PROTECTION, LLC",6522155.64,2024-01-26,PROTECTIVE SERVICES FOR GRC BASELINE SERVICES CONTRACT YEAR 2
80GRC024FA011,"CHENEGA GLOBAL PROTECTION, LLC",178851.75,2024-02-06,"PROTECTIVE SERVICES FOR NASA GLENN RESEARCH CENTER, NON-BASELINE SERVICES CONTRACT YEAR 2"
80GRC024FA013,"AECOM TECHNICAL SERVICES, INC.",279374.9,2024-09-20,REMEDIAL ACTIVITIES AT NASA GLENN RESEARCH CENTER
80GRC024FA014,JACOBS GEOSYNTEC A JOINT VENTURE,414530.74,2024-09-19,REMEDIAL ACTIVITIES AT NASA GLENN RESEARCH CENTER AT LEWIS FIELD (GRC-LF)
80GRC024FA015,"BROWN POINT FACILITY MANAGEMENT SOLUTIONS, LLC",103877.67,2024-05-31,B244 PAINTING JOB
80GRC024FA018,"BASTION TECHNOLOGIES, INC.",577575.0,2024-06-21,"ENVIRONMENTAL, SAFETY, HEALTH, AND MISSION ASSURANCE (ESHMA) - TASK ORDER 5.01 - NASA HQ HEALTH AND SAFETY SUPPORT"
80GRC024FA019,"BASTION TECHNOLOGIES, INC.",27569.0,2024-06-21,"ENVIRONMENTAL, SAFETY, HEALTH, AND MISSION ASSURANCE (ESHMA) - TASK ORDER 5.02 - INSTITUTIONAL RISK MANAGEMENT SUPPORT"
80GRC024FA021,"BASTION TECHNOLOGIES, INC.",347695.13,2024-06-24,"ENVIRONMENTAL, SAFETY, HEALTH, AND MISSION ASSURANCE (ESHMA) - TASK ORDER 5.03 - RADIOISOTOPE POWER SYSTEM PROGRAMMATIC AND MISSIONS SPECIFIC SUPPORT"
80GRC024FA023,WICHITA STATE UNIVERSITY,1750000.0,2024-09-16,"DEVELOPMENT OF DATABASES OF REFRACTORY COMPOSITES FOR THE VALIDATION OF FLIGHT STRUCTURES FOR HYPERSONIC FLIGHT. SIC/SIC, CARBON CARBON AND CARBON SILICON CARBIDE ARE HIGH TEMPERATURE COMPOSITE MATERIALS THAT REQUIRE FURTHER CHARACTERIZATION"
80GRC024FA024,SPIRIT AEROSYSTEMS INC,3033050.0,2024-09-26,"DEMONSTRATE AUTOMATED CMC PROCESSING AND FABRICATION OF REUSABLE HOT STRUCTURE DESIGNS FOR HYPERSONIC VEHICLES, INCLUDING FLAPERONS, TORQUE TUBES, WING, & FUSELAGE SUBCOMPONENTS. DESIGN, ANALYZE, CHARACTERIZE & FABRICATE CMC STRUCTURES FOR VALIDATION"
80GRC024FA026,"BASTION TECHNOLOGIES, INC.",1296235.64,2024-06-24,"ENVIRONMENTAL, SAFETY, HEALTH, AND MISSION ASSURANCE (ESHMA) - TASK ORDER 5.04 - ENVIRONMENTAL WORK ORDER IMPLEMENTATION"
80GRC024FA027,FIRELAKE-ARROWHEAD NASA SERVICES 2,640312.56,2024-06-28,"CONSTRUCTION MANAGEMENT, SURVEYING, INSPECTIONS AND TESTING"
80GRC024FA030,"AIR PRODUCTS AND CHEMICALS, INC",1185708.54,2024-07-10,BULK LIQUID NITROGEN KENNEDY SPACE CENTER BASE CONTRACT 80KSC024DA013   CLIN 002 NASA GRC AND ATF TASK ORDER
80GRC024FA031,"KBR WYLE SERVICES, LLC",1925382.49,2024-07-30,"THIS TASK ORDER (TO) IS IN DIRECT SUPPORT OF THE SAFETY & MISSION ASSURANCE, AUDITS, ASSESSMENTS, AND ANALYSIS (SA3) CONTRACT, 80GRC024DA008. IT PROVIDES CONTRACT MANAGEMENT SUPPORT."
80GRC024FA032,"KBR WYLE SERVICES, LLC",4560202.0,2024-07-30,"THIS TASK ORDER (TO) IS IN DIRECT SUPPORT OF THE SAFETY & MISSION ASSURANCE, AUDITS, ASSESSMENTS, AND ANALYSIS (SA3) CONTRACT, 80GRC024DA008. IT PROVIDES SUPPLY CHAIN MANAGEMENT AND RISK SUPPORT."
80GRC024FA033,"KBR WYLE SERVICES, LLC",5463354.32,2024-07-30,"THIS TASK ORDER (TO) IS IN DIRECT SUPPORT OF THE SAFETY & MISSION ASSURANCE, AUDITS, ASSESSMENTS, AND ANALYSIS (SA3) CONTRACT, 80GRC024DA008. IT PROVIDES NASA AIO SUPPORT."
80GRC024FA034,"KBR WYLE SERVICES, LLC",8473809.63,2024-07-30,"THIS TASK ORDER (TO) IS IN DIRECT SUPPORT OF THE SAFETY & MISSION ASSURANCE, AUDITS, ASSESSMENTS, AND ANALYSIS (SA3) CONTRACT, 80GRC024DA008. IT PROVIDES SAFETY AND QUALITY ASSURANCE SUPPORT."
80GRC024FA035,"KBR WYLE SERVICES, LLC",19542.71,2024-07-30,"THIS TASK ORDER (TO) IS IN DIRECT SUPPORT OF THE SAFETY & MISSION ASSURANCE, AUDITS, ASSESSMENTS, AND ANALYSIS (SA3) CONTRACT, 80GRC024DA008. IT PROVIDES EMERGENCY SUPPORT."
80GRC024FA041,"BASTION TECHNOLOGIES, INC.",2680.0,2024-07-31,ESHMA RISK MANAGEMENT REPORTING INDEPENDENT ASSESSMENT
80GRC024FA042,TRI MODELS INC,19726.02,2024-08-07,NASA GLENN RESEARCH CENTER BLANKET PURCHASE AGREEMENT.
80GRC024FA043,"BASTION TECHNOLOGIES, INC.",256.0,2024-08-29,GRC LEWIS FIELD 2024 FLU SHOT CLINIC
80GRC024FA044,"AIR PRODUCTS AND CHEMICALS, INC",25753.5,2024-08-29,BULK LIQUID NITROGEN KENNEDY SPACE CENTER BASE CONTRACT 80KSC024DA013.  CLIN 002 NASA GRC AND ATF TASK ORDER FOR A TEST CAMPAIGN
80GRC024FA047,"COHERENT TECHNICAL SERVICES, INC.",25957.68,2024-09-17,RESEARCH HARDWARE FOR THE H71M PROJECT
80GRC024FA049,"BASTION TECHNOLOGIES, INC.",123703.38,2024-09-27,"ESHMA WELLNESS EXAMS, PUBLIC HEALTH VACCINATION PROGRAMS"
80GRC024PA001,ARC TECHNOLOGIES LLC,14933.8,2024-02-09,"RESIN SYS IV -  IF MORE INFORMATION IS NEEDED, PLEASE CONTACT THE CO DIRECTLY."
80GRC024PA003,"EXXELIA USA, INC.",33429.0,2024-05-01,PURCHASE OF SPACEFLIGHT-QUALIFIED POLYMER FILM CAPACITORS FOR USE RELATED TO THE POWER AND PROPULSION ELEMENT (PPE) PROJECT AT THE NASA GLENN RESEARCH CENTER
80GRC024PA004,RESONANT SCIENCES LLC,102400.0,2024-08-20,"IN-HOUSE RESEARCH SUPPORT II -  IF MORE INFORMATION IS NEEDED, PLEASE CONTACT THE CO DIRECTLY."
80GRC024PA005,THE BOEING COMPANY,157913.0,2024-09-26,"LARC EXP B - IF MORE INFORMATION IS NEEDED, PLEASE CONTACT THE CO DIRECTLY."
80GRC024PA006,SIKORSKY AIRCRAFT CORPORATION,0.0,2024-08-22,"MEETING SUPPORT - IF MORE INFORMATION IS NEEDED, PLEASE CONTACT THE CO DIRECTLY."
80GRC024PA007,LOCKHEED MARTIN CORPORATION,44918.0,2024-09-10,"MEETING SUPPORT - IF MORE INFORMATION IS REQUIRED, PLEASE CONTACT THE CO DIRECTLY."
80GRC024PA008,LOCKHEED MARTIN CORPORATION,0.0,2024-08-29,"MATERIAL SYNTHESIS - IF MORE INFORMATION IS NEEDED, PLEASE CONTACT THE CO DIRECTLY."
80GRC024PA009,"SUNPOWER, INC",649522.0,2024-09-10,SRSC SPARE PARTS
80GRC024PA011,"ANDERSON ELECTRIC CONTROLS, INC.",269067.0,2024-09-25,PURCHASE ORDER TO BUY A DC BI-DIRECTIONAL SUPPLY FOR BATTERY EMULATION/TESTING AND SOLAR SIMULATION
80GRC024PA013,LINDE ENGINEERING NORTH AMERICA LLC,1344250.0,2024-09-30,LINDE MODEL LR1620 HELIUM REFRIGERATOR
80GRC024PW0001,THE STATE OF OHIO OFFICE OF BUDGET AND MANAGEMENT,23206.43,2024-05-03,OHIO ENVIRONMENTAL PROTECTION AGENCY (EPA) SERVICES AT THE NASA GLENN RESEARCH CENTER
80GSFC24CA001,LOCKHEED MARTIN CORP,438374601.0,2024-07-01,DESIGN BUILD AND DELIVER 3 GEOXO SPACECRAFT
80GSFC24CA003,NORTHROP GRUMMAN SYSTEMS CORPORATION,2493567.0,2024-08-28,THE PURPOSE OF THE ATMOSPHERE OBSERVING SYSTEM-SKY SUBMILLIMETER WAVE RADIOMETER PHASE A STUDY IS TO PROVIDE INSIGHT INTO POTENTIAL INSTRUMENT CONCEPTS THAT WILL SUPPORT AOS-SKY MISSION IMPLEMENTATION.
80GSFC24CA011,TRUSTEES OF DARTMOUTH COLLEGE,3740246.0,2024-05-17,THE CROSS-SCALE INVESTIGATION OF EARTH'S MAGNETOTAIL AND AURORA (CINEMA)
80GSFC24CA012,UNIVERSITY CORPORATION FOR ATMOSPHERIC RESEARCH,1999992.0,2024-06-17,THE CHROMOSPHERIC MAGNETISM EXPLORER (CMEX)
80GSFC24CA013,SMITHSONIAN INSTITUTION,1939600.0,2024-05-17,ECCCO - A WIDE-FIELD EXTREME ULTRA-VIOLET IMAGER AND A UNIQUE IMAGING EUV SPECTROGRAPH PHASE A
80GSFC24CA014,REGENTS OF THE UNIVERSITY OF MICHIGAN,1997962.04,2024-05-23,THE MAGNETOSPHERIC AURORAL ASYMMETRY EXPLORER (MAAX)
80GSFC24CA017,REGENTS OF THE UNIVERSITY OF MICHIGAN,961176.52,2024-05-29,CONTRACT TO ACQUIRE THE SIXTH ITERATION OF THE POWER-HIGH VOLTAGE MODULE (PH6) OF THE MASS SPECTROMETER (MS) PORTION OF THE MARS ORGANIC MOLECULE ANALYZER (MOMA) INSTRUMENT CARRIED BY A MARS ROVER KNOWN AS EXOMARS.
80GSFC24CA018,"INTUITIVE MACHINES, LLC",27000000.0,2024-09-23,NEAR SPACE NETWORK (NSN) SERVICES (SUBCATEGORY 2.2 GEO TO CIS-LUNAR RELAY)
80GSFC24CA021,REGENTS OF THE UNIVERSITY OF MICHIGAN,3604601.0,2024-06-07,DAVINCI (DV) VENUS MASS SPECTROMETER (VMS) ELECTRONICS MODULE
80GSFC24CA022,"LOADPATH, LLC",315000.0,2024-08-01,DEVELOPMENT OF DEPLOYABLE BOOM 1 REQUIREMENTS MEETING THE NEEDS OF THE OF A SOLAR CORONAGRAPH
80GSFC24CA024,"A3L FEDERAL WORKS,LLC",1007597.51,2024-07-02,"KNOWLEDGE MANAGEMENT, EVENTS AND COMMUNICATIONS SUPPORTS (KMECS) IVV CONTRACT"
80GSFC24CA025,VIRGINIA DEPARTMENT OF WILDLIFE RESOURCES,3087167.0,2024-03-22,WFF SHORELINE RESILIENCY STUDIES
80GSFC24CA026,BAE SYSTEMS SPACE & MISSION SYSTEMS INC.,25000000.0,2024-05-20,"GEOSTATIONARY EXTENDED OBSERVATIONS (GEOXO) ATMOSPHERIC COMPOSITION (ACX) IS A NEW INSTRUMENT FOR THE GEOXO WEATHER SATELLITE SERIES.  ACX IS A HYPERSPECTRAL, UV THROUGH VISIBLE IMAGING SPECTROMETER."
80GSFC24CA027,ANDOEYA SPACE AS,2740867.88,2024-04-02,"OPERATIONS, MISSION SUPPORT, AND DATA DELIVERY SERVICES AT ANDOYA SPACE"
80GSFC24CA030,BLUE CANYON TECHNOLOGIES LLC,7869579.0,2024-04-12,"THIS IS A LETTER CONTRACT FOR POLARIZED SUBMILLIMETER ICE-CLOUD RADIOMETER (POLSIR). THE MISSION CALLS FOR TWO 12-U SPACECRAFT, EACH CARRYING A DUAL-FREQUENCY POLARIMETRIC RADIOMETER. THIS CONTRACT IS FOR THE BUILT OF THE TWO 12-U CUBESATS."
80GSFC24CA034,NEWTON LLC,2250146.0,2024-04-30,POLARIZED SUBMILLIMETER ICE-CLOUD RADIOMETER (POLSIR) - NEWTON'S INSTRUMENT MECHANICAL
80GSFC24CA035,BAE SYSTEMS SPACE & MISSION SYSTEMS INC.,50000000.0,2024-05-23,GEOXO OCEAN COLOR INSTRUMENT IMPLEMENTATION CONTRACT
80GSFC24CA036,BRUKER SCIENTIFIC LLC,2886343.18,2024-05-24,PURCHASE OF 14 BRUKER EM27/SUN INSTRUMENTS AS WELL AS THE PURCHASE OF A SINGLE BRUKER INFRARED FOURIER SPECTROMETER (IFS) 125HR SYSTEM.
80GSFC24CA038,RAYTHEON COMPANY,200000000.0,2024-06-27,"PROVIDE THREE LANDIS FLIGHT INSTRUMENT UNITS AND RELATED SERVICES, INCLUDING THE DESIGN, ENGINEERING ANALYSES, DEVELOPMENT, FABRICATION, INTEGRATION, ALGORITHM DEVELOPMENT, TEST, EVALUATION, DELIVERY, AND SUPPORT FOR THE LANDIS"
80GSFC24CA039,TRI GAS & OIL CO INC,1492695.62,2024-06-26,WFF PROPANE DELIVERY
80GSFC24CA041,SOUTHWEST RESEARCH INSTITUTE,22704940.03,2024-08-29,"JOINT EUV CORONAL DIAGNOSTIC INVESTIGATION (JEDI) EFFORT. PHASE A WORK INCLUDES INSTRUMENT REQUIREMENTS DEFINITION, INSTRUMENT MANAGEMENT, SYSTEM ENGINEERING, INSTRUMENT SAFETY & MISSION ASSURANCE, AND SYSTEM INTEGRATION PLANNING."
80GSFC24CA042,TRAX INTERNATIONAL CORPORATION,53115323.72,2024-07-03,"GODDARD LOGISTICS SERVICES CONTRACT - THE PRINCIPAL PURPOSE OF THIS REQUIREMENT IS TO SUPPORT NASA GSFC LOGISTICS MANAGEMENT NEEDS IN ORDER TO MEET EARTH SCIENCE, SPACE SCIENCE, AND EXPLORATION MISSION REQUIREMENTS."
80GSFC24CA043,"L-1 STANDARDS AND TECHNOLOGY, INC.",469301.0,2024-07-23,"THIS CONTRACT PROVIDES CONTINUOUS IN-FLIGHT CALIBRATION, INSTRUMENT HEALTH MONITORING, ANOMALY RESOLUTION, AND GROUND DATA PROCESSING."
80GSFC24CA044,SCIGLOB INSTRUMENTS & SERVICES LLC,780400.0,2024-07-01,"THE SUPPORT OF THE DSCOVR EPIC INSTRUMENT, CONTINUED ON-GROUND CALIBRATIONS, AND LEVEL-1A DATA PRODUCTION"
80GSFC24CA045,NORTHROP GRUMMAN SYSTEMS CORPORATION,3993999.0,2024-08-21,STRATOSPHERE TROPOSPHERE RESPONSE USING INFRARED VERTICALLY-RESOLVED LIGHT EXPLORER (STRIVE) SPACECRAFT AND MISSION OPS PHASE A
80GSFC24CA046,BAE SYSTEMS SPACE & MISSION SYSTEMS INC.,1695861.0,2024-09-25,STRIVE ADVANCED LIMB INFRARED CHEMISTRY EXPERIMENT (ALICE) FOCAL PLANE AND CRYOCOOLER SUBSYSTEM PHASE A
80GSFC24CA047,FJG CHEMICAL LLC,643114.09,2024-06-17,THE PURPOSE OF THIS REQUIREMENT IS TO PROVIDE SEMICONDUCTOR OR HIGHER GRADE CHEMICALS. THESE ITEMS ARE CRITICAL FOR THE CONTINUOUS DAILY OPERATION OF THE GOVERNMENTS LABORATORIES LOCATED IN BUILDING 11 AND BUILDING 30-DDL.
80GSFC24CA048,VIRGINIA POLYTECHNIC INSTITUTE & STATE UNIVERSITY,1970521.0,2024-08-29,DYNAMICAL NEUTRAL ATMOSPHERE-IONOSPHERE COUPLING-X (DYNAMIC-X) PHASE A
80GSFC24CA049,THE REGENTS OF THE UNIVERSITY OF COLORADO,295000.0,2024-08-29,DYNAMICAL NEUTRAL ATMOSPHERE-IONOSPHERE COUPLING (DYNAMIC) PHASE A
80GSFC24CA050,THE REGENTS OF THE UNIVERSITY OF COLORADO,1881000.0,2024-08-29,DYNAMICAL NEUTRAL ATMOSPHERE-IONOSPHERE COUPLING-X (DAPHNE) PHASE A
80GSFC24CA051,"FIBERTEK, INC.",4462395.53,2024-08-29,EDGE LASER ENGINEERING TEST UNIT (ETU) + BEAM DITHERING UNITS  (BDU) CONCEPT STUDY PHASE A
80GSFC24CA052,"GENERAL DYNAMICS MISSION SYSTEMS, INC.",1029307.0,2024-09-11,EDGE BERYLLIUM TELESCOPE CONCEPT STUDY PHASE A
80GSFC24CA053,LANTERIS SPACE LLC,299927.0,2024-09-12,EDGE SPACECRAFT CONCEPT STUDY PHASE A
80GSFC24CA054,MATERION BRUSH INC,2483400.0,2024-09-13,EDGE LARGE DIAMETER BLANK I-220-H BERYLLIUM
80GSFC24CA065,UNIVERSITY OF WASHINGTON,312855.0,2024-09-03,THE EARTH SYSTEM EXPLORERS PROGRAM (ESEP) STRATOSPHERE TROPOSPHERE RESPONSE USING INFRARED VERTICALLY-RESOLVED LIGHT EXPLORER (STRIVE) MISSION PHASE A CONCEPT STUDY.
80GSFC24CA066,CALIFORNIA INSTITUTE OF TECHNOLOGY,1529000.0,2024-09-06,THE EARTH SYSTEM EXPLORERS PROGRAM (ESEP) THE CARBON INVESTIGATION (CARBON-I) MISSION PHASE A CONCEPT STUDY.
80GSFC24CA067,UNIVERSITY OF CALIFORNIA SAN DIEGO,669000.0,2024-09-25,THE EARTH SYSTEM EXPLORERS PROGRAM (ESEP) OCEAN DYNAMICS AND SURFACE EXCHANGE WITH THE ATMOSPHERE (ODYSEA) MISSION PHASE A CONCEPT STUDY.
80GSFC24CA068,UNIVERSITY OF CALIFORNIA SAN DIEGO,295529.0,2024-09-26,THE EARTH SYSTEM EXPLORERS PROGRAM (ESEP) EARTH DYNAMICS GEODETIC EXPLORER (EDGE) MISSION PHASE A CONCEPT STUDY.
80GSFC24CA069,"ORBITAL MICRO SYSTEMS, INC.",2500000.0,2024-08-28,THE PURPOSE OF THE ATMOSPHERE OBSERVING SYSTEM-SKY SUBMILLIMETER WAVE RADIOMETER PHASE A STUDY CONTRACT IS TO PROVIDE INSIGHT INTO POTENTIAL INSTRUMENT CONCEPTS THAT WILL SUPPORT AOS-SKY MISSION IMPLEMENTATION.
80GSFC24CA071,"AALYRIA TECHNOLOGIES, INC.",393004.0,2024-09-23,NEXT SPACE TECHNOLOGIES FOR EXPLORATION PARTNERSHIPS 2-(NEXTSTEP-2)
80GSFC24CA073,"INTUITIVE MACHINES, LLC",647600.0,2024-09-20,NEXT SPACE TECHNOLOGIES FOR EXPLORATION PARTNERSHIPS 2-(NEXTSTEP-2)
80GSFC24F0001,SOUTHWEST RESEARCH INSTITUTE,42056989.99,2023-10-25,"DEVELOPMENT OF THE QUICKSOUNDER SC AND THE QUICKSOUNDER SATELLITE, INTEGRATION OF THE ATMS EDU, SHIPMENT TO THE LAUNCH SITE SUPPORT OF LAUNCH OPS & SATELLITE ACTIVATION, 3 YRS OF MISSION OPS & PERFORM DECOMMISSIONING OPERATION"
80GSFC24F0003,TMC TECHNOLOGIES OF WEST VIRGINIA CORP,433637.69,2023-11-30,SET2 TO 31 MGSS - JPL WORK
80GSFC24F0004,TMC TECHNOLOGIES OF WEST VIRGINIA CORP,1226736.95,2023-12-07,SET2 TO 32 VLBI THE CONTRACTOR SHALL PROVIDE SUPPORT FOR THE VERY LONG BASELINE INTERFEROMETRY (VLBI) SOFTWARE UPGRADE WITHIN THE SPACE GEODESY PROJECT (SGP).
80GSFC24F0006,"AECOM TECHNICAL SERVICES, INC.",9043.78,2023-12-14,CONSTRUCTION ADMINISTRATION FOR WALLOPS FLIGHT FACILITY (WFF) MAIN BASE SWITCHGEAR MODERNIZATION
80GSFC24F0014,"ROTHE ENTERPRISES, INC.",358.32,2023-12-20,FUNDING FOR TASK ORDER #67 CODE 820 BPO 601ES.
80GSFC24F0017,"ROTHE ENTERPRISES, INC.",2119.91,2024-01-05,TASK 68 CODE 810 NSROC CALIBRATION I
80GSFC24F0018,"ROTHE ENTERPRISES, INC.",1053.0,2024-01-30,TASK 69 CODE 810 NSROC CALIBRATION II
80GSFC24F0025,TEXAS A&M UNIV CYCLOTRON INS,16800.0,2024-03-06,BEAM TIME TESTING AT TAMU
80GSFC24F0028,TMC TECHNOLOGIES OF WEST VIRGINIA CORP,31740.68,2024-03-05,"SYSTEMS AND SOFTWARE ENGINEERING TOOLS (SET2) TO 33 -SUPPORT SERVICES FOR THE MISSILE DEFENSE AGENCY (MDA) IV&V PROJECT AT THE NASA INDEPENDENT VERIFICATION AND VALIDATION (IV&V) PROGRAM TO INCLUDE TOOLS SUPPORT, HELPDESK SERVICES AND SYSTEM ADMIN."
80GSFC24F0032,"HSG, LLC",13763.0,2024-03-15,PHASE-IN FOR OCCUPATIONAL MEDICAL SERVICES TASK ORDER AGAINST THE NEMCON CONTRACT.
80GSFC24F0033,THE AEROSPACE CORPORATION,53196979.61,2024-09-23,"NASA-WIDE SPECIALIZED ENGINEERING, EVALUATION AND TEST SERVICES (NSEETS)."
80GSFC24F0034,"HSG, LLC",2163474.84,2024-03-26,"NEMCON TASK ORDER FOR OCCUPATIONAL MEDICAL SERVICES FOR NASA GODDARD SPACE FLIGHT CENTER IN GREENBELT, MD, AND WALLOPS FLIGHT FACILITY IN WALLOPS ISLAND, VA"
80GSFC24F0036,"ROTHE ENTERPRISES, INC.",1903.57,2024-05-31,TASK 71 TRANSPONDER EQUIPMENT SPRING 2024
80GSFC24F0037,"ROTHE ENTERPRISES, INC.",365.46,2024-05-15,TASK ORDER 72 CODE 270 SCALES
80GSFC24F0038,"ROTHE ENTERPRISES, INC.",2634.49,2024-05-31,TASK ORDER 73 NPOL 2024 EQUIPMENT
80GSFC24F0039,"INUTEQ, LLC",6959235.64,2024-06-27,"SUPPORT WILL BE PROVIDED IN THE AREAS OF ADVANCED TECH, ON-PREMISES CLOUD COMPUTING, HIGH PERF COMPUTING, CENTRALIZED STORAGE SERVICES, OPS AND FACILITIES SUPPORT, DATA SCIENCE SERVICES, NETWORKING & SECURITY, USER SERVICES, AND OTHER SERVICES."
80GSFC24F0040,"INUTEQ, LLC",8249653.8,2024-06-27,"THE CONTRACTOR SHALL BE RESPONSIBLE FOR PROCURING THE HARDWARE, SOFTWARE, MAINTENANCE, SERVICES, OR SUPPORTING MATERIALS FOR THE NCCS, CISTO, AND/OR CODE 600 PARTNERS."
80GSFC24F0041,"INUTEQ, LLC",872937.0,2024-06-27,SCIENCE MANAGED CLOUD ENVIRONMENT (SMCE) NASA ADVANCED SUPER COMPUTING (NACS) TASK ORDER (OY6/CY7)
80GSFC24F0042,"INUTEQ, LLC",233509.3,2024-06-27,COMMUNITY COORDINATED MODELING CENTER (CCMC): NASA ADVANCED SUPER COMPUTING (NACS) TASK ORDER (OY6/CY7)
80GSFC24F0044,"ROTHE ENTERPRISES, INC.",11435.0,2024-07-10,TASK ORDER 74 390 ENVIRONMENTAL FIELD STRENGTH METER
80GSFC24F0046,"AECOM TECHNICAL SERVICES, INC.",353574.29,2024-06-14,ARCHITECT-ENGINEERING CONSTRUCTION SERVICES FOR THE GSFC METROLOGY AND ULTRA- STABLE TESTBED (MUST) FACILITY STUDY
80GSFC24F0049,"ROTHE ENTERPRISES, INC.",1096.38,2024-07-11,TASK ORDER 75 FTS RECEIVER TEST EQUIPMENT CALIBRATION SPRING
80GSFC24F0052,"AECOM TECHNICAL SERVICES, INC.",532577.05,2024-07-12,PROFESSIONAL ARCHITECTURAL AND ENGINEERING SERVICES GREENBELT MAIN POND COMPLIANCE MODIFICATIONS
80GSFC24F0060,TMC TECHNOLOGIES OF WEST VIRGINIA CORP,480162.09,2024-07-18,SET2 TO 34 SMORA THE CONTRACTOR SHALL SUPPORT THE SPACE MISSION OPERATIONS AND RESILIENCY ANALYSIS (SMORA) EFFORT OF THE NASA INDEPENDENT VERIFICATION AND VALIDATION PROGRAM (IV&V).
80GSFC24F0063,TMC TECHNOLOGIES OF WEST VIRGINIA CORP,813991.6,2024-08-16,SET2 TO 35 LEMS
80GSFC24FA004,AQUILA FITNESS CONSULTING SYSTEMS LTD,207215.14,2023-11-29,THE CONTRACTOR SHALL PROVIDE A FULL-SERVICE FITNESS CENTER ON SITE AT THE GODDARD SPACE FLIGHT CENTER
80GSFC24FA005,"CHENEGA GLOBAL PROTECTION, LLC",5720.34,2023-11-14,PROVIDE LAUNCH SUPPORT SERVICES FOR H4H ROCKET LAUNCH FIRE SERVICES SUPPORT
80GSFC24FA008,"ACCURA ENGINEERING AND CONSULTING SERVICES, INC.",252389.08,2023-11-28,"TASK ORDER 08: CONSTRUCTION QUALITY ASSURANCE AND COORDINATION SERVICES FOR CENTER- AND CUSTOMER-FUNDED PROJECTS AT NASA/GSFC IN GREENBELT, MD."
80GSFC24FA009,"ACCURA ENGINEERING AND CONSULTING SERVICES, INC.",273591.07,2023-11-27,"TASK ORDER 07: CONSTRUCTION QUALITY ASSURANCE AND COORDINATION SERVICES FOR CONSTRUCTION OF FACILITIES (COF) PROGRAM AT NASA/GSFC IN GREENBELT, MD."
80GSFC24FA010,"ACCURA ENGINEERING AND CONSULTING SERVICES, INC.",344473.62,2023-11-27,"TASK ORDER 10: CONSTRUCTION QUALITY ASSURANCE AND COORDINATION SERVICES FOR UTILITY ENERGY SERVICE CONTRACT (UESC) PROJECTS AT NASA/GSFC IN GREENBELT, MD."
80GSFC24FA011,"ACCURA ENGINEERING AND CONSULTING SERVICES, INC.",198785.32,2023-11-27,"TASK ORDER 11: CONSTRUCTION QUALITY ASSURANCE AND COORDINATION SERVICES FOR CENTER- AND CUSTOMER-FUNDED PROJECTS AT WALLOPS FLIGHT FACILITY IN WALLOPS ISLAND, VA."
80GSFC24FA012,"ACCURA ENGINEERING AND CONSULTING SERVICES, INC.",162929.72,2023-11-27,"TASK ORDER 12: CONSTRUCTION QUALITY ASSURANCE AND COORDINATION SERVICES FOR THE CONSTRUCTION OF FACILITIES (COF) PROGRAM AT WALLOPS FLIGHT FACILITY IN WALLOPS ISLAND, VA."
80GSFC24FA013,"GEXA ENERGY, LP",335253.0,2024-01-12,THIS DELIVERY ORDER IS FOR ENERGY GENERATION AND DISTRIBUTION TO THE COLUMBIA BALLOON SCIENTIFIC FACILITY.
80GSFC24FA024,"TETRA TECH, INC.",7102649.0,2024-08-15,"TASK ORDER - SITEWIDE PFAS AND PROGRAM SUPPORT AT WALLOPS FLIGHT FACILITY, WALLOPS ISLAND, VA. ISSUED UNDER - KSC NASA ENVIRONMENTAL RESTORATION AND COMPLIANCE CONTRACT (NERCC)."
80GSFC24FA025,"UNIVERSITY OF CALIFORNIA, DAVIS",14896.0,2024-02-16,BEAM TIME TESTING
80GSFC24FA027,"CHENEGA GLOBAL PROTECTION, LLC",11651074.29,2024-02-20,NASA PROTECTIVE SERVICES - EASTERN REGION - GSFC BASELINE SERVICES - CONTRACT YEAR 2
80GSFC24FA028,"TETRA TECH, INC.",2282527.37,2024-09-24,"TASK ORDER - MAIN BASE NORTH AT WALLOPS FLIGHT FACILITY, WALLOPS ISLAND, VA. ISSUED UNDER - KSC NASA ENVIRONMENTAL RESTORATION AND COMPLIANCE CONTRACT (NERCC)."
80GSFC24FA030,"QUALITY CONTRACTING, INC.",129615.7,2024-05-17,WALLOPS MULTIPLE AWARD CONSTRUCTION (WMAC) II - BUILDING N-175 FIRE PROTECTION
80GSFC24FA033,"CHENEGA GLOBAL PROTECTION, LLC",3849824.14,2024-03-13,NASA PROTECTIVE SERVICES - EASTERN REGION - GSFC CY2 NON-BASELINE SERVICES
80GSFC24FA034,"SEVENTH SENSE, LLC",2054130.64,2024-03-29,THE CONTRACTOR SHALL PROVIDE THE FOLLOWING SUPPORT TO CODE 170: SUPPORT FOR THE AWARD & ADMINISTRATION OF A VARIETY OF CONTRACTUAL VEHICLES AWARDED BY GSFC'S PROCUREMENT OPERATIONS DIVISION (POD) AS WELL AS GENERAL ASSISTANCE AND SUPPORT
80GSFC24FA037,"HYDROGEOLOGIC, INC.",3219101.9,2024-09-25,"TASK ORDER - FORMERLY USED DEFENSE SITES (FUDS) AT WALLOPS FLIGHT FACILITY, WALLOPS ISLAND, VA. ISSUED UNDER - KSC NASA ENVIRONMENTAL RESTORATION AND COMPLIANCE CONTRACT (NERCC)."
80GSFC24FA040,ARGOTEC INC,500.0,2024-06-25,"SPACECRAFT IMAGE FILE, SPACECRAFT SUMMARY DATA SHEET, AND CORE SYSTEM PERFORMANCE CHARACTERISTICS & SUBSYSTEM DETAILS FOR RAPID IV CONTRACT DATABASE AND CATALOG SETUP."
80GSFC24FA041,BLUE CANYON TECHNOLOGIES LLC,500.0,2024-06-25,"SPACECRAFT IMAGE FILE, SPACECRAFT SUMMARY DATA SHEET, AND CORE SYSTEM PERFORMANCE CHARACTERISTICS & SUBSYSTEM DETAILS FOR RAPID IV CONTRACT DATABASE AND CATALOG SETUP."
80GSFC24FA042,GENERAL ATOMICS,500.0,2024-06-25,"SPACECRAFT IMAGE FILE, SPACECRAFT SUMMARY DATA SHEET, AND CORE SYSTEM PERFORMANCE CHARACTERISTICS & SUBSYSTEM DETAILS FOR RAPID IV CONTRACT DATABASE AND CATALOG SETUP."
80GSFC24FA043,KONGSBERG NANOAVIONICS US LLC,500.0,2024-06-25,"SPACECRAFT IMAGE FILE, SPACECRAFT SUMMARY DATA SHEET, AND CORE SYSTEM PERFORMANCE CHARACTERISTICS & SUBSYSTEM DETAILS FOR RAPID IV CONTRACT DATABASE AND CATALOG SETUP."
80GSFC24FA045,BAE SYSTEMS TECHNOLOGY SOLUTIONS & SERVICES INC.,544140.0,2024-08-09,ADVANCED TELESCOPE FOR HIGH-ENERGY ASTROPHYSICS (ATHENA) CRYOCOOLER DEMONSTRATION MODEL STUDY
80GSFC24FA046,LOCKHEED MARTIN CORPORATION,573196.0,2024-08-19,ADVANCED TELESCOPE FOR HIGH-ENERGY ASTROPHYSICS (ATHENA) CRYOCOOLER DEMONSTRATION MODEL STUDY
80GSFC24FA047,NORTHROP GRUMMAN SYSTEMS CORPORATION,527068.0,2024-07-31,ADVANCED TELESCOPE FOR HIGH-ENERGY ASTROPHYSICS (ATHENA) CRYOCOOLER DEMONSTRATION MODEL STUDY
80GSFC24FA048,"AIR PRODUCTS AND CHEMICALS, INC",7438.22,2024-09-18,"TASK ORDER FOR AN EMERGENCY FILL OF LIQUID NITROGEN AT NASA GSFC GREENBELT, MARYLAND."
80GSFC24FA050,SANDSTONE SPRINGS LLC,49868.0,2024-08-22,TASK ORDER 19 FOR TAPE RECOVERY
80GSFC24FA051,"AIR PRODUCTS AND CHEMICALS, INC",69834.0,2024-08-07,TASK ORDER FOR LIQUID NITROGEN TO TANK 4 AT NASA GSFC IN GREENBELT MARYLAND.
80GSFC24FA052,"AIR PRODUCTS AND CHEMICALS, INC",26398.71,2024-08-07,TASK ORDER FOR LIQUID NITROGEN TO TANK 5 AT NASA GSFC IN GREENBELT MARYLAND.
80GSFC24FA053,"AIR PRODUCTS AND CHEMICALS, INC",1217782.45,2024-08-07,TASK ORDER FOR LIQUID NITROGEN TO TANK 7 AND 10 AT NASA GSFC IN GREENBELT MD.
80GSFC24FA054,"AIR PRODUCTS AND CHEMICALS, INC",97161.37,2024-08-07,"TASK ORDER FOR LIQUID NITROGEN TO TANK 11 AT NASA GSFC IN GREENBELT, MD."
80GSFC24FA055,"AIR PRODUCTS AND CHEMICALS, INC",27725.58,2024-08-07,TASK ORDER FOR LIQUID NITROGEN TO TANK 22 AT NASA GSFC IN GREENBELT MARYLAND.
80GSFC24FA056,"AIR PRODUCTS AND CHEMICALS, INC",266100.0,2024-08-07,"TASK ORDER FOR LIQUID NITROGEN TO TANK 30 AT NASA GSFC IN GREENBELT, MARYLAND."
80GSFC24FA057,"AIR PRODUCTS AND CHEMICALS, INC",38590.0,2024-08-07,"TASK ORDER FOR LIQUID NITROGEN TO TANK 33 AT NASA GSFC GREENBELT, MD."
80GSFC24FA058,"AIR PRODUCTS AND CHEMICALS, INC",23820.0,2024-08-08,"TASK ORDER FOR LIQUID NITROGEN TO TANK 34 AT NASA GSFC IN GREENBELT, MD."
80GSFC24FA059,"AIR PRODUCTS AND CHEMICALS, INC",33948.45,2024-08-08,"TASK ORDER FOR LIQUID NITROGEN TO TANK 37 AT NASA GSFC IN GREENBELT, MD."
80GSFC24FA061,"UNIVERSITY OF CALIFORNIA, DAVIS",7448.0,2024-08-14,BASE TIME TESTING
80GSFC24FA064,"TETRA TECH, INC.",1663373.56,2024-09-25,"TASK ORDER - TCE PLUME AND AREA 400 AT GODDARD SPACE FLIGHT CENTER, GREENBELT, MD. ISSUED UNDER - KSC NASA ENVIRONMENTAL RESTORATION AND COMPLIANCE CONTRACT (NERCC)."
80GSFC24FA066,WASHINGTON GAS LIGHT COMPANY,782983.39,2024-09-26,"GENERATION AND TRANSMISSION OF NATURAL GAS TO NASA GSFC IN GREENBELT, MD."
80GSFC24FA067,"CHENEGA GLOBAL PROTECTION, LLC",4231880.0,2024-09-27,FIRE SERVICES SUPPORT AT WALLOPS FLIGHT FACILITY FY25
80GSFC24PA004,EV GROUP INC,748800.0,2024-01-22,"MASK ALIGNER SYSTEM WITH ALIGN-FOR-BOND CAPABILITIES, FOR USE IN THE DETECTOR DEVELOPMENT LAB (DDL)."
80GSFC24PA005,VILLAGE OF FORT SUMNER,20000.0,2024-01-03,"THIS IS A PURCHASE ORDER FOR WATER AND SEWER SERVICES AT A NASA LEASED FACILITY IN FORT SUMNER, NM, PER LEASE AGREEMENT NNG20OB32M."
80GSFC24PA007,ECOTRONICS VENTURES LLC,101250.0,2024-04-15,NASA GODDARD SPACE FLIGHT CENTER (GSFC) HAS A REQUIREMENT FOR THE REPAIR AND MAINTENANCE OF THREE LIDAR TRAILERS LOCATED AT NASA GODDARD SPACE FLIGHT CENTER (GSFC).  T
80GSFC24PA008,JENA-OPTRONIK GESELLSCHAFT MIT BESCHRAENKTER HAFTUNG,7253100.0,2024-04-17,"COMMERCIAL LIGHT DETECTION AND RANGING (LIDAR) SENSOR FOR THE ON-ORBIT SERVICING, ASSEMBLY, AND MANUFACTURING (OSAM-1) MISSION."
80GSFC24PA015,SAMCO INC.,901461.0,2024-07-31,INDUCTIVELY COUPLED PLASMA DEEP REACTIVE ION ETCHING (ICP DRIE) SYSTEM
80HQTR24CA002,LOCKHEED MARTIN CORP,1429983.0,2024-07-16,CONTRACTOR TO PROVIDE RAPID STUDIES FOR THE MARS SAMPLE RETURN (MSR) PROGRAM.
80HQTR24CA003,SPACE EXPLORATION TECHNOLOGIES CORP.,538288.0,2024-07-12,CONTRACTOR TO PROVIDE RESEARCH REPORTS ON STUDIES OF HOW TO BRING MARS SAMPLE BACK TO EARTH
80HQTR24CA004,"AEROJET ROCKETDYNE OF DE, INC",717605.0,2024-07-12,CONTRACTOR TO PROVIDE RESEARCH REPORTS ON STUDIES ABOUT HOW TO MAKE MARS ASCENT VEHICLE LIGHTER AND MORE EFFICIENT.
80HQTR24CA005,"BLUE ORIGIN WASHINGTON, LLC",1285662.0,2024-07-16,CONTRACTOR TO PROVIDE RESEARCH REPORTS ON STUDIES OF HOW TO BRING MARS SAMPLE BACK TO EARTH
80HQTR24CA006,QUANTUM SPACE LLC,747237.0,2024-07-11,CONTRACTOR TO PROVIDE RESEARCH REPORTS ON STUDIES OF HOW TO BRING MARS SAMPLE BACK TO EARTH.
80HQTR24CA007,NORTHROP GRUMMAN SYSTEMS CORPORATION,983684.0,2024-07-15,CONTRACTOR TO PROVIDE RAPID STUDIES FOR THE MARS SAMPLE RETURN (MSR) PROGRAM.
80HQTR24CA008,WHITTINGHILL AEROSPACE LLC,656215.0,2024-07-12,CONTRACTOR TO PROVIDE RESEARCH REPORTS ON STUDIES ABOUT HOW TO IMPROVE THE MARS ASCENT VEHICLE BY MAKING IT LIGHTER AND MORE EFFICIENT.
80HQTR24CA009,ROCKET LAB USA INC,625000.0,2024-09-27,CONTRACTOR TO PROVIDE RAPID STUDIES FOR THE MARS SAMPLE RETURN (MSR) PROGRAM.
80HQTR24F0001,"CAPITOL EXHIBIT SERVICES, INC",32935.07,2023-10-18,"NASA AERO DAY ON THE HILL, NOVEMBER 15, 2023"
80HQTR24F0002,THE AEROSPACE CORPORATION,7681581.33,2023-11-01,"""CONSORTIUM FOR SPACE MOBILITY AND .ISAM CAPABILITIES (COSMIC) MANAGEMENT .AND SYSTEMS ENGINEERING SUPPORT.FOR SPACE TECHNOLOGY MISSION DIRECTORATE (STMD)""."
80HQTR24F0003,THE AEROSPACE CORPORATION,512683.02,2023-11-01,CONFIGURATION MANAGEMENT WORKFLOW SUPPORT FOR THE EARTH SCIENCE DIVISION OF THE SCIENCE MISSION DIRECTORATE
80HQTR24F0006,"BARRIOS TECHNOLOGY, LLC",371449.47,2023-11-15,ADMINISTRATIVE AND BUSINESS SUPPORT SERVICES FOR HEADQUARTERS.OFFICE OF INTERNATIONAL AND INTERAGENCY RELATIONS .
80HQTR24F0007,"BARRIOS TECHNOLOGY, LLC",649839.86,2023-11-14,ADMINISTRATIVE AND TECHNICAL WRITING SUPPORT FOR THE SPACE TECHNOLOGY MISSION DIRECTORATE (STMD)
80HQTR24F0008,"BARRIOS TECHNOLOGY, LLC",370869.29,2023-11-15,ADMINISTRATIVE SUPPORT FOR OFFICIAL TRAVEL TO RUSSIA AND FORMER SOVIET STATES: VISA PROCESSING AND LETTER OF INVITATION COORDINATION FOR NASA HEADQUARTERS OFFICE OF INTERNATIONAL AND INTERAGENCY RELATIONS
80HQTR24F0009,"BARRIOS TECHNOLOGY, LLC",867692.04,2023-12-12,ADMINISTRATIVE AND BUSINESS SUPPORT SERVICES FOR .THE OFFICE OF THE  CHIEF INFORMATION OFFICER.
80HQTR24F0010,"BARRIOS TECHNOLOGY, LLC",377544.32,2023-11-16,JPL MANAGEMENT AND OVERSIGHT.ADMINISTRATIVE PROGRAM MANAGEMENT SUPPORT.
80HQTR24F0012,"ICF INCORPORATED, L.L.C.",1929221.26,2023-11-16,SUPPORT FOR THE TECHNICAL SUPPORT UNIT FOR THE SEVENTH ASSESSMENT OF THE INTERGOVERNMENTAL PANEL ON CLIMATE CHANGE: WORKING GROUP III
80HQTR24F0013,THE AEROSPACE CORPORATION,29935.29,2023-11-21,"IRAD RAPID ASSESSMENT FOR NASA'S CHIEF TECHNOLOGIST.OFFICE OF TECHNOLOGY, POLICY, AND STRATEGY."
80HQTR24F0014,WASHINGTON METROPOLITAN AREA TRANSIT AUTHORITY,42101.05,2024-01-18,METROPOLITAN AREA TRANSIT AUTHORITY (WMATA) WILL PROVIDE TRANSIT BENEFITS TO NASA'S HEADQUARTERS VIA THE WMATA SMARTBENEFITS TRANSIT BENEFIT PROGRAM.
80HQTR24F0017,"CAPITOL EXHIBIT SERVICES, INC",11866.91,2023-12-19,"NASA EXHIBIT FOR AIAA SCITECH, ORLANDO, FL"
80HQTR24F0018,"CAPITOL EXHIBIT SERVICES, INC",10332.04,2024-01-18,TO FOR CONSOLIDATION OF STORED EXCESS INVENTORY AT CTS.
80HQTR24F0019,"ICF INCORPORATED, L.L.C.",685384.0,2023-12-19,ENGAGEMENT SPECIALIST TO THE U.S. GLOBAL CHANGE RESEARCH PROGRAM (USGCRP) NATIONAL COORDINATION OFFICE (NCO)
80HQTR24F0021,THE AEROSPACE CORPORATION,145000.0,2023-12-21,COST/TECHNICAL DATA PACKAGE (CTDP) DEVELOPMENT
80HQTR24F0022,THE AEROSPACE CORPORATION,3985396.74,2023-12-21,ON-SITE PROGRAMMATIC AND TECHNICAL SUPPORT SERVICES.FOR SPACE TECHNOLOGY MISSION DIRECTORATE (STMD).
80HQTR24F0025,"BARRIOS TECHNOLOGY, LLC",344199.69,2024-01-16,"TO PROVIDE AGENCY-WIDE AND HQ SPECIFIC CROSS CUTTING ADMINISTRATIVE AND BUSINESS, FOR OSTEM."
80HQTR24F0026,"BARRIOS TECHNOLOGY, LLC",146524.19,2024-01-18,TO PROVIDE GENERAL ADMINISTRATIVE AND BUSINESS SUPPORT SERVICES TO ASSIST IN ACHIEVING HQ OFFICE OF PROCUREMENT ORGANIZATIONAL AND FUNCTIONAL GOALS.
80HQTR24F0030,WASHINGTON METROPOLITAN AREA TRANSIT AUTHORITY,115000.0,2024-02-06,METROPOLITAN AREA TRANSIT AUTHORITY (WMATA) WILL PROVIDE TRANSIT BENEFITS TO NASA'S HEADQUARTERS VIA THE WMATA SMARTBENEFITS TRANSIT BENEFIT PROGRAM.
80HQTR24F0031,"BARRIOS TECHNOLOGY, LLC",109843.65,2024-02-16,TO PROVIDE ONSITE GENERAL RECEPTIONIST AND ADMINISTRATIVE SUPPORT TO THE OFFICE OF THE ADMINISTRATOR LOCATED AT NASA HEADQUARTERS.
80HQTR24F0032,THE AEROSPACE CORPORATION,5137882.84,2024-02-20,PROGRAMMATIC ASSESSMENTS AND MONITORING (PAM) FOR THE SCIENCE MISSION DIRECTORATE (SMD)
80HQTR24F0034,THE AEROSPACE CORPORATION,1302100.79,2024-02-20,ORGANIZATIONAL SUPPORT FOR SPACE ENVIRONMENTS TESTING MANAGEMENT OFFICE (SETMO).
80HQTR24F0036,THE AEROSPACE CORPORATION,373414.24,2024-03-15,"TO PROVIDE TECHNICAL SUPPORT AND PROGRAMMATIC ANALYSIS, CONSULTATION AND EVALUATION. .THIS SUPPORT SHALL PROVIDE ASSESSMENT AND ENGINEERING SUPPORT ACROSS M2M PROGRAM MATTERS."
80HQTR24F0037,"ICF INCORPORATED, L.L.C.",651786.0,2024-03-18,TO PROVIDE A SCOPE FOR SPECIALIZED SUPPORT SERVICES FOR TWO CLIMATE SERVICES PERSONNEL TO THE U.S. GLOBAL CHANGE RESEARCH PROGRAM (USGCRP) NATIONAL COORDINATION OFFICE (NCO) FOR CLIMATE SERVICES.
80HQTR24F0038,"CAPITOL EXHIBIT SERVICES, INC",19909.15,2024-03-26,FY 2024 EXHIBIT STORAGE TASK ORDER
80HQTR24F0040,"HSG, LLC",1134049.0,2024-03-29,"TASK ORDER REQUEST FOR SUPPORT FOR 2024 NASA HEADQUARTERS OCCUPATIONAL HEALTH, FITNESS, WELLNESS, AND EMPLOYEE ASSISTANCE PROGRAM (OHFWEAP)."
80HQTR24F0042,THE AEROSPACE CORPORATION,483118.48,2024-03-27,"""ELEMENT DEFINITION AND INTEGRATION EDI ORGANIZATION, .AN OFFICE WITHIN STRATEGY & ARCHITECTURES OFFICE SAO .IN THE EXPLORATION SYSTEMS DEVELOPMENT MISSION DIRECTORATE"" EDI."
80HQTR24F0045,"BARRIOS TECHNOLOGY, LLC",100000.0,2024-04-11,"STRATEGIC PLANNING, ANALYSIS, AND PROGRAMMATIC SUPPORT FOR .PLANETARY SCIENCES DIVISION .HQ SCIENCE MISSION DIRECTORATE."
80HQTR24F0046,"BARRIOS TECHNOLOGY, LLC",226082.84,2024-04-10,"STRATEGIC PLANNING, ANALYSIS, AND PROGRAMMATIC SUPPORT FOR.PLANETARY SCIENCES DIVISION.HQ SCIENCE MISSION DIRECTORATE"
80HQTR24F0051,"BARRIOS TECHNOLOGY, LLC",234653.99,2024-04-15,ADMINISTRATIVE AND TECHNICAL WRITING SUPPORT .FOR THE SPACE TECHNOLOGY MISSION DIRECTORATE (STMD).
80HQTR24F0052,"BARRIOS TECHNOLOGY, LLC",83885.34,2024-04-15,ADMINISTRATIVE/BUSINESS SUPPORT   HQ OFFICE OF PROCUREMENT
80HQTR24F0054,"BARRIOS TECHNOLOGY, LLC",77100.0,2024-04-15,FLIGHT READINESS TRAINING PROGRAM
80HQTR24F0056,"CAPITOL EXHIBIT SERVICES, INC",80230.2,2024-06-25,EAA AIRVENTURE EXHIBIT SUPPORT. EXHIBIT DATES: 7/22/2024 THROUGH 7/28/2024
80HQTR24F0061,GRANT THORNTON LLP,4261857.0,2024-06-18,"MSD RMO IS RESPONSIBLE FOR BUDGET FORMULATION AND THE EXECUTION OF THE SAFETY, SECURITY, AND MISSION SERVICES (SSMS) BUDGETS, AS WELL AS HQ END-USER SUPPORT FOR BUSINESS AND ADMINISTRATIVE SYSTEMS."
80HQTR24F0062,THE AEROSPACE CORPORATION,1559634.67,2024-06-21,PROVIDE SUBJECT MATTER EXPERTISE TO NASA REGARDING SATELLITE CONJUNCTION ASSESSMENT AND RELATED TOPICS.
80HQTR24F0064,"BARRIOS TECHNOLOGY, LLC",129377.08,2024-06-26,COORDINATE AND SUPPORT THE UTILIZATION OF MSDS RISK MANAGEMENT PLAN AND AGENCY PROCEDURAL DOCUMENTS AND PROVIDE ANALYSIS AND RECOMMENDATION SUPPORT TO ASSIST WITH MSD RISK MANAGEMENT.
80HQTR24F0065,THE AEROSPACE CORPORATION,605410.32,2024-06-27,"TO PROVIDE ACCESS TO SPECIALIZED LAB SPACE, LABORATORY SUPPORT, SPECIALIZED MODELING, SIMULATION, AND TEST CAPABILITIES AS WELL AS PERSONNEL WITH SPACE DOMAIN INSIGHTS."
80HQTR24F0067,"BARRIOS TECHNOLOGY, LLC",113312.76,2024-07-02,TO PROVIDE SUPPORT FOR SCIENTISTS ACTING AS PROGRAM OFFICERS IN THE ASTROPHYSICS RESEARCH PROGRAM OR ACTING AS ACQUISITION MANAGERS FOR PROJECTS COMPETED THROUGH ANNOUNCEMENTS OF OPPORTUNITY.
80HQTR24F0069,"BARRIOS TECHNOLOGY, LLC",167868.11,2024-07-18,TO PROVIDE ADMINISTRATIVE AND PROGRAM SUPPORT SERVICES TO THE ES DIVISION AND HQ HCO WITHIN NASA OCHCO.
80HQTR24F0070,"BARRIOS TECHNOLOGY, LLC",112312.76,2024-07-18,"WILL PLAY A CRUCIAL ROLE IN SUPPORTING THE CIVIL RIGHTS COMPLAINT PROCESS, ADJUDICATION PROCEDURES, COMPLIANCE ACTIVITIES, AND DEVELOPMENT OF A NEWSLETTER REGARDING CIVIL RIGHTS COMPLIANCE."
80HQTR24F0071,"BARRIOS TECHNOLOGY, LLC",82838.19,2024-07-18,THE PROJECT AIMS TO ENHANCE ADMINISTRATIVE OPERATIONS ..AND OPTIMIZE EFFICIENCY WITHIN ODEO BY ..LEVERAGING THE EXPERTISE OF AN ..ADMINISTRATIVE OPERATIONS SPECIALIST.
80HQTR24F0072,"BARRIOS TECHNOLOGY, LLC",177017.05,2024-07-18,"PROVIDES DATA AND EVIDENCE-DRIVEN ADVICE TO NASA LEADERSHIP TO ASSURE AN INTEGRATED ENTERPRISE APPROACH TO TECHNOLOGY, POLICY, AND STRATEGY."
80HQTR24F0073,"BARRIOS TECHNOLOGY, LLC",74496.9,2024-07-18,PROVIDE PRIMARY INTEGRATION AND ADMINISTRATIVE SUPPORT TO THE ESDMD MOON TO MARS (M2M) PROGRAM PLANNING & CONTROL (PP&C) OFFICE
80HQTR24F0074,"BARRIOS TECHNOLOGY, LLC",82838.19,2024-07-30,WILL BE RESPONSIBLE FOR OVERSEEING AND MANAGING THE SUCCESSFUL EXECUTION OF THE FOLLOWING SPECIAL PROJECTS:
80HQTR24F0075,"BARRIOS TECHNOLOGY, LLC",55616.91,2024-08-02,TO PROVIDE A HIGH LEVEL OF PROFESSIONALISM AND COURTESY .THAT LEAVES A GOOD IMPRESSION.
80HQTR24F0076,THE AEROSPACE CORPORATION,325735.9,2024-08-12,"AS THE UTILIZATION IMPLEMENTATION COORDINATION LEAD FOR STUI, THE CONTRACTOR SHALL PROVIDE PRODUCTS AND TECHNICAL EXPERTISE TO SUPPORT INTEGRATION ACTIVITIES ACROSS SCIENCE, TECHNOLOGY UTILIZATION, AND INTEGRATION (STUI)"
80HQTR24F0077,THE AEROSPACE CORPORATION,827023.36,2024-08-12,"TO ENSURE THE INTEGRATION OF MPAD ACTIVITIES IN THE AREAS.OF MISSION ASSURANCE, INTEGRATION, AND PROGRAM MANAGEMENT."
80HQTR24F0078,THE AEROSPACE CORPORATION,440000.0,2024-08-12,THE CONTRACTOR SHALL PROVIDE SUBJECT MATTER EXPERTS .WITH THE SKILLS AND EXPERIENCE NECESSARY TO.AUGMENT NASA TECHNICAL AND PROGRAMMATIC DISCIPLINES .IN PERFORMANCE OF SOMD ACTIVITIES.
80HQTR24F0079,"CAPITOL EXHIBIT SERVICES, INC",5288.84,2024-08-23,"NASA EXHIBIT INVENTORY REDUCTION, PHASE 2"
80HQTR24F0080,"CAPITOL EXHIBIT SERVICES, INC",21249.44,2024-09-05,80HQTR24F0080 EAA AIRVENTURE EXHIBITS INVOICE
80HQTR24F0086,WASHINGTON METROPOLITAN AREA TRANSIT AUTHORITY,10952.45,2024-09-04,(WMATA) SHALL PROVIDE SMARTBENEFITS THROUGH THE FEDERAL GOVERNMENT'S TRANSIT SUBSIDY PROGRAM FOR INNUMERABLE EMPLOYEES. FARE CARD PRICES SHALL BE IN ACCORDANCE WITH THE STANDARD METRO COMMERCIAL RATES THAT ARE PUBLISHED AT WMATA WEBSITE
80HQTR24F0087,"BARRIOS TECHNOLOGY, LLC",164534.95,2024-09-17,CONTRACTOR SHALL PROVIDE A WIDE RANGE OF PROGRAM SUPPORT TO THE PO AND BE ABLE TO COMMUNICATE CLEARLY IN SUPPORT OF ASSIGNED ACTIVITIES. CONTRACTOR SHALL ENSURE THAT THE WORK DELIVERED IS
80HQTR24F0088,"BARRIOS TECHNOLOGY, LLC",576571.0,2024-09-19,THE CONTRACTOR WILL COORDINATE WITH DIRECTORATES AND OFFICES THAT EXERCISE RESPONSIBILITY FOR THE ACTIVITIES AND IS TASKED WITH C
80HQTR24F0094,WASHINGTON METROPOLITAN AREA TRANSIT AUTHORITY,299201.3,2024-09-26,WASHINGTON METRO AREA TRANSPORTATION AUTHORITY (WMATA) SMARTBENEFITS.
80HQTR24F0096,THE AEROSPACE CORPORATION,61000.0,2024-09-26,"DEVELOPMENT AND MAINTENANCE OF PRODUCTS, SERVICES, TECHNICAL AND BUSINESS PRACTICES AS DIRECTED BY MSD LEADERSHIP."
80HQTR24F0097,"AGILE DECISION SCIENCES, LLC",436317.84,2024-09-30,SOW -NOAA SPECTRUM MANAGEMENT SOFTWARE APPLICATION DEV-SYS SUPPORT
80HQTR24FA001,ERNST & YOUNG LLP,6769597.13,2024-02-16,NASA'S ANNUAL FINANCIAL STATEMENT AUDIT
80HQTR24FA003,AIRBUS DS GEO INC.,500.0,2023-10-04,"COMMERCIAL SMALLSAT DATA ACQUISITION (CSDA) PROGRAM, MULTIPLE AWARD IDIQ CONTRACT - DELIVERY OF METADATA FOR ARCHIVE"
80HQTR24FA004,CAPELLA SPACE CORPORATION,500.0,2023-10-04,"COMMERCIAL SMALLSAT DATA ACQUISITION (CSDA) PROGRAM, MULTIPLE AWARD IDIQ CONTRACT - DELIVERY OF METADATA FOR ARCHIVE"
80HQTR24FA005,VANTOR INC.,500.0,2023-10-04,"COMMERCIAL SMALLSAT DATA ACQUISITION (CSDA) PROGRAM, MULTIPLE AWARD IDIQ CONTRACT - DELIVERY OF METADATA FOR ARCHIVE"
80HQTR24FA006,SPACE SCIENCES AND ENGINEERING LLC,500.0,2023-10-04,"COMMERCIAL SMALLSAT DATA ACQUISITION (CSDA) PROGRAM, MULTIPLE AWARD IDIQ CONTRACT - DELIVERY OF METADATA FOR ARCHIVE"
80HQTR24FA007,"SPIRE GLOBAL SUBSIDIARY, INC.",500.0,2023-10-04,"COMMERCIAL SMALLSAT DATA ACQUISITION (CSDA) PROGRAM, MULTIPLE AWARD IDIQ CONTRACT - DELIVERY OF METADATA FOR ARCHIVE"
80HQTR24FA008,"UMBRA LAB, INC",500.0,2023-10-04,"COMMERCIAL SMALLSAT DATA ACQUISITION (CSDA) PROGRAM, MULTIPLE AWARD IDIQ CONTRACT - DELIVERY OF METADATA FOR ARCHIVE"
80HQTR24FA009,DELOITTE CONSULTING LLP,124679.69,2023-10-10,"DELIVER A TEAM THAT PROVIDES EDITING & REVIEWS OF CONGRESSIONAL JUSTIFICATION & RELATED MATERIALS, RESULTS IN PRODUCTION OF CJ FINAL PRODUCTS FOR INTERNAL & EXTERNAL NASA STAKEHOLDERS. EXECUTE & SUGGEST IMPROVEMENTS TO BUDGET FORMULATION PROCESS."
80HQTR24FA012,GHGSAT INCORPORATED,500.0,2023-11-16,"COMMERCIAL SMALLSAT DATA ACQUISITION (CSDA) PROGRAM, MULTIPLE AWARD IDIQ CONTRACT - DELIVERY OF METADATA FOR ARCHIVE"
80HQTR24FA015,"JONES LANG LASALLE AMERICAS, INC.",12358.85,2023-11-21,"PROVIDE AN APPRAISAL REPORT FOR APPROXIMATELY 127.66 ACRES WHICH ARE ADJACENT TO AND INCLUDE LC-48 AT KENNEDY SPACE CENTER, FL."
80HQTR24FA018,"LMI CONSULTING, LLC",561630.64,2023-11-30,PERSONAL PROPERTY ASSESSMENT SUPPORT
80HQTR24FA019,GUIDEHOUSE INC.,1831560.0,2023-11-30,"THE CONTRACTOR SHALL PROVIDE SERVICES RELATED TO AN INTEGRATED APPROACH TO CONDUCTING ANNUAL ASSESSMENTS OF NASAS MANAGEMENT CONTROLS, INTERNAL CONTROL OVER FINANCIAL REPORTING, FRAUD RISK MANAGEMENT FRAMEWORK AND PAYMENT INTEGRITY."
80HQTR24FA020,NATIONAL ACADEMY OF SCIENCES,740000.0,2024-01-23,RESEARCH AGENDA FOR REDUCING THE CLIMATE IMPACT OF AVIATION- INDUCED CLOUDINESS AND PERSISTENT CONTRAILS FROM COMMERCIAL AVIATION
80HQTR24FA021,"CHENEGA GLOBAL PROTECTION, LLC",24140.37,2024-02-22,NASA HQ PRTOECTIVE SERVICES- MILO OPS WARRANTY EXTENSION
80HQTR24FA022,"CHENEGA GLOBAL PROTECTION, LLC",4464517.46,2024-02-22,HQ PROTECTIVE SERVICES BASELINE SERVICES YEAR 1
80HQTR24FA025,"JONES LANG LASALLE AMERICAS, INC.",320366.64,2024-02-08,PROVIDE AN INDEPENDENT ANALYSIS IN SUPPORT OF THE AGENCY ALTERNATIVES REVIEW FOR THE ACQUISITION OF THE FUTURE HEADQUARTERS FACILITY WITHIN THE NATIONAL CAPITAL REGION (NCR)
80HQTR24FA026,"JONES LANG LASALLE AMERICAS, INC.",20201.7,2024-02-13,"DETERMINE FAIR MARKET RENTAL VALUE FOR POTENTIAL LEASE OF HANGAR SPACE AT EL PASO INTERNATIONAL AIRPORT, NASA LYNDON B. JOHNSON SPACE CENTER, HOUSTON, TX."
80HQTR24FA027,DELOITTE CONSULTING LLP,14921.58,2024-02-29,"SIB CONDUCTS AN ALL-HANDS ONSITE MEETING ANNUALLY. THE PURPOSE OF THIS MEETING IS GATHER IDEAS & PERSPECTIVES OF SIBS MISSION, VISION, GOALS, OBJECTIVES, & ASSOCIATED PRODUCTS TO HELP NASAS STRATEGIC DECISION-MAKING ABILITIES."
80HQTR24FA029,"SEVENTH SENSE, LLC",517326.14,2024-03-28,"CONTRACTOR SHALL PROVIDE SERVICES TO THE NASA OFFICE OF SMALL BUSINESS PROGRAMS (OSBP) AT NASAS MARSHALL SPACE FLIGHT CENTER (MSFC) IN HUNTSVILLE, AL."
80HQTR24FA030,"CHENEGA GLOBAL PROTECTION, LLC",50032.75,2024-04-05,TO REMOVE ALL EPACS/LENEL EQUIPMENT FROM THE 4TH FLOOR OF THE BUILDING IN PREPARATION OF GIVING THE SPACE BACK TO GSA.  THIS WORK REQUIRES THE PROCUREMENT OF THE BELOW ITEMS TO FACILITATE THE RELOCATION OF THE EPACS WITHIN THE BUILDING.
80HQTR24FA031,"CHENEGA GLOBAL PROTECTION, LLC",273.1,2024-04-05,"TO SUPPORT OF THE ANNUAL HONOR AWARDS CEREMONY SCHEDULED ON APRIL 24, 2024. IN ORDER TO SUPPORT GUEST ACCESS TO RESTROOM FACILITIES ON THE EAST SIDE, REQUEST A SECURITY OFFICER POST NEAR THE RESTROOMS IN THE GREAT HALL AT THE EARTH INFORMATION CENTER"
80HQTR24FA032,"SEVENTH SENSE, LLC",223959.47,2024-03-26,"THE CONTRACTOR SHALL PROVIDE SERVICES TO THE NASA OFFICE OF SMALL BUSINESS PROGRAMS OSBP AT NASAS KENNEDY SPACE CENTER KSC IN CAPE CANAVERAL, FL."
80HQTR24FA033,"JONES LANG LASALLE AMERICAS, INC.",216566.2,2024-04-03,NASA SEEKS PROFESSIONAL REAL ESTATE ADVICE TO RESEARCH PARKING ALTERNATIVES AND RECOMMEND A SOLUTION THAT SUPPORTS THE NASA MISSION AT JPL AND DOES SO IN A MANNER THAT ALIGNS WITH THE OVERALL FINANCIAL OBJECTIVES OF THE AGENCY.
80HQTR24FA034,"CHENEGA GLOBAL PROTECTION, LLC",4205.74,2024-04-05,NASA HQ PROTECTIVE SERVICES- GUARDING EXHIBITS AT NASA HQ FOR EARTH DAY
80HQTR24FA038,"CROWN INNOVATIONS, INC.",136646.85,2024-06-06,"DATA VISUALIZATION OF PERFORMANCE RATINGS AERONAUTICS RESEARCH MISSION DIRECTORATE, OFFICE OF THE ASSOCIATE ADMINISTRATOR"
80HQTR24FA039,"CROWN INNOVATIONS, INC.",320980.92,2024-06-06,THE TASKS WOULD CONSIST OF SUPPORTING AMIO FUNCTIONS AND RESPONSIBILITIES THROUGH BOTH ADMINISTRATIVE SUPPORT AND TECHNICAL SUBJECT MATTER EXPERT SUPPORT IN THE AREAS OF AAM AND SYSTEMS ENGINEERING.
80HQTR24FA041,BOOZ ALLEN HAMILTON INC,4298655.55,2024-06-11,PROGRAM MANAGEMENT SUPPORT FOR BIOLOGICAL AND PHYSICAL SCIENCES BPS DIVISION
80HQTR24FA043,SPACE SCIENCES AND ENGINEERING LLC,2605789.0,2024-08-05,COMMERCIAL SMALLSAT DATA ACQUISITION (CSDA) PROGRAM
80HQTR24FA044,"SPIRE GLOBAL SUBSIDIARY, INC.",7900000.0,2024-08-12,COMMERCIAL SMALLSAT DATA ACQUISITION (CSDA) PROGRAM
80HQTR24FA045,AIRBUS DS GEO INC.,3142605.0,2024-08-02,COMMERCIAL SMALLSAT DATA ACQUISITION (CSDA) PROGRAM DATA
80HQTR24FA046,"JONES LANG LASALLE AMERICAS, INC.",0.0,2024-06-26,"DEVELOP A FAIR MARKET APPRAISAL REPORT FOR A PLOT OF UNDEVELOPED LAND NEAR GODDARD SPACE FLIGHT CENTER BUILDING 2, AND .3 ACRES OF PARTIALLY UNDEVELOPED LAND NORTH OF BUILDINGS 27 AND 27N."
80HQTR24FA047,BOOZ ALLEN HAMILTON INC,5483363.51,2024-06-25,THE CONTRACTOR WILL WORK WITH NASA AND AT NASAS DIRECTION TO FORM A NASA SPACE APPS GLOBAL ORGANIZING TEAM TO EXECUTE THE SPACE APPS PROGRAM.
80HQTR24FA048,"CROWN INNOVATIONS, INC.",2556917.48,2024-07-01,"TO FOCUSED ON THE DEVELOPMENT TOOLS TO ANALYZE THE MATURITY OF AAM SYSTEM ARCHITECTURES, IDENTIFY GAPS IN THE OVERALL SYSTEM ARCHITECTURE SCHEME, AND IDENTIFY POTENTIAL MODIFICATIONS"
80HQTR24FA049,DELOITTE CONSULTING LLP,1224914.97,2024-07-02,"STRATEGIC ANALYSIS, PROGRAM SUPPORT, AND DATA MANAGEMENT SERVICES NASA STMD STRATEGIC PLANNING & INTEGRATION (SPI)"
80HQTR24FA050,"JONES LANG LASALLE AMERICAS, INC.",17218.77,2024-07-16,"DEVELOP A REAL ESTATE APPRAISAL REPORT TO DETERMINE THE FAIR MARKET VALUE FOR 3 FACILITIES, INCLUDING PARKING SPACES LOCATED, AT 2101 NASA 1, HOUSTON, TX 77058 (JOHNSON SPACE CENTER): BUILDING 259, BUILDING 268,  AND BUILDING 423."
80HQTR24FA051,"JONES LANG LASALLE AMERICAS, INC.",18600.0,2024-08-01,"DEVELOP A REAL ESTATE APPRAISAL REPORT TO DETERMINE THE FAIR MARKET VALUE FOR 1,496 ACRES OF LAND LOCATED AT ARMSTRONG TEST FACILITY IN SANDUSKY, OHIO."
80HQTR24FA052,TATITLEK FEDERAL SERVICES LLC,653813.12,2024-07-24,HOSS II - AUDIOVISUAL SERVICES
80HQTR24FA053,TATITLEK FEDERAL SERVICES LLC,395762.94,2024-07-22,HOSS II - EXECUTIVE DRIVER SERVICES
80HQTR24FA054,TATITLEK FEDERAL SERVICES LLC,44427.18,2024-07-29,HOSS II - OVERTIME AND OTHER DIRECT COSTS TASK ORDER
80HQTR24FA055,"CROWN INNOVATIONS, INC.",416125.96,2024-07-30,STRATEGIC EVALUATION AND ASSESSMENT SUPPORT TO THE ARMD OFFICE OF ASSOCIATE ADMINISTRATOR
80HQTR24FA056,NATIONAL ACADEMY OF SCIENCES,598707.0,2024-08-06,REVIEW OF THE SMALL BUSINESS INNOVATION RESEARCH AND SMALL BUSINESS TECHNOLOGY TRANSFER PROGRAMS AT NASA
80HQTR24FA058,"JONES LANG LASALLE AMERICAS, INC.",18941.01,2024-08-15,"DEVELOP A REAL ESTATE APPRAISAL REPORT FOR FOUR (4) REAL PROPERTY ASSETS LOCATED AT MARSHALL SPACE FLIGHT CENTER (MSFC) IN HUNTSVILLE, ALABAMA."
80HQTR24FA059,"JONES LANG LASALLE AMERICAS, INC.",11763.0,2024-08-27,"DEVELOP A REAL ESTATE APPRAISAL TO DETERMINE THE FAIR MARKET VALUE OF THE ADMINISTRATIVE BUILDING (B3) AND THE ADJACENT PARKING LOT LOCATED AT GLENN RESEARCH CENTER'S LEWIS FIELD CAMPUS IN CLEVELAND, OHIO."
80HQTR24FA060,"JONES LANG LASALLE AMERICAS, INC.",16351.92,2024-08-27,"DEVELOP A REAL ESTATE APPRAISAL TO DETERMINE THE FAIR MARKET VALUE OF 23.7 ACRES OF LAND LOCATED AT GLENN RESEARCH CENTER'S LEWIS FIELD CAMPUS IN CLEVELAND, OHIO"
80HQTR24FA062,"JONES LANG LASALLE AMERICAS, INC.",18535.29,2024-08-22,"DEVELOP A FAIR MARKET APPRAISAL REPORT FOR A PLOT OF UNDEVELOPED LAND NEAR GODDARD SPACE FLIGHT CENTER, BUILDING 2, AND .3 ACRES OF PARTIALLY UNDEVELOPED LAND NORTH OF BUILDINGS 27 AND 27N."
80HQTR24FA063,"CROWN INNOVATIONS, INC.",283105.07,2024-08-21,"LIST OF RELEVANT NAVIGATION STANDARDS, POLICIES AND REGULATIONS, HIERARCHY OF NAVIGATION STANDARDS, ANALYSIS AND MAPPING OF APPLICABLE STANDARDS"
80HQTR24FA064,"CROWN INNOVATIONS, INC.",474532.15,2024-08-21,"DEVELOP LIST OF POTENTIAL FEDERAL GOVERNMENT-PROVIDED PUBLIC GOOD MISSIONS THAT CAN LEVERAGE AAM DEVELOPMENTS, INCLUDING THOSE IN THE SUAS, URBAN AIR MOBILITY, AND REGIONAL AIR MOBILITY SPACES."
80HQTR24FA065,DELOITTE CONSULTING LLP,3359271.12,2024-08-29,ACCOUNTING & CONSULTING SERVICES (ACS)
80HQTR24FA066,"JONES LANG LASALLE AMERICAS, INC.",15496.41,2024-09-20,"DEVELOP A REAL ESTATE APPRAISAL REPORT TO DETERMINE THE FAIR MARKET VALUE OF VARIOUS PARCELS OF LAND LOCATED AT STENNIS SPACE CENTER, MISSISSIPPI."
80HQTR24FA067,DELOITTE CONSULTING LLP,2680100.58,2024-08-29,"TO PROVIDE STMD PROGRAM OFFICES, PROGRAM EXECUTIVES, AND STMD RESOURCE MANAGEMENT OFFICE SUPPORT FOR THE PROGRAMS AND PROJECTS THAT ARE INSTITUTED AS PART OF THE OVERALL STMD SUPPORT PORTFOLIO."
80HQTR24FA068,BOOZ ALLEN HAMILTON INC,888483.63,2024-09-03,TO PROVIDE AAM SUBJECT MATTER EXPERTISE TO SUPPORT THE DEVELOPMENT OF AAM USE CASES AND MODELING AND MODEL-BASED SYSTEMS ENGINEERING (MBSE) SUPPORT ACROSS NASA AAM MISSION PROJECTS
80HQTR24FA069,DELOITTE CONSULTING LLP,407228.8,2024-09-04,SUBJECT MATTER EXPERT AND MODEL-BASED SYSTEMS ENGINEERING (MBSE) SUPPORT FOR AAM MISSION PROJECTS
80HQTR24FA070,DELOITTE CONSULTING LLP,5954605.62,2024-09-04,TECHNICAL AND PROGRAM MANAGEMENT SUPPORT (TPMS) EXPLORATION SYSTEMS DEVELOPMENT MISSION DIRECTORATE (ESDMD)/SPACE OPERATIONS MISSION DIRECTORATE (SOMD)
80HQTR24FA071,NATIONAL ACADEMY OF SCIENCES,150000.0,2024-09-18,"A PLANNING COMMITTEE OF THE NATIONAL ACADEMIES OF SCIENCES, ENGINEERING, AND MEDICINE WILL CONVENE A 1.5-DAY WORKSHOP TO BRING TOGETHER EXPERTS TO PROPOSE AREAS FOR COORDINATION AND CAPACITY BUILDING TO ADVANCE ENGAGED RESEARCH."
80HQTR24FA072,"BLACKSKY GEOSPATIAL SOLUTIONS, LLC",500.0,2024-09-18,"COMMERCIAL SMALLSAT DATA ACQUISITION (CSDA) PROGRAM, MULTIPLE AWARD IDIQ CONTRACT - DELIVERY OF METADATA FOR ARCHIVE"
80HQTR24FA073,"ICEYE US, INC",500.0,2024-09-19,"COMMERCIAL SMALLSAT DATA ACQUISITION (CSDA) PROGRAM, MULTIPLE AWARD IDIQ CONTRACT - DELIVERY OF METADATA FOR ARCHIVE"
80HQTR24FA075,"PIXXEL SPACE TECHNOLOGIES, INC.",500.0,2024-09-20,"COMMERCIAL SMALLSAT DATA ACQUISITION (CSDA) PROGRAM, MULTIPLE AWARD IDIQ CONTRACT - DELIVERY OF METADATA FOR ARCHIVE"
80HQTR24FA076,"PLANET LABS FEDERAL, INC.",500.0,2024-09-18,"COMMERCIAL SMALLSAT DATA ACQUISITION (CSDA) PROGRAM, MULTIPLE AWARD IDIQ CONTRACT - DELIVERY OF METADATA FOR ARCHIVE"
80HQTR24FA077,"SATELLOGIC FEDERAL, LLC",500.0,2024-09-20,"COMMERCIAL SMALLSAT DATA ACQUISITION (CSDA) PROGRAM, MULTIPLE AWARD IDIQ CONTRACT - DELIVERY OF METADATA FOR ARCHIVE"
80HQTR24FA078,"TELEDYNE BROWN ENGINEERING, INC.",500.0,2024-09-20,"COMMERCIAL SMALLSAT DATA ACQUISITION (CSDA) PROGRAM, MULTIPLE AWARD IDIQ CONTRACT - DELIVERY OF METADATA FOR ARCHIVE"
80HQTR24FA079,THE TOMORROW COMPANIES INC.,500.0,2024-09-19,"COMMERCIAL SMALLSAT DATA ACQUISITION (CSDA) PROGRAM, MULTIPLE AWARD IDIQ CONTRACT - DELIVERY OF METADATA FOR ARCHIVE"
80HQTR24FA080,SCIENCE APPLICATIONS INTERNATIONAL CORPORATION,361132.2,2024-09-12,THE CONTRACTOR SHALL SYNTHESIZE A BROAD SPECTRUM OF INFORMATION FROM A WIDE ARRAY OF INTERNAL AND EXTERNAL SOURCES TO PROVIDE MANAGEMENT SUPPORT TO THE ASTROPHYSICS DIVISION DIRECTOR AND DEPUTY DIRECTOR.
80HQTR24FA081,SCIENCE APPLICATIONS INTERNATIONAL CORPORATION,1110028.96,2024-09-18,"THE CONTRACTOR SHALL PROVIDE THE LABOR AND SUPPORT TO MANAGE, COORDINATE, SCHEDULE AND ACCOMPLISH THE MANY TASKS NECESSARY TO DEVELOP, DESIGN AND PLAN WORKSPACE AND CONSTRUCTION"
80HQTR24FA082,"AMALGAMATED SERVICES, INC.",4000.0,2024-09-26,EMERGENCY HVAC SERVICES FOR HQ
80HQTR24FA085,"CROWN INNOVATIONS, INC.",370455.76,2024-09-26,ARMD ENTERPRISE RISK AND OPPORTUNITY MANAGEMENT ARMD PROGRAM AND PROJECT LIFECYCLE MANAGEMENT ARMD OFFICE OF THE ASSOCIATE ADMINISTRATOR
80HQTR24FA086,THE TOMORROW COMPANIES INC.,1998912.0,2024-09-27,CSDA PROGRAM: TOMORROW CO. EVALUATION TASK
80HQTR24FA087,"SATELLOGIC FEDERAL, LLC",1598724.0,2024-09-27,COMMERCIAL SMALLSAT DATA ACQUISITION (CSDA) PROGRAM
80HQTR24FA088,"PIXXEL SPACE TECHNOLOGIES, INC.",1592448.0,2024-09-27,CSDA PROGRAM:  PIXXEL EVALUATION TASK FOR HYPERSPECTRAL DATA PRODUCTS
80HQTR24FA089,VANTOR INC.,1388041.0,2024-09-29,CSDA PROGRAM:  MAXAR EVALUATION TASK
80HQTR24FA090,"UMBRA LAB, INC",2826618.0,2024-09-27,CSDA PROGRAM:  UMBRA EVALUATION TASK
80HQTR24FA091,CAPELLA SPACE CORPORATION,286736.0,2024-09-29,CSDA PROGRAM:  CAPELLA EVALUATION TASK
80HQTR24FA092,"LMI CONSULTING, LLC",468260.48,2024-09-27,EXECUTIVE OFFICER SUPPORT SCIENCE MISSION DIRECTORATE
80HQTR24FA093,"JONES LANG LASALLE AMERICAS, INC.",22800.91,2024-09-27,"DEVELOP A REAL ESTATE APPRAISAL REPORT TO DETERMINE THE FAIR MARKET VALUE OF APPROXIMATELY 41.1 ACRES OF LAND IDENTIFIED AT AMES RESEARCH CENTER, NEAR MOUNTAIN VIEW, CA."
80HQTR24FA094,"LMI CONSULTING, LLC",500000.0,2024-09-27,NASA OFFICE OF INSPECTOR GENERAL TASK ORDER OFFICE OF DATA ANALYTICS
80HQTR24FA095,"LMI CONSULTING, LLC",190811.01,2024-09-30,URBAN AIR MOBILITY OPERATIONS LIMITS INCORPORATING THROUGHPUT CONSTRAINTS ARMD/AMIO
80HQTR24PA001,GUIDEHOUSE LLP,1899.0,2023-11-01,30 DAY PHASE-IN FOR INTEGRATED MANAGEMENT SYSTEMS AND INTERNAL CONTROL (IMSIC) AWARD
80JSC024CA001,"OUTPOST TECHNOLOGIES, INC.",1182007.71,2023-12-04,DELIVERY FOR ONE-HALF INCH STAINLESS STEEL QUICK DISCONNECT DESIGN AND ONE-FOURTH INCH TITANIUM QD DESIGN AND HARDWARE. MATURE QD DESIGNS BASED OFF
80JSC024CA002,SPACE EXPLORATION TECHNOLOGIES CORP.,425568844.14,2024-06-26,"DESIGN, DEVELOP, MANUFACTURE, TEST, INTEGRATE, ACHIEVE NASA ACCEPTANCE, DELIVER, AND SUSTAIN ITS UNITED STATES DEORBIT VEHICLE (USDV) SUCH THAT THE USDV CAN PERFORM THE FINAL DEORBIT OF THE INTERNATIONAL SPACE STATION (ISS)"
80JSC024CA003,PERILLO INDUSTRIES INC.,526125.0,2024-06-05,TELEVISION CAMERA INTERFACE CONTROLLER: TVCIC
80JSC024CA005,"LEIDOS, INC.",88578575.67,2024-06-27,CARGO MISSION CONTRACT 4 (CMC4)
80JSC024F0003,"STRAUGHAN ENVIRONMENTAL, INC.",37423.9,2023-10-10,JSC ENVIRONMENTAL SERVICES TEAM (JEST) - CALL 26 ALOF ENVIRONMENTAL ASSESSMENT
80JSC024F0006,THE REGENTS OF THE UNIVERSITY OF COLORADO,507000.0,2023-10-12,ISS: THE EFFECTS OF AGE ON THE MECHANOCHEMICAL FEEDBACK LOOP FOR EXTRACELLULAR MATRIX PRODUCTION BY FIBROBLASTS IN THE CONTEXT OF WOUND HEALING
80JSC024F0008,"DRIVENDATA, INC.",120000.0,2023-10-13,NASA OPEN INNOVATION SERVICES 2 (NOIS2) CROWDSOURCING  NOIS2-133 OBJECT DETECTION AND POSE ESTIMATION OF A GENERIC SPACECRAFT
80JSC024F0010,CALNETIX TECHNOLOGIES LLC,155012.0,2024-01-18,TEST TWO (2) SETS OF BACKUP DROP BEARINGS IN AN ENGINEERING BLOWER WHICH MIMICS THE ON-ORBIT FLIGHT BLOWER INSTALLED IN FOUR BED CO2 SCRUBBER(FBCO2) IN MARCH 2023
80JSC024F0012,PARAGON SPACE DEVELOPMENT CORPORATION,120018.58,2023-12-06,"PARAGON SHALL REVIEW AND APPROVE A CMC/JCCT PROVIDED LAUNCH CONFIGURATION DESIGN OF THE BPA DETRUSOR (505600150,"
80JSC024F0015,"ENSEMBLE GOVERNMENT SERVICES, LLC",1426750.0,2024-01-01,OPEN INNOVATION SERVICES 2 (NOIS2) CROWDSOURCING  NOIS2-159 CAS DISCOVERY TEAM FREELANCE SUPPORT - NASA
80JSC024F0017,"HEROX, PBC",279000.0,2024-01-24,OPEN INNOVATION SERVICES 2 (NOIS2) CROWDSOURCING  NOIS2-160 2024 FAA DATA CHALLENGE - NASA
80JSC024F0021,FREELANCER INTERNATIONAL PTY LTD,6000.0,2024-01-31,NASA OPEN INNOVATION SERVICES 2 (NOIS2) CROWDSOURCING  NOIS2-135 NIAC ART DESIGN CHALLENGE
80JSC024F0024,"STRAUGHAN ENVIRONMENTAL, INC.",2525508.45,2024-02-08,CALL 28 CORE SERVICES (3/1/24 - 2/28/25) JEST
80JSC024F0025,"STRAUGHAN ENVIRONMENTAL, INC.",246063.96,2024-02-08,CALL 29 NON-CORE SERVICES (3/1/24 - 2/28/25) - JEST
80JSC024F0026,"STRAUGHAN ENVIRONMENTAL, INC.",577418.07,2024-02-08,JSC ENVIRONMENTAL SERVICE TEAM (JEST) SUPPORT SERVICES BLANKET PURCHASE AGREEMENT (BPA) - CALL 30 T&M (3/1/24 - 2/28/25)
80JSC024F0029,CALNETIX TECHNOLOGIES LLC,31163.0,2024-02-21,ONE (1) EDU BLOWER TO FLIGHT QUALITY WHICH CAN BE LAUNCHED AND INSTALLED ON BOARD ISS.
80JSC024F0030,"HAMILTON SUNDSTRAND SPACE SYSTEMS INTERNATIONAL, INC.",247286.63,2024-05-08,"THE CONTRACTOR SHALL DEVELOP, DESIGN, AND DELIVER THE BARRIER FOR THE ODOR BACTERIA FILTER (OBF) TO PREVENT POTENTIAL MIGRATION INTO THE DUAL FAN SEPARATOR (DFS) DURING ORION LAUNCH WITH THE FILTER INSTALLED."
80JSC024F0031,"HEROX, PBC",144000.0,2024-03-18,NASA OPEN INNOVATION SERVICES 2 NOIS2-165 ARSX 2025 NOIS2-165 ARSX 2025 RESEARCH COMPETITION IMPLEMENTATION
80JSC024F0034,FLIGHT SUITS,24160.0,2024-03-21,LIQUID COOLING GARMENT - XEMU
80JSC024F0037,"ENSEMBLE GOVERNMENT SERVICES, LLC",374000.0,2024-03-25,NASA OPEN INNOVATION SERVICES 2 (NOIS2) UNCREWED AIRCRAFT SYSTEMS (UAS) CHALLENGE IMPLEMENTATION
80JSC024F0039,"ENSEMBLE GOVERNMENT SERVICES, LLC",50000.0,2024-03-26,OPEN INNOVATION SERVICES 2 (NOIS2) 167 NASA STMD TECHNOLOGY GAP PUBLIC SURVEY - NASA
80JSC024F0041,"CROWDPLAT, INC.",100000.0,2024-04-10,NOIS2 127 - BREATH ANALYSIS USING THE NASA E-NOSE
80JSC024F0042,"AIR-LOCK, INCORPORATED",91250.0,2024-04-15,"THIS STATEMENT OF WORK SPECIFIES THE PROCUREMENT OF CONNECTORS AS REQUIRED FOR NASA ORION CREW SURVIVAL SYSTEMS (OCSS) PROJECT, IN SUPPORT OF THE ORION PROGRAM."
80JSC024F0043,AMERICAN OXYGEN LLC,11852.0,2024-04-24,CONTINUES WAFER AND CELL STACK ACTIVITIES NEEDED TO PRODUCE HIGH PRESSURE OXYGEN
80JSC024F0045,CALNETIX TECHNOLOGIES LLC,57492.0,2024-04-29,NASA FBCO2 CONTROLLER CAPABILITY STUDY
80JSC024F0046,"DRIVENDATA, INC.",169950.0,2024-04-30,NASA OPEN INNOVATION SERVICES 2 (NOIS2) CROWDSOURCING  NOIS2-168 USING MACHINE LEARNING TO AUTOMATE POPULATING VARIABLES FROM NARRATIVE DATA
80JSC024F0047,CALNETIX TECHNOLOGIES LLC,16785.5,2024-05-13,NASA FBCO2 CONTROLLER CAPABILITY STUDY
80JSC024F0048,THE REGENTS OF THE UNIVERSITY OF COLORADO,16684.16,2024-05-07,ADVANCED MICROSCOPY SESSIONS TO SUPPORT THE EUROPEAN SPACE AGENCY (ESA) IN ITS ROTIFER B2 INVESTIGATION
80JSC024F0052,THE REGENTS OF THE UNIVERSITY OF COLORADO,165000.0,2024-05-14,ADVANCED MICROSCOPY SESSIONS TO SUPPORT THE EUROPEAN SPACE AGENCY (ESA) IN ITS ROTIFER B2 INVESTIGATION
80JSC024F0054,"AIR-LOCK, INCORPORATED",121100.0,2024-06-03,THE CREW AND THERMAL SYSTEMS DIVISION S SPACE SUIT SYSTEMS BRANCH IS REQUESTING THE DELIVERY OF NEW EXPLORATION EXTRA VEHICULAR MOBILITY UNIT SPACE SUIT BEARINGS XEMU
80JSC024F0055,"CROWDPLAT, INC.",85000.0,2024-05-30,NASA OPEN INNOVATION SERVICES 2 (NOIS2) NOIS2-174 IMPROVING LUNAR MAP RESOLUTION
80JSC024F0056,FREELANCER INTERNATIONAL PTY LTD,75000.0,2024-06-10,HIGHER FIDELITY DEMONSTRATIONS AND ENVIRONMENTS FOR SPACE ROBOT OPERATING SYSTEM (ROS)
80JSC024F0057,"CROWDPLAT, INC.",205000.0,2024-06-11,NOIS2-179 AIRPORT THROUGHPUT PREDICTION: UNIVERSITY CHALLENGE
80JSC024F0058,PARAGON SPACE DEVELOPMENT CORPORATION,86082.0,2024-06-13,EXPLORATION EXTRA-VEHICULAR MOBILITY UNIT XEMU TRAINING SOFTGOODS LIQUID COOLING AND VENTILATION GARMENT LVCG WAIST AND HUT VENT DUCTS THE CREW AND THERMAL SYSTEMS DIVISION
80JSC024F0059,"HEROX, PBC",213000.0,2024-06-13,NOIS2 (NASA OPEN INNOVATION SERVICES)-170  NATIONAL INSTITUTES OF HEALTH (NIH) REDUCING HEALTH DISPARITIES FOR PEOPLE WITH DISABILITIES
80JSC024F0061,"AIR-LOCK, INCORPORATED",573870.0,2024-06-27,"HIS STATEMENT OF WORK SPECIFIES THE PROCUREMENT OF CONNECTORS, UMBILICALS, AND OTHER SUIT HARDWARE COMPONENTS AS REQUIRED FOR OCSS-LIKE SUIT DEVELOPMENT WORK AND FABRICATION IN SUPPORT OF THE HLS PROGRAM."
80JSC024F0062,"HAMILTON SUNDSTRAND SPACE SYSTEMS INTERNATIONAL, INC.",1100069.22,2024-06-19,UNIVERSAL WASTE MANAGEMENT SYSTEM (UWMS) SUSTAINING SPARES AND CONSUMABLES TASK ORDER REQUIREMENT
80JSC024F0065,"HEALTHEON, INC",9238580.5,2024-07-19,REPAIR OF THE MECHANICAL SYSTEMS IN BUILDING 7- CREW SYSTEMS LABORATORY
80JSC024F0068,"BLUE ORIGIN, LLC",18597991.0,2024-07-24,COMMERCIAL LUNAR PAYLOAD SERVICES (CLPS) TASK ORDER CT-3
80JSC024F0069,THE REGENTS OF THE UNIVERSITY OF COLORADO,147939.39,2024-07-18,"THE SCIENCE TEAM PROPOSES TO INVESTIGATE THE SPACEFLIGHT IMPACT ON THE SPROUTING PERCENTAGE (GERMINATION) OF GREEN GRAM AND FENUGREEK, THEIR NUTRITIONAL PROFILE, CHANGES IN PHYTOHORMONES DYNAMICS, AND SPROUT TRANSCRIPTOME RESPONSE."
80JSC024F0070,FREELANCER INTERNATIONAL PTY LTD,95000.0,2024-07-24,NOIS2-177 NAVIGATION SOLUTIONS FOR THE LUNAR SOUTH POLE
80JSC024F0071,THE REGENTS OF THE UNIVERSITY OF COLORADO,299834.5,2024-07-25,EFFECT OF METABOLIC SUPPLEMENTS ON MUSCLE REGENERATION UNDER MICROGRAVITY
80JSC024F0072,"ENSEMBLE GOVERNMENT SERVICES, LLC",50000.0,2024-07-30,NASA OPEN INNOVATION SERVICES 2 (NOIS2) 185 NASA SOMD LEO OBJECTIVES PUBLIC FEEDBACK
80JSC024F0073,THE REGENTS OF THE UNIVERSITY OF COLORADO,40768.95,2024-08-13,BIOSERVE SUPPORT FOR BIONUTRIENTS-3 (BN-3)
80JSC024F0074,THE REGENTS OF THE UNIVERSITY OF COLORADO,5173.86,2024-08-13,"THIS TASK ORDER IS REQUESTED FOR BIOSERVE SPACE TECHNOLOGIES TO PROVIDE, IN ACCORDANCE WITH CONTRACT 80JSC019D0026, THE REQUIRED SUSTAINING SUPPORT FOR THE GALLEY REFRIGERATOR"
80JSC024F0076,"BARRIOS TECHNOLOGY, LLC",231184.44,2024-08-22,TECHNOLOGY DEMONSTRATION OF THE REDWIRE GREENHOUSE USING A BIOLOGICAL AND PHYSICAL SCIENCE (BPS) DIVISION SPONSORED EXPERIMENT AS A COROLLARY TO DEMONSTRATE THAT THE GREENHOUSE SUCCESSFULLY SERVES AS A PLATFORM FOR PLANT GROWTH EXPERIMENTS
80JSC024F0077,"CROWDPLAT, INC.",80000.0,2024-08-28,NOIS2-176 IMPROVED PROCESSING FOR AIRBORNE SENSING TO SUPPORT TACTICAL DECISIONS
80JSC024F0079,"INTUITIVE MACHINES, LLC",88031400.0,2024-08-29,COMMERCIAL LUNAR PAYLOAD SERVICES (CLPS)
80JSC024F0083,"ENSEMBLE GOVERNMENT SERVICES, LLC",400000.0,2024-09-12,NASA OPEN INNOVATION SERVICES 2 (NOIS2) 158 INNOVATIVE BUSINESS MODELS FOR CLIMATE DATA SOLUTIONS CHALLENGE
80JSC024F0085,"CROWDPLAT, INC.",1365000.0,2024-09-17,NOIS2-192 HHS LYME INNOVATION TECHNOLOGIES AND HHS LYME INNOVATION COMMUNICATIONS SUPPORT
80JSC024F0086,"CROWDPLAT, INC.",150000.0,2024-09-18,NOIS2-187 PER- AND POLYFLUOROALKYL SUBSTANCES (PFAS) PRIZE COMPETITIONS
80JSC024F0088,CBF PARTNERS JV LLC,6701773.66,2024-09-20,ADMIN SERVICES
80JSC024F0089,"HEROX, PBC",99810.0,2024-09-19,NOIS2-190 INCAPACITATED CREW RESCUE (ICR) CHALLENGE
80JSC024F0091,CALNETIX TECHNOLOGIES LLC,17019.0,2024-09-27,NASA FBCO2 CONTROLLER CAPABILITY STUDY
80JSC024F0092,PARAGON SPACE DEVELOPMENT CORPORATION,366957.72,2024-09-27,SUSTAINING SERVICES FOR THE BRINE PROCESSOR ASSEMBLY (BPA) ON ISS (CLIN 0001 & 0002) FOR CALENDAR YEAR (CY) 2024
80JSC024F0094,"NANORACKS, LLC",5395738.19,2024-09-27,HIGH SCHOOL STUDENTS UNITED WITH NASA TO CREATE HARDWARE- HUNCH TASK ORDER #4
80JSC024F0100,DEUTSCHES ZENTRUM FÜR LUFT- UND RAUMFAHRT E.V.,7729892.59,2023-12-21,BEDREST STUDIES
80JSC024FA005,"STI LEGACY, INC.",450400.0,2023-10-13,A VIRTUAL ASTRONAUT TISSUE ANALOG RESPONSE (AVATAR) EXPERIMENT FEASIBILITY ASSESSMENTS
80JSC024FA006,NATIVE RESOURCE DEVELOPMENT CO INC,2507.34,2023-10-13,"CUSTODIAL, HOUSEKEEPING, WASTE-REMOVAL, AND INSECT EXTERMINATION II (CHWIE II)"
80JSC024FA007,BOOZ ALLEN HAMILTON INC,870973.0,2023-10-17,TASK ORDER 72 BASE - GAME CHANGING DEVELOPMENT (GCD) PROGRAM DATA MANAGEMENT AND GCD TOOL SUPPORT ASSESSMENT - SPEACII
80JSC024FA008,"YET2.COM, INC",35000.0,2023-10-27,NASA OPEN INNOVATION SERVICES 2 (NOIS2) CROWDSOURCING NOIS2-155 DETECTING SUBSURFACE CRACKS IN EMBANKMENTSMARKET SURVEY
80JSC024FA009,BSN MEDICAL INC,151514.74,2023-11-02,ORTHOSTATIC INTOLERANCE GARMENTS - DELIVERY ORDER 1 - 80JSC024DA014 -
80JSC024FA010,AMERICAN SYSTEMS CORPORATION,49907.26,2024-02-01,T-38 AUTOPILOT ACTUATOR UPGRADE
80JSC024FA012,BOOZ ALLEN HAMILTON INC,151659.0,2023-11-30,TASK ORDER 73 BASE - SYSTEMS ENGINEERING AND TECHNICAL SUPPORT SERVICES FOR ADVANCED - SPEACII
80JSC024FA013,PROCON CONSULTING LLC,232007.16,2023-11-29,CONSTRUCTION MANAGEMENT AND PROFESSIONAL ENGINEERING SERVICES II (COMPES II)
80JSC024FA014,"YET2.COM, INC",35000.0,2023-12-18,NASA OPEN INNOVATION SERVICES 2 (NOIS2) CROWDSOURCING NOIS2-157 AT REST SOIL STRESS TECHNOLOGY SEARCH
80JSC024FA015,BOOZ ALLEN HAMILTON INC,1589809.0,2023-12-07,SPEACII - TASK ORDER 74 BASE - EVA AND HUMAN SURFACE MOBILITY PROGRAM (EHP) ASSESSMENT
80JSC024FA016,PROCON CONSULTING LLC,74409.06,2023-12-08,CONSTRUCTION MANAGEMENT AND PROFESSIONAL ENGINEERING SERVICES II (COMPES II)
80JSC024FA017,"ATA ENGINEERING, INC.",70672.0,2024-01-09,WB-57F N926 AND N928 38% SPAR LUG STRUCTURAL INVESTIGATION
80JSC024FA018,BOOZ ALLEN HAMILTON INC,466550.0,2023-12-19,"TASK ORDER 75 BASE - SCIENCE MISSION DIRECTORATE, HELIOPHYSICS DIVISION RIDESHARE OFFICE ASSESSMENT - SPEACII"
80JSC024FA048,"GEXA ENERGY, LP",15369826.99,2023-12-19,"ELECTRICITY SUPPLY & ANCILLARY SERVICES FOR JSC (JSC, EF, SCTF)"
80JSC024FA049,PROCON CONSULTING LLC,9652.36,2023-12-19,"COMPES II CALL 36 - ARTEMIS ROCK YARD TOPOGRAPHY SURVEY"""
80JSC024FA050,BOOZ ALLEN HAMILTON INC,54090.0,2023-12-29,TASK ORDER 77 BASE - MACHINE LEARNING FOR ADVANCING RISK PRECURSOR IDENTIFICATION TOOLS IN COMMERCIAL AIRLINE OPERATIONS ASSESSMENT - SPEACII
80JSC024FA051,BOOZ ALLEN HAMILTON INC,324870.0,2023-12-29,TASK ORDER 76 BASE - MOON TO MARS IMAGERY SYSTEMS ENGINEERING SME ASSESSMENT - SPEACII
80JSC024FA054,THE POTOMAC INSTITUTE FOR POLICY STUDIES,342527.44,2023-12-27,TECHNOLOGY FORECAST SERVICES
80JSC024FA055,PROCON CONSULTING LLC,703895.49,2023-12-21,LAUNCH COMPLEX (LC-39B) LIQUID HYDROGEN (LH2) REPAIRS - SUPPORT - COMPES II CALL 37 - KSC -
80JSC024FA057,"NANORACKS, LLC",166800.0,2024-01-25,CSLI MISSION INTEGRATION SUPPORT
80JSC024FA058,BOOZ ALLEN HAMILTON INC,278056.0,2024-01-31,TASK ORDER 78 BASE - STRATEGIC BUSINESS INTEGRATION SCHEDULE ARCHITECTURE DATABASE ASSESSMENT - SPEACII
80JSC024FA059,BOOZ ALLEN HAMILTON INC,112917.0,2024-01-31,TASK ORDER 79 BASE - ORION INTEGRATED AVIONIC TEST SYSTEMS ASSESSMENT - SPEACII
80JSC024FA060,BOOZ ALLEN HAMILTON INC,43885.0,2024-02-01,"SPEACII - TASK ORDER 80 BASE - NASA SPACE TECHNOLOGY MISSION DIRECTORATE (STMD) DIVERSITY, EQUITY, INCLUSION, AND ACCESSIBILITY (DEI &A) SUPPORT ASSESSMENT"
80JSC024FA061,NATIVE RESOURCE DEVELOPMENT CO INC,5456858.05,2024-02-29,"CUSTODIAL, HOUSEKEEPING, WASTE-REMOVAL, AND INSECT EXTERMINATION II (CHWIE II)"
80JSC024FA062,NATIVE RESOURCE DEVELOPMENT CO INC,21525.6,2024-02-29,"CUSTODIAL, HOUSEKEEPING, WASTE-REMOVAL, AND INSECT EXTERMINATION II (CHWIE II)"
80JSC024FA063,NATIVE RESOURCE DEVELOPMENT CO INC,3101.8,2024-02-29,"CUSTODIAL, HOUSEKEEPING, WASTE-REMOVAL, AND INSECT EXTERMINATION II (CHWIE II)"
80JSC024FA064,NATIVE RESOURCE DEVELOPMENT CO INC,21877.2,2024-03-01,"CUSTODIAL, HOUSEKEEPING, WASTE-REMOVAL, AND INSECT EXTERMINATION II (CHWIE II)"
80JSC024FA065,NATIVE RESOURCE DEVELOPMENT CO INC,10382.4,2024-03-01,"CUSTODIAL, HOUSEKEEPING, WASTE-REMOVAL, AND INSECT EXTERMINATION II (CHWIE II)"
80JSC024FA066,NATIVE RESOURCE DEVELOPMENT CO INC,3101.8,2024-02-29,"CUSTODIAL, HOUSEKEEPING, WASTE-REMOVAL, AND INSECT EXTERMINATION II (CHWIE II)"
80JSC024FA067,NATIVE RESOURCE DEVELOPMENT CO INC,1550.9,2024-03-01,"CUSTODIAL, HOUSEKEEPING, WASTE-REMOVAL, AND INSECT EXTERMINATION II (CHWIE II)"
80JSC024FA069,"NANORACKS, LLC",3258000.0,2024-02-08,NRAL AND GAMBIT ADDITIONAL DATA PURCHASE
80JSC024FA070,"SPECIAL AEROSPACE SERVICES, LLC",199878.45,2024-02-09,SUBORBITAL CREW (SUBC) SUPPORT
80JSC024FA071,AMERICAN SYSTEMS CORPORATION,414.76,2024-02-16,AUTOPILOT PILOT SUSTAINMENT
80JSC024FA073,"STI LEGACY, INC.",10134330.16,2024-02-14,A VIRTUAL ASTRONAUT TISSUE ANALOG RESPONSE (AVATAR) MISSIONS
80JSC024FA075,PROCON CONSULTING LLC,15605.18,2024-02-16,CONSTRUCTION MANAGEMENT AND PROFESSIONAL ENGINEERING SERVICES II (COMPES II)
80JSC024FA077,BOOZ ALLEN HAMILTON INC,56460.0,2024-03-11,SPEACII - TASK ORDER 81 BASE - SURFACE BIOLOGY AND GEOLOGY DESIGNATED OBSERVABLE VALIDATION ASSESSMENT.
80JSC024FA078,NATIVE RESOURCE DEVELOPMENT CO INC,1849.15,2024-02-29,"CUSTODIAL, HOUSEKEEPING, WASTE-REMOVAL, AND INSECT EXTERMINATION II (CHWIE II)"
80JSC024FA079,NATIVE RESOURCE DEVELOPMENT CO INC,559.2,2024-03-05,"CUSTODIAL, HOUSEKEEPING, WASTE-REMOVAL, AND INSECT EXTERMINATION II (CHWIE II)"
80JSC024FA080,BOOZ ALLEN HAMILTON INC,1841466.0,2024-03-01,"TASK ORDER 82 BASE - FRONT OFFICE, SCIENCE MISSION DIRECTORATE, STRATEGIC - SPEACII"
80JSC024FA081,PROCON CONSULTING LLC,280949.73,2024-03-01,CONSTRUCTION MANAGEMENT AND PROFESSIONAL ENGINEERING SERVICES II (COMPES II)
80JSC024FA082,BOOZ ALLEN HAMILTON INC,567550.0,2024-03-05,"TASK ORDER 83 BASE - SYSTEMS ENGINEERING AND TECHNICAL SUPPORT SERVICES FOR ADVANCED COMMUNICATION AND NAVIGATION TECHNOLOGY DIVISION SPACE COMMUNICATIONS AND NAVIGATION PROGRAM OFFICE, SPACE OPERATIONS MISSION DIRECTORATE ASSESSMENT - SPEACII"
80JSC024FA083,BOOZ ALLEN HAMILTON INC,1923416.0,2024-03-04,SPEACII - TASK ORDER 84 BASE - NASA ODEO DEIA DATA ANALYTICS AND ASSESSMENT
80JSC024FA085,BOOZ ALLEN HAMILTON INC,3316338.28,2024-03-14,"SPEACII - TASK ORDER 85 BASE - SCIENCE MISSION DIRECTORATE, HELIOPHYSICS DIVISION KNOWLEDGE MANAGEMENT ASSESSMENT."
80JSC024FA086,"STI LEGACY, INC.",332500.0,2024-03-12,A VIRTUAL ASTRONAUT TISSUE ANALOG RESPONSE (AVATAR) MISSIONS
80JSC024FA087,BOOZ ALLEN HAMILTON INC,2093189.0,2024-03-13,"SPEACII - TASK ORDER 86 BASE - NASA EARTH ACTION SOLUTIONS FOR ENERGY, INFRASTRUCTURE, AND THE BROADER COMMUNITY"
80JSC024FA088,BOOZ ALLEN HAMILTON INC,442470.0,2024-03-13,SPEACII - TASK ORDER 87 BASE - ASTROPHYSICS DATA ARCHIVES ASSESSMENT
80JSC024FA089,PROCON CONSULTING LLC,58880.51,2024-03-13,CONSTRUCTION MANAGEMENT AND PROFESSIONAL ENGINEERING SERVICES II (COMPES II)
80JSC024FA091,BOOZ ALLEN HAMILTON INC,640369.0,2024-03-21,SPEACII - TASK ORDER 88 BASE - FACILITY DEGRADATION MODELING AND FACILITY DATA LIFECYCLE ASSESSMENT
80JSC024FA092,BOOZ ALLEN HAMILTON INC,309730.0,2024-03-26,TASK ORDER 89 BASE - INTERNATIONAL SPACE STATION (ISS) PROGRAM SOFTWARE DEVELOPMENT AND INTEGRATION LABORATORY (SDIL) ASSESSMENT.  SPEACII
80JSC024FA094,BOOZ ALLEN HAMILTON INC,996042.0,2024-04-03,SPEACII - TASK ORDER 90 BASE - MOON TO MARS EXPLORATION OPERATIONS ASSESSMENT
80JSC024FA095,"REDWIRE SPACE TECHNOLOGIES, INC.",181929.34,2024-03-29,BIOFILM GROWTH AND ARCHITECTURE IN POROUS MEDIA: EXPLORING THE EFFECT OF GRAVITATIONAL AND INTERFACIAL FOR
80JSC024FA096,BOOZ ALLEN HAMILTON INC,147600.0,2024-05-10,STRATEGIC PROFESSIONAL ENGINEERING ASSESSMENT CONTRACT (SPEAC) II
80JSC024FA098,"SEVENTH SENSE, LLC",1051230.98,2024-03-29,ACQUISITION SERVICES
80JSC024FA099,"YET2.COM, INC",70000.0,2024-03-27,NASA OPEN INNOVATION SERVICES 2 (NOIS2) CROWDSOURCING  NOIS2-108 ENTREPRENEURS CHALLENGE
80JSC024FA100,DEUTSCHES ZENTRUM FÜR LUFT- UND RAUMFAHRT E.V.,4289472.11,2023-12-21,BEDREST STUDIES
80JSC024FA100,BOOZ ALLEN HAMILTON INC,15059692.57,2024-04-09,STRATEGIC PROFESSIONAL ENGINEERING ASSESSMENT CONTRACT (SPEACII) - MOON TO MARS DEVELOPMENT ASSESSMENT
80JSC024FA101,BOOZ ALLEN HAMILTON INC,210699.0,2024-04-15,STRATEGIC ENGINEERING ASSESSMENT BLANKET PURCHASE AGREEMENT (SPEACII) - TO 92 - 80JSC024FA101 - MARS MSRP
80JSC024FA102,BOOZ ALLEN HAMILTON INC,365989.0,2024-04-15,STRATEGIC ENGINEERING ASSESSMENT BLANKET PURCHASE AGREEMENT (SPEACII) - TASK ORDER 93 BASE - NASA SPACE TECHNOLOGY RESEARCH GRANTS PROGRAM AWARD ASSESSMENT
80JSC024FA105,MESSER LLC,577543.72,2024-04-15,"LIQUID PROPELLANT FUELS AND OXIDIZERS, CHEMICAL BASE"
80JSC024FA106,PROCON CONSULTING LLC,36577.96,2024-04-18,CONSTRUCTION MANAGEMENT AND PROFESSIONAL ENGINEERING SERVICES II (COMPES II)
80JSC024FA108,FLOOR23 DIGITAL LLC,35000.0,2024-04-23,NASA OPEN INNOVATION SERVICES 2 (NOIS2) CROWDSOURCING  NOIS2-169 VARIED ADVANCED AIR MOBILITY NOISE AND GEOGRAPHIC AREA RESPONSE DIFFERENCE TEST SUBJECT RECRUITMENT AND ADMINISTRATION
80JSC024FA109,BOOZ ALLEN HAMILTON INC,774999.0,2024-04-25,SPEACII - TASK ORDER 94 BASE - REQUIREMENTS AND REQUIREMENTS DATABASE ASSESSMENTS.
80JSC024FA110,BOOZ ALLEN HAMILTON INC,206646.0,2024-05-01,SPEACII - TASK ORDER 95 BASE - MACHINE LEARNING FOR ADVANCING RISK PRECURSOR IDENTIFICATION TOOLS IN COMMERCIAL AIR
80JSC024FA111,PROCON CONSULTING LLC,454763.22,2024-05-02,CONSTRUCTION MANAGEMENT AND PROFESSIONAL ENGINEERING SERVICES II (COMPES II)
80JSC024FA113,BOOZ ALLEN HAMILTON INC,1132928.0,2024-05-09,SPEACII STRATEGIC ENGINEERING ASSESSMENT BLANKET PURCHASE AGREEMENT ASK ORDER 97 BASE - EARTH SCIENCE DATA SYSTEMS ASSESSMENT.
80JSC024FA114,BOOZ ALLEN HAMILTON INC,797728.0,2024-05-13,SPEACII - TASK ORDER 98 BASE - ATMOSPHERIC SCIENCE DATA CENTER (ASDC) ASSESSMENT
80JSC024FA116,"YET2.COM, INC",20000.0,2024-05-20,NOIS2- 163 OPERATIONAL COGNITIVE PERFORMANCE ASSESSMENT TOOL FOR SPACEFLIGHT
80JSC024FA120,BOOZ ALLEN HAMILTON INC,857617.0,2024-05-20,STRATEGIC PROFESSIONAL ENGINEERING ASSESSMENT CONTRACT II (SPEAC II). TASK ORDER 99 BASE - OFFICE OF THE CHIEF SCIENCE DATA OFFICER ASSESSMENT
80JSC024FA121,"RS&H, INC.",689195.9,2024-05-20,A-E POST DESIGN SERVICES
80JSC024FA122,BOOZ ALLEN HAMILTON INC,1091165.0,2024-05-24,SPEACII - TASK ORDER 100 - BASE - NASA ENTERPRISE EARTH DATA GIS ASSESSMENT
80JSC024FA123,VETERAN ENTERPRISE TECHNOLOGY SERVICES LLC,1073763.36,2024-05-29,INSTITUTIONAL SUPPORT SERVICES
80JSC024FA124,VETERAN ENTERPRISE TECHNOLOGY SERVICES LLC,1039374.72,2024-05-29,INFORMATION TECHNOLOGY SERVICES
80JSC024FA125,VETERAN ENTERPRISE TECHNOLOGY SERVICES LLC,501130.74,2024-05-29,CONFERENCE SUPPORT SERVICES
80JSC024FA126,NATIVE RESOURCE DEVELOPMENT CO INC,7382.5,2024-05-29,"CUSTODIAL, HOUSEKEEPING, WASTE-REMOVAL, AND INSECT EXTERMINATION II (CHWIE II)"
80JSC024FA127,BOOZ ALLEN HAMILTON INC,1982377.0,2024-06-03,SPEACII - TASK ORDER 101 BASE - MOON TO MARS SYSTEMS ENGINEERING AND INTEGRATION LUNAR SURFACE PLANNING AND ANALYSIS ASSESSMENT
80JSC024FA129,BOOZ ALLEN HAMILTON INC,123067.0,2024-06-05,SPEACII - TASK ORDER 102 BASE - ON-DEMAND MANUFACTURING OF ELECTRONICS TECHNOLOGIES ASSESSMENT
80JSC024FA130,BOOZ ALLEN HAMILTON INC,331592.0,2024-06-06,SPEACII - TASK ORDER 103 BASE - NASA SPACE TECHNOLOGY RESEARCH GRANTS PROGRAM OPERATIONS ASSESSMENT.
80JSC024FA131,CHEMRING ENERGETIC DEVICES INC,651870.0,2024-06-10,"THIS IS FOR A PROCUREMENT FOR QTY 500 NASA STANDARD DETONATORS (NSD#S), NASA P/N SEB26100094 AS A DELIVERY ORDER UNDER NASA CONTRACT"
80JSC024FA133,"REDWIRE SPACE TECHNOLOGIES, INC.",81215.0,2024-08-08,TECHNOLOGY DEMONSTRATION OF THE REDWIRE GREENHOUSE USING A BIOLOGICAL AND PHYSICAL SCIENCE (BPS) DIVISION SPONSORED EXPERIMENT
80JSC024FA134,"YET2.COM, INC",10000.0,2024-06-10,NASA OPEN INNOVATION SERVICES 2 (NOIS2)
80JSC024FA135,BOOZ ALLEN HAMILTON INC,701923.0,2024-06-11,STRATEGIC PROFESSIONAL ENGINEERING ASSESSMENT CONTRACT II (SPEACII) - TASK ORDER 104 BASE - DEIA ORGANIZATIONAL CLIMATE SURVEY AND BARRIER ANALYSIS ASSESSMENT
80JSC024FA136,THE POTOMAC INSTITUTE FOR POLICY STUDIES,9007.69,2024-06-13,CREW HEALTH AND PERFORMANCE PROBLEMATIC RISK ASSESSMENT (CHP-PRA)
80JSC024FA137,PROCON CONSULTING LLC,44219.23,2024-06-18,CONSTRUCTION MANAGEMENT AND PROFESSIONAL ENGINEERING SERVICES II (COMPES II)
80JSC024FA139,BOOZ ALLEN HAMILTON INC,676454.0,2024-06-21,SPEACII - TASK ORDER 105 BASE - SCIENCE MISSION DIRECTORATE EXECUTIVE SUPPORT ASSESSMENT
80JSC024FA140,BOOZ ALLEN HAMILTON INC,458015.0,2024-06-24,STRATEGIC PROFESSIONAL ENGINEERING ASSESSMENT CONTRACT II (SPEAC II) SURFACE BIOLOGY AND GEOLOGY (SBG) DESIGNATED OBSERVABLE VALIDATION ASSES
80JSC024FA142,BOOZ ALLEN HAMILTON INC,3275082.0,2024-06-27,SPEACII - TASK ORDER 107 BASE - ASSESSMENTS FOR EARTH SCIENCE DIVISION AND ITS PROGRAM COMPONENTS
80JSC024FA143,MESSER LLC,53271.44,2024-07-18,NASA AGENCY-WIDE SUPPLY OF GASEOUS AND LIQUID HELIUM - JOHNSON SPACE CENTER (JSC) CLIN 15
80JSC024FA144,LINDE INC.,1175000.0,2024-07-01,"THIS IS A FIXED-PRICE, ECONOMIC PRICE ADJUSTMENT (EPA), INDEFINITE DELIVERY (ID) REQUIREMENTS CONTRACT WITH I"
80JSC024FA145,"YET2.COM, INC",20000.0,2024-07-22,NOIS2-181 ARCHITECTURE ART CHALLENGE
80JSC024FA146,BOOZ ALLEN HAMILTON INC,394427.0,2024-07-10,STRATEGIC PROFESSIONAL ENGINEERING ASSESSMENT CONTRACT (SPEAC) II
80JSC024FA147,"BASTION TECHNOLOGIES, INC.",192538.22,2024-07-03,MANOMETER SIMULATOR SYSTEMS
80JSC024FA151,"MATHESON TRI-GAS, INC.",371473.28,2024-07-08,"LIQUID PROPELLANT FUELS AND OXIDIZERS, CHEMICAL BASE"
80JSC024FA154,BOOZ ALLEN HAMILTON INC,443218.0,2024-07-09,SPEACII - TASK ORDER 109 BASE - SCIENCE MANAGEMENT SYSTEM PHASE 3 ASSESSMENT
80JSC024FA155,"NANORACKS, LLC",94050.0,2024-09-06,ANALYZING HUMAN INTERACTION WITH ELECTRONIC DISPLAYS IN MICROGRAVITY EXPERIMENT. THIS EXPERIMENT AIMS TO INVESTIGATE HUMAN INTERACTION WITH ELECTRONIC DISPLAYS IN MICROGRAVITY.
80JSC024FA156,"NANORACKS, LLC",208094.54,2024-09-06,"TEST IF THE TARDIGRADES CAN COME OUT OF DORMANCY IN INTERNATIONAL SPACE STATION (ISS), INVESTIGATE THE REPRODUCTIVE BEHAVIOR  OF TARDIGRADES IN ISS, FREEZE AND STORE TRADIGRAD SAMPLES FOR GENE EXPRESSION ANALYSIS"
80JSC024FA157,BOOZ ALLEN HAMILTON INC,39328.0,2024-07-18,SPEACII - TASK ORDER 110 BASE - NASA LANGLEY RESEARCH CENTER LANGLEY IS THE FUTURE PROGRAM SUPPORT ASSESSMENT
80JSC024FA159,"AIRGAS USA, LLC",300737.36,2024-07-16,"LIQUID PROPELLANT FUELS AND OXIDIZERS, CHEMICAL BASE"
80JSC024FA160,"TEC-MASTERS, INC",730475.31,2024-07-24,RING-SHEARED DROP (RSD)
80JSC024FA162,BOOZ ALLEN HAMILTON INC,1399529.0,2024-07-19,"SPEACII - TASK ORDER 111 BASE - ODEO TRANSFORMATION, REASONABLE ACCOMMODATIONS & SPECIAL EMPHASIS PROGRAM (SEP) ASSESSMENT"
80JSC024FA164,PROCON CONSULTING LLC,592953.78,2024-08-22,CONSTRUCTION MANAGEMENT AND PROFESSIONAL ENGINEERING SERVICES II (COMPES II)
80JSC024FA165,"REDWIRE SPACE TECHNOLOGIES, INC.",278498.88,2024-09-06,PROVIDE MISSION INTEGRATION AND OPERATIONS SERVICES AND PRODUCTS FOR MANIFEST AND LAUNCH TO THE INTERNATIONAL SPACE STATION (ISS) FOR THE INDIAN SPACE RESEARCH ORGANIZATION (ISRO)
80JSC024FA167,"YET2.COM, INC",35000.0,2024-08-16,80JSC024FA167 NASA OPEN INNOVATION SERVICES 2 (NOIS2)-186 WATER INFORMATION SYSTEM MODERNIZATION PROJECT
80JSC024FA168,"ALPHA SPACE TEST AND RESEARCH ALLIANCE, LLC",15225.0,2024-08-13,CONTRACT 80JSC021DA017 ALPHA SPACE SHALL PROVIDE ALL OF THE WORK NECESSARY FOR THE ADDITIONAL SERVICES PURCHASED TO SUPPORT THE NEAR INFRARED (IR) SPECTRUM PHOTOS NEEDED FOR THE FLIGHT EXPERIMENT TITLED ELECTRICALLY RECONFIGURABLE METAFILTER.
80JSC024FA169,"YET2.COM, INC",40000.0,2024-08-28,NASA OPEN INNOVATION SERVICES 2 (NOIS2) JUST IN TIME (JIT) TRAINING MARKET SURVEY
80JSC024FA172,LINDE INC.,432987.68,2024-08-20,"THIS IS A FIXED-PRICE, ECONOMIC PRICE ADJUSTMENT (EPA), INDEFINITE DELIVERY (ID) REQUIREMENTS CONTRACT WITH IDIQ CLIN, FOR THE PURCHASE OF LIQUID NITROGEN AT JSC"
80JSC024FA173,"ALPHA SPACE TEST AND RESEARCH ALLIANCE, LLC",44840.0,2024-08-22,THE OBJECTIVE OF THIS PROJECT IS TO TEST IF THE UNIQUE POLYMER/2D COMPOSITE THIN FILMS CAN MAINTAIN THEIR SUPERIOR MECHANICAL PROPERTIES AFTER SPACE ENVIRONMENT EXPOSURE.
80JSC024FA174,BOOZ ALLEN HAMILTON INC,392720.0,2024-08-23,SPEACII - TASK ORDER 112 BASE - ORION INTEGRATED AVIONIC TEST SYSTEMS ASSESSMENT
80JSC024FA175,"NANORACKS, LLC",904739.0,2024-09-12,"THIS TASK ORDER PROVIDES INTEGRATION, TRANSPORT AND DEPLOYMENT OF THE LISTED CUBESATS BEING DEPLOYED FROM THE INTERNATIONAL SPACES STATION ISS."
80JSC024FA176,"ROTHE ENTERPRISES, INC.",259305.06,2024-08-26,CREW ALTERNATE SLEEP ACCOMMODATION (CASA)
80JSC024FA177,RHODIUM SCIENTIFIC LLC,100000.0,2024-08-28,"EXPERIMENTS THAT WILL OFFER CRUCIAL INSIGHTS INTO PLANT GROWTH IN SPACE, WHICH CAN ENHANCE HUMAN SPACE EXPLORATION CAPABILITIES AND PROMOTE SUSTAINABILITY IN DEEP SPACE HABITATION."
80JSC024FA178,PROCON CONSULTING LLC,123259.99,2024-09-09,CONSTRUCTION MANAGEMENT AND PROFESSIONAL ENGINEERING SERVICES II (COMPES II)
80JSC024FA180,"INTUITIVE MACHINES, LLC",1104631.06,2024-09-27,PRE PRICED EVALUATION OF NASA MISSION REQUIREMENTS ASSESSMENT
80JSC024FA181,LUNAR OUTPOST INC,1145029.45,2024-09-27,PRE PRICED EVALUATION OF NASA MISSION REQUIREMENTS ASSESSMENT
80JSC024FA182,VENTURI ASTROLAB INC,893184.8,2024-09-27,PRE-PRICED EVALUATION OF NASA MISSION REQUIREMENTS ASSESSMENT
80JSC024FA185,CGI FEDERAL INC.,2618269.87,2024-08-31,"THE PURPOSE OF THIS PERFORMANCE WORK STATEMENT (PWS) IS TO SET FORTH THE CONSOLIDATED PROGRAM SUPPORT SERVICES (CPSS) PROGRAM, PLANNING, & CONTROL (PP&C) AND PROGRAMMATIC SUBJECT"
80JSC024FA189,CGI FEDERAL INC.,1459934.91,2024-08-31,"THE PURPOSE OF THIS PERFORMANCE WORK STATEMENT (PWS) IS TO SET FORTH THE CONSOLIDATED PROGRAM SUPPORT SERVICES (CPSS) PROGRAM, PLANNING, &"
80JSC024FA190,SIERRA SPACE CORP,841605.0,2024-09-04,SUPPORT THE REQUIRED SUSTAINING ENGINEERING FOR THE ADVANCED PLANT HABITAT (APH).
80JSC024FA191,BOOZ ALLEN HAMILTON INC,3310227.0,2024-09-05,STRATEGIC PROFESSIONAL ENGINEERING ASSESSMENT CONTRACT (SPEAC) II
80JSC024FA193,"YET2.COM, INC",111000.0,2024-09-09,NOIS2-180 NIH DATA SHARING INDEX (S-INDEX) CHALLENGE
80JSC024FA194,BOOZ ALLEN HAMILTON INC,339493.0,2024-09-12,SPEACII - TASK ORDER 114 BASE - SPACE TECHNOLOGY MISSION DIRECTORATE (STMD) DOMAIN DIRECTORS STRATEGIC PROGRAM INTEGRATION ASSESSMENT
80JSC024FA195,ACCENTURE FEDERAL SERVICES LLC,1610451.0,2024-09-19,NOIS2-191 NASA AGENCY FRONT DOOR SOFTWARE DEVELOPMENT
80JSC024FA196,AXIOM SPACE INC,31155074.0,2024-09-27,SPECIAL STUDIES
80JSC024FA197,BOOZ ALLEN HAMILTON INC,150223.0,2024-09-19,SPEACII - TASK ORDER 115 BASE - COMMERCIAL LEO DEVELOPMENT PROGRAM REQUIREMENTS ASSESSMENT
80JSC024FA198,"TETRA TECH, INC.",193451.0,2024-09-17,PER-AND POLYFLUOROALKYL SUBSTANCES (PFAS) ENVIRONMENTAL ASSESSMENT & SITE-WIDE-PROGRAM-SUPPORT FOR JSC & EF
80JSC024FA199,SIERRA SPACE CORP,166397.0,2024-09-18,SCIENCE VERIFICATION TEST (SVT) FOR PH-08 WILL CONSIST OF 18 WEEKS OF OPERATIONS COMPRISING 2 TEST RUNS.
80JSC024FA200,BOOZ ALLEN HAMILTON INC,159739.0,2024-09-19,SPEACII - TASK ORDER 116 BASE - MARS SAMPLE RECEIVING PROJECT ASSESSMENT
80JSC024FA201,FLOOR23 DIGITAL LLC,25000.0,2024-09-19,NASA OPEN INNOVATION SERVICES 2 (NOIS2) CROWDSOURCING  NOIS2-172 IN-SPACE RECYCLING OF POLYMER WASTEINISTRATION
80JSC024FA202,BLUE CLARITY LLC,651000.0,2024-09-19,NASA OPEN INNOVATION SERVICES 2 (NOIS2) CROWDSOURCING  NOIS2-188 NASA SMD VENTURE CATALYST CHALLENGE
80JSC024FA203,"ROTHE ENTERPRISES, INC.",133419.86,2024-09-23,BREATHING AIR SUPPLY SYSTEM (BASS)
80JSC024FA204,FLOOR23 DIGITAL LLC,30000.0,2024-09-24,NASA OPEN INNOVATION SERVICES 2 (NOIS2) CROWDSOURCING  NOIS2-189 ROBOTIC ASSEMBLY TECHNOLOGIES
80JSC024FA205,SIERRA SPACE CORP,404381.0,2024-09-24,"FLIGHT EXPERIMENTATION FOR PH-07 WILL CONSIST OF THREE (3) SETS OF 4-WEEK EXPERIMENTS, WITH UP TO FOUR (4) WEEKS BETWEEN EACH EXPERIMENT."
80JSC024FA206,BOOZ ALLEN HAMILTON INC,905802.0,2024-09-24,SPEACII - TASK ORDER 117 BASE - HUMAN LANDING SYSTEM DEVELOPMENT ASSESSMENT
80JSC024FA207,BOOZ ALLEN HAMILTON INC,272820.0,2024-09-25,SPEACII  TASK ORDER 118 BASE GATEWAY VEHICLE EQUIPMENT ASSESSMENT
80JSC024FA208,BOOZ ALLEN HAMILTON INC,7205771.0,2024-09-25,"SPEACII - STRATEGIC ENGINEERING ASSESSMENT BLANKET PURCHASE AGREEMENT TASK ORDER 119 BASE - GATEWAY REQUIREMENTS, VERIFICATION AND VALIDATION, SYSTEMS INTEGRATION, AND PRODUCTION ASSESSMENT"
80JSC024FA209,BOOZ ALLEN HAMILTON INC,1698307.0,2024-09-26,SPEACII - TASK ORDER 120 BASE - EVA DEVELOPMENT ASSESSMENT
80JSC024FA211,BOOZ ALLEN HAMILTON INC,1353325.0,2024-09-26,SPEACII STRATEGIC ENGINEERING ASSESSMENT BLANKET PURCHASE AGREEMENT - TASK ORDER 121 BASE - MOON TO MARS EXPLORATION OPERATIONS ASSESSMENT
80JSC024FA212,SIERRA SPACE CORP,171303.94,2024-09-26,ENIAC CLOUD  THE FIRST SPACE HARDENED MULTI CLOUD EDGE COMPUTING PLATFORM IMPLEMENTATION PARTNERS
80JSC024FA214,"CHENEGA GLOBAL PROTECTION, LLC",14837231.0,2024-09-25,SECURITY SERVICES
80JSC024PA001,CITY OF LAS CRUCES,513999.2,2023-11-01,NATURAL GAS AND WASTEWATER UTILITY SERVICES
80JSC024PA003,SANMINA CORPORATION,114000.0,2023-11-09,VOLATILES INVESTIGATING POLAR EXPLORATION ROVER VIPER - CAMERA CONTROL UNIT (CCU) - MICRO CAMERA MAIN MECHANICAL ASSEMBLY
80JSC024PA007,ENSIGN-BICKFORD AEROSPACE & DEFENSE COMPANY,335254.0,2024-09-11,"THE REQUIRED SERVICES INVOLVE THE MODIFICATION, TESTING, AND PERFORMANCE EVALUATION OF EXPLOSIVE TRANSFER LINES AND ASSOCIATED MANIFOLDS. THE CONTRACT WILL COVER TECHNICAL INTERCHANGE MEETINGS, TEST LEADS, AND DELIVERABLE MANIFOLDS."
80JSC024PA008,INNOVATIVE PRINCIPLE SOLUTIONS LLC,483972.47,2024-05-09,"ONE 1 PRE-CAST, POST-TENSIONED CONCRETE TRANSPORTABLE BUILDING FOR USE AS A BATTERY TESTING CONTROL ROOM IN THE ENERGY SYSTEMS TEST AREA, NASA JOHNSON SPACE CENTER, HOUSTON, TEXAS, 77058."
80JSC024PA010,INTELLIGENT INTERNATIONAL INC.,67290.0,2024-04-25,LARGE CABLE PURCHASE
80JSC024PA011,WRIGHT & DALBIN ARCHITECTS INC,26450.0,2024-07-08,ADDENDUM TO PRELIMINARY ENGINEERING REPORT (PER)
80JSC024PA012,"BURNS & MCDONNELL ENGINEERING COMPANY, INC.",652437.71,2024-07-30,NASA PROJECT 19001 JSC ELECTRICAL SUBSTATION SWITCHGEAR REPLACEMENT DESIGN PROJECT
80JSC024PW001,TRANSCEND LLC,13778.44,2024-03-28,FACILITATION OF EXTERNAL RELATIONS OFFICE RETREAT
80KSC024CA004,ADVANCED COOLING TECHNOLOGIES INC,7617726.81,2024-04-25,ROLLOUT PURGE UNITS AND ASSOCIATED TRAINING AND ACCESSORIES
80KSC024CA005,"KINGSTRUCTION-ADVON JV, LLC",123505.0,2024-06-27,"ASSESS THE DAMAGE TO THE EMERGENCY EGRESS SYSTEM (EES) TERMINUS COLUMN COVER (J7-0332) AND REPAIR DAMAGE TO EES TERMINUS COLUMN COVER AT KENNEDY SPACE CENTER, FLORIDA"
80KSC024CA006,PANHANDLE POWER SOLUTIONS LLC,10061178.0,2024-08-28,"REPLACE OVERHEAD POWER LINE B ALONG STATIC ROAD AT KENNEDY SPACE CENTER, FLORIDA."
80KSC024CA007,"AIR PRODUCTS AND CHEMICALS, INC",632668.65,2024-09-25,"SINGLE LIQUID HELIUM PUMP LEASE. BASE PERIOD OF PERFORMANCE IS 10/01/24 - 02/28/25, WITH SEVEN 1-MONTH OPTION PERIODS."
80KSC024CA009,RED EAGLE 2 JV,3848343.0,2024-09-25,"REFURBISH THE WATER AND WASTEWATER SYSTEMS IN THE BOOSTER FABRICATION FACILITY COMPLEX AT KENNEDY SPACE CENTER, FLORIDA."
80KSC024CA010,YERKES SOUTH INC.,1662654.0,2024-09-24,"INSTALL AREA WARNING SYSTEM, PROPELLANTS SERVICING AREA AT KENNEDY SPACE CENTER, FLORIDA"
80KSC024F0001,"HSG, LLC",156357.0,2023-10-04,NASA ENVIRONMENTAL AND MEDICAL CONTRACT (NEMCON) TASK ORDER FOR ANIMAL TRACKING AND GIANT MANTA TAGGING AT CAPE CANAVERAL.
80KSC024F0002,"ELECTRIC SOLUTIONS UNLIMITED, LLC",106897.0,2023-11-01,"INSTALL (2) 208V POWER CIRCUITS AT THE OPERATIONS & CHECKOUT (O&C) IOZ FAST CELL AREA, PHASE 1"
80KSC024F0003,"CHROME ELECTRIC, LLC",50800.0,2023-12-06,"VEHICLE ASSEMBLY BUILDING (VAB) 26TH FLOOR LED LIGHTING, KENNEDY SPACE CENTER."
80KSC024F0004,"ELECTRIC SOLUTIONS UNLIMITED, LLC",6650.0,2023-12-22,"TASK 1 - PCN 99784: RELOCATE POWER RECEPTACLES TO REMOTE ELECTRICAL CABINET AT SPACE STATION PROCESSING FACILITY (SSPF) AT KENNEDY SPACE CENTER (KSC), FL, IN ACCORDANCE WITH THE ATTACHED STATEMENT OF WORK,DATED 12/12/2023."
80KSC024F0009,"BOEING AEROSPACE OPERATIONS, INC.",341650.1,2024-01-31,BOEING DESIGN VISUALIZATION TASK ORDER 16.
80KSC024F0012,"CEPEDA SYSTEMS & SOFTWARE ANALYSIS, INC.",19713.38,2024-01-25,CAPABILITY MATURITY MODEL INTEGRATION (CMMI) FOR QUICK LOOK APPRAISAL SERVICES
80KSC024F0013,ADVON CORPORATION,6688010.0,2024-03-26,"INSTALL LIQUID NITROGEN SYSTEM AT LAUNCH COMPLEX 39B, KENNEDY SPACE CENTER, FLORIDA"
80KSC024F0015,"THE PERFORMANCE KNOWLEDGE GROUP, LLC",30827.0,2024-02-07,"STRATEGIC MANAGEMENT SUPPORT SERVICES (SMSS) TASK ORDER FOR CENTER ENGINEERING, SAFETY AND OPERATIONS (CESO)"
80KSC024F0016,"CHROME ELECTRIC, LLC",50434.75,2024-02-26,"HANGER AE SERVER ROOM PANEL AT KENNEDY SPACE CENTER (KSC), FL,"
80KSC024F0019,"ELECTRIC SOLUTIONS UNLIMITED, LLC",14237.0,2024-03-29,"POWER RESTORATION TO DISCONNECT A&B AT CONTRACTOR SUPPORT BUILDING (K6-1896) AT KENNEDY SPACE CENTER (KSC), FL"
80KSC024F0021,"BOEING AEROSPACE OPERATIONS, INC.",502880.7,2024-04-24,BOEING MODELING AND SIMULATION TASK ORDER 17.
80KSC024F0029,"HSG, LLC",29974.0,2024-04-22,SITE ASSESSMENT OF ARCHAEOLOGICAL SITES WITHIN KSC OPERATIONAL AREA AND DEVELOPMENT OF MANAGEMENT PLAN
80KSC024F0033,"AMENTUM SERVICES, INC.",569460.45,2024-04-26,AWARD OF PRE-PRICED TASK ORDER (PPTO)013. CONTRACT LINE ITEM NUMBER (CLIN) 004 IN ACCORDANCE WITH 80KSC020D0008.
80KSC024F0035,"HSG, LLC",98426.61,2024-05-03,HERNDON SOLUTIONS GROUP (HSG) NASA ENVIRONMENTAL AND MEDICAL CONTRACT (NEMCON) TASK PLAN PROPOSAL 24-03: PROTECT SHORELINE AT UNIVERSAL SITE 12. WILDLIFE MONITORING AND RELOCATION SUPPORT
80KSC024F0037,"ELECTRIC SOLUTIONS UNLIMITED, LLC",11929.0,2024-05-13,INSTALL ELECTRICAL OUTLETS FOR DEEP SPACE LOGISTICS GATEWAY (DSL) OFFICE SPACE IN THE SPACE STATION PROCESSING FACILITY (SSPF) MEZZANINE FLOOR AT KENNEDY SPACE CENTER (KSC).
80KSC024F0038,"HSG, LLC",24147.0,2024-06-17,HSG NEMCOM TASK PLAN PROPOSAL TCR 24-04 ENVIRONMENTAL DUE DILIGENCE (EDD) FOR ALL POINTS AND THE UPDATED PRESS SITE LOCATIONS
80KSC024F0039,"AMENTUM SERVICES, INC.",226895.82,2024-06-27,KENNEDY SPACE CENTER (KSC) PROPELLANTS AND LIFE SUPPORT SERVICES CONTRACT (KPLSS) II - PPTO014 EGS OBSOLETE COMPONENTS
80KSC024F0040,"AMENTUM SERVICES, INC.",349718.54,2024-06-26,KENNEDY SPACE CENTER (KSC) PROPELLANTS AND LIFE SUPPORT SERVICES CONTRACT (KPLSS) II - KPTO030 EGS SPARE PARTS
80KSC024F0043,"THE PERFORMANCE KNOWLEDGE GROUP, LLC",137213.0,2024-07-11,STRATEGIC MANAGEMENT SUPPORT SERVICES (SMSS) TASK ORDER FOR LSP.
80KSC024F0044,"THE PERFORMANCE KNOWLEDGE GROUP, LLC",77219.1,2024-07-11,STRATEGIC MANAGEMENT SUPPORT SERVICES (SMSS) TASK ORDER FOR EXPLORATION GROUND SUPPORT (EGS)
80KSC024F0045,"THE PERFORMANCE KNOWLEDGE GROUP, LLC",38535.0,2024-07-11,STRATEGIC MANAGEMENT SUPPORT SERVICES (SMSS) BPA FOR CESO.
80KSC024F0049,"AMENTUM SERVICES, INC.",216621.47,2024-07-16,KENNEDY SPACE CENTER (KSC) PROPELLANTS AND LIFE SUPPORT SERVICES CONTRACT (KPLSS) II - KPTO029 WHITE SANDS TEST FACILITY (WSTF) HYPERS TANKER MAINTENANCE.
80KSC024F0050,"CEPEDA SYSTEMS & SOFTWARE ANALYSIS, INC.",33781.68,2024-07-23,CAPABILITY MATURITY MODEL INTEGRATION (CMMI) SOFTWARE PROCESS IMPROVEMENT SERVICES
80KSC024F0051,"BOEING AEROSPACE OPERATIONS, INC.",488092.26,2024-08-13,BOEING TASK ORDER 18 FOR DESIGN VISUALIZATION SERVICES.
80KSC024F0052,"BOEING AEROSPACE OPERATIONS, INC.",59438.5,2024-08-15,BOEING TASK ORDER 19 FOR MODELING AND SIMULATION.
80KSC024F0053,"HSG, LLC",12957.0,2024-08-12,HSG NEMCON TASK PLAN PROPOSAL TCR 24-05: FDOT ROADWAYS EASEMENTS ENVIRONMENTAL DUE DILIGENCE
80KSC024F0054,"HEALTHEON, INC",6349601.0,2024-08-15,"SAFETY AND RELIABILITY UPGRADE OF INSTITUTIONAL POWER SYSTEMS, PHASE 5, COMMUNICATIONS DISTRIBUTION AND SWITCHING CENTER SUBSTATION 138A/B REPLACEMENT AT KENNEDY SPACE CENTER, FLORIDA"
80KSC024F0056,"NANORACKS, LLC",130925.1,2024-08-20,CUBESAT DISPENSER HARDWARE & MISSION INTEGRATION SERVICES FOR SPACE TEST PROGRAM (STP)-S29A.
80KSC024F0057,"DIVERSIFIED CONSTRUCTION OF OKLAHOMA, INC.",8443116.0,2024-09-10,"HEATING, VENTILATION, AND AIR CONDITIONING UPGRADES AT THE BOOSTER FABRICATION FACILITY COMPLEX AT KENNEDY SPACE CENTER, FLORIDA"
80KSC024F0058,GSE INC,2397056.06,2024-09-20,NASA OCCUPATIONAL HEALTH BLANKET PURCHASE AGREEMENT II (NOHC II) NEW LEGACY TASK ORDER. ESTABLISH FISCAL YEAR 25 INCREMENTALLY FUNDED TASK ORDER FOR NASA OCCUPATIONAL HEALTH BLANKET PURCHASE AGREEMENT II (NOHC II).
80KSC024F0060,TESLA LABORATORIES INC.,2890329.6,2024-09-24,KENNEDY FACILITIES ENGINEERING SUPPORT SERVICES III (KFESS III) FISCAL YEAR 25 INCREMENTALLY FUNDED TASK ORDER.
80KSC024F0061,"HSG, LLC",8783.0,2024-09-13,HSG NEMCON TASK PLAN PROPOSAL TCR 24-06 SLF WATER AND WASTEWATER  EASEMENTS ENVIRONMENTAL DUE DILIGENCE
80KSC024F0066,"DIVERSIFIED CONSTRUCTION OF OKLAHOMA, INC.",16413981.0,2024-09-26,"BOOSTER FABRICATION FACILITY (BFF) INTERIORS RENOVATIONS, KENNEDY SPACE CENTER, FLORIDA"
80KSC024F0071,CBF PARTNERS JV LLC,2435752.69,2024-09-24,DUAL ADMINISTRATIVE SUPPORT SERVICE (DASS) CONTRACT. KENNEDY SPACE CENTER TASK ORDER FISCAL YEAR 2025 1ST QUARTER FUNDING
80KSC024F0073,"AMENTUM SERVICES, INC.",20409903.74,2024-09-27,KENNEDY PROPELLANT AND LIFE SUPPORT SERVICES II (KPLSS II) FISCAL YEAR 25 CUSTOMER FUNDING.
80KSC024F0074,"AMENTUM SERVICES, INC.",173945.25,2024-09-27,CERTIFY AND ASSEMBLE ASTRONAUT RESCUE AIR PACKS
80KSC024FA001,BRPH ARCHITECTS ENGINEERS INC,432412.0,2024-02-04,ENGINEERING SERVICES DURING THE CONSTRUCTION (ESDC) OF BOOSTER FABRICATION FACILITY (BFF) CRANE REFURBISHMENT
80KSC024FA002,THE BOEING COMPANY,5500000.0,2023-10-19,SPECIAL STUDIES SERVICES OF BOEING CREW MODULE (CM) BATTERY FLEET REDESIGN.
80KSC024FA003,ALEUT CONSTRUCTION LLC,58427.0,2023-11-13,"ROTATION, PROCESSING AND SURGE FACILITY (RPSF)/SURGE 1 IMPROVEMENTS AT KENNEDY SPACE CENTER."
80KSC024FA006,"CHENEGA GLOBAL PROTECTION, LLC",135144.78,2023-11-30,NASA FIRE SERVICES CONTRACT (NFSC)
80KSC024FA007,BRPH ARCHITECTS ENGINEERS INC,288499.0,2024-09-17,ENGINEERING SERVICES DURING CONSTRUCTION (ESDC) UPGRADE HEATING VENTILATION AND AIR CONDITIONING (HVAC) AT BOOSTER FABRICATION FACILITY(BFF) COMPLEX
80KSC024FA010,CHIRICAHUA-LOGICAL JV,1540785.06,2023-12-01,KENNEDY OPERATIONAL AND INSTITUTIONAL SUPPORT (KOIS) CONTRACT TASK ORDER.
80KSC024FA012,JP DONOVAN CONSTRUCTION INC,9723120.0,2023-12-07,CREW ACCESS ARM FABRICATION AND DELIVERY
80KSC024FA013,NELSON ENGINEERING CO.,155458.4,2023-12-19,"DESIGN REFRESH OF SAFE AND RELIABILITY ELECTRICAL UPGRADES, PHASES 5 & 6."
80KSC024FA014,"ASTROTECH SPACE OPERATIONS, LLC",3649996.0,2024-01-19,"SPECTRO-PHOTOMETER FOR THE HISTORY OF THE UNIVERSE, EPOCH OF REIONIZATION AND ICES EXPLORER AND POLARIMETER TO UNIFY THE CORONA AND HELIOSPHERE SPACECRAFT PROCESSING SERVICE."
80KSC024FA015,BRPH ARCHITECTS ENGINEERS INC,420999.0,2024-04-01,"ENGINEERING SERVICES DURING THE CONSTRUCTION (ESDC) OF INSTALL LIQUID NITROGEN (LN2) SYSTEM, LAUNCH COMPLEX 39B (LC-39B)"
80KSC024FA016,"AECOM TECHNICAL SERVICES, INC.",767055.0,2024-07-25,"DESIGN OF REVITALIZE POWER SYSTEMS VEHICLE ASSEMBLE BUILDING TOWERS B, C, AND D, AT KENNEDY SPACE CENTER, FLORIDA"
80KSC024FA019,WRIGHT BROS LLC,110029.0,2023-12-27,AWARD OF INDIAN RIVER BRIDGE NORTH EMERGENCY INTERIM REPAIRS AT KSC
80KSC024FA020,"AMENTUM SERVICES, INC.",67485.95,2024-01-30,THIS TASK ORDER IS FOR THE COURT ORDERED PAYMENT OF THE CLAIM FILED BY THE CONTRACTOR.
80KSC024FA022,"AECOM TECHNICAL SERVICES, INC.",722550.79,2024-02-15,NASA HEADQUARTERS (HQ) ENVIRONMENTAL MANAGEMENT DIVISION (EMD) ENVIRONMENTAL AND ENERGY FUNCTIONAL REVIEW (EEFR)
80KSC024FA027,ALEUT CONSTRUCTION LLC,83356.0,2024-01-19,AWARD PROJECT P6-1738 REMOVE AND REPLACE ENTIRE ROOF WITH METAL ROOF
80KSC024FA028,WRIGHT BROS LLC,3141419.0,2024-01-26,AWARD PROJECT CONSTRUCT FIRE PUMP ROOMS
80KSC024FA030,"JONES, EDMUNDS & ASSOCIATES, INC.",87830.0,2024-04-18,ENGINEERING SERVICES DURING CONSTRUCTION (ESDC) OF PROTECT SHORELINE AT UNIVERSAL CAMERA SITE 12.
80KSC024FA032,YETISPACE INC,39947.0,2024-06-12,CALL ORDER FOR PROPELLANT TANK THERMAL PROTECTION SYSTEMS (TPS) TESTING PHASE 1
80KSC024FA033,VANGUARD PACIFIC LLC,237529.0,2024-02-16,AWARD PROJECT INSTALL CRITICAL WATER METERS IN MULTIPLE FACILITIES
80KSC024FA035,"ASTROTECH SPACE OPERATIONS, LLC",3096262.0,2024-04-22,SENTINEL 6B SPACECRAFT PROCESSING SERVICE.
80KSC024FA037,SES CIVIL AND ENVIRONMENTAL LLC,37950.0,2024-02-27,"REPLACE INOPERABLE FACILITY AIR CONDITIONING AT MULTI-MEDIA BLAST FACILITY (MMBF) AT KENNEDY SPACE CENTER, FLORIDA."
80KSC024FA038,"SEVENTH SENSE, LLC",301188.8,2024-03-29,BLANKET PURCHASE AGREEMENT UNDER AGENCY-WIDE ACQUISITION SUPPORT SERVICES 2 (AWASS 2)
80KSC024FA039,SES CIVIL AND ENVIRONMENTAL LLC,469758.0,2024-03-07,"AWARD OF PCN 100244 L6-0247 PREP AND PAINT BFF BSM CELL AND ORDINANCE ROOM,  AT THE KENNEDY SPACE CENTER, FL"
80KSC024FA040,MERRICK & COMPANY,1577952.55,2024-09-26,"SOUTHEAST REGIONAL ARCHITECT-ENGINEER (SERAE) TASK ORDER TO PROVIDE DESIGN FOR VEHICLE ASSEMBLY BUILDING HIGH BAY 4 MODIFICATIONS , PROJECT CONTROL NUMBER 99500.3"
80KSC024FA041,FLORIDA POWER & LIGHT COMPANY,13020940.55,2024-06-28,FLORIDA POWER AND LIGHT (FPL) ELECTRIC SERVICE AT KENNEDY SPACE CENTER
80KSC024FA042,WRIGHT BROS LLC,136000.0,2024-03-27,AWARD FOR L6-0247 PROVIDE FAN COIL AIR CONDITIONING IN TRUST VECTOR CONTROL CLEAN ROOM HALLWAY
80KSC024FA043,ALEUT CONSTRUCTION LLC,898655.0,2024-04-02,REPLACE AC UNITS AT SUPPLY WAREHOUSES M6-698 & M6-794
80KSC024FA045,WRIGHT BROS LLC,859069.0,2024-04-05,AWARD PROJECT PROTECT SHORELINE AT UNIVERSAL CAMERA SITE 12
80KSC024FA047,"PRECISION FABRICATING & CLEANING COMPANY, INC.",622616.05,2024-04-05,FABRICATE ML2 EXPLORATION UPPER STAGE UMBILICAL (EUSU) RETRACT PANEL
80KSC024FA048,EMF ENGINEERED COMPONENTS LLC,4280460.54,2024-04-09,FABRICATION OF THE MOBILE LAUNCHER 2 (ML2) VEHICLE DAMPING SYSTEM (VDS)
80KSC024FA049,WRIGHT BROS LLC,3831355.0,2024-04-12,AWARD OF TASK ORDER FOR THE CONSTRUCT LAUNCH ABORT SYSTEM (LAS) HANGAR M7-1459 PROJECT.
80KSC024FA051,SES CIVIL AND ENVIRONMENTAL LLC,254511.0,2024-04-26,AWARD TASK ORDER FOR BUILDING J6-0490 REPLACE BUILT UP ROOF.
80KSC024FA053,ALEUT CONSTRUCTION LLC,249973.06,2024-04-26,"AWARD TASK ORDER FOR K6-0848, VEHICLE ASSEMBLY BUILDING MN06 UPGRADES AT KENNEDY SPACE CENTER"
80KSC024FA054,AI SOLUTIONS INC,159816.78,2024-04-26,SPECIAL STUDY UNCERTAINTY ANALYSIS METHODOLOGY FOR EXTERNAL FLOWS
80KSC024FA057,AI SOLUTIONS INC,136424.22,2024-05-16,SPECIAL STUDY RISE TIME EVALUATION FOR UMBILICAL AND SINGLE STATION
80KSC024FA058,"JONES, EDMUNDS & ASSOCIATES, INC.",72316.0,2024-07-22,SOUTHEAST REGIONAL ARCHITECTURE-ENGINEERING (SERAE) CONTRACT. AWARD OF NEW TASK ORDER TO INSTALL SLUICE GATES AND REDESIGN VEHICLE ASSEMBLY BUILDING CULVERT. PROJECT CONTROL NUMBERS 100248 AND 100249.
80KSC024FA061,"CHROME ELECTRIC, LLC",72102.0,2024-05-15,PCN99776 REPLACE BROKEN LIGHT AND POLE IN NORTHWEST (NW) PARKING LOT OF PAD-B BUILDING (J7-0689) & VEHICLE ASSEMBLY BUILDING (VAB) WEST PARKING LOT (K6 0848).
80KSC024FA062,"CHROME ELECTRIC, LLC",97310.0,2024-05-15,"PCN99777 RESTORE POWER TO P6-1382 AND INSTALL 75KVA TRANSFORMER TO POLE 99-6 AT KENNEDY ATHLETIC, RECREATION AND SOCIAL (KARS) PARK"
80KSC024FA064,ALEUT CONSTRUCTION LLC,161678.99,2024-05-15,"PROJECT CONTROL NUMBER (PCN) 100254, M6-0695 FIRE STATION 1 ENGINE EXHAUST SYSTEM AT KENNEDY SPACE CENTER, FL"
80KSC024FA066,"AECOM TECHNICAL SERVICES, INC.",49489.0,2024-09-24,DESIGN REPLACEMENT PAYLOAD HAZARDOUS SERVICING FACILITY (PHSF) AIR SHOWER BLOWER
80KSC024FA069,BRPH ARCHITECTS ENGINEERS INC,94775.0,2024-05-29,SOUTHEAST REGIONAL ARCHITECT ENGINEERING (SERAE) CONTRACT DESIGN FOR CONSTRUCTION OF AN EARTHEN BERM AT FACILITY 77800 CAPE CANAVERAL SPACE FORCE STATION
80KSC024FA070,MERRICK & COMPANY,208813.0,2024-08-06,SOUTHEAST REGIONAL ARCHITECT-ENGINEER (SERAE) TASK ORDER TO PROVIDE A STUDY FOR PHASE 3 MODIFY VEHICLE ASSEMBLY BUILDING FOR SPACE LAUNCH SYSTEM BLOCK 1B. PROJECT CONTROL NUMBER (PCN) 99500.1.
80KSC024FA074,"PRECISION FABRICATING & CLEANING COMPANY, INC.",16025.0,2024-06-06,FABRICATION OF FLIGHT PLUG REMOVAL TOOLS
80KSC024FA076,LINDE INC.,4423777.08,2024-06-14,KENNEDY SPACE CENTER LIQUID NITROGEN AND LIQUID OXYGEN DELIVERY
80KSC024FA081,SES CIVIL AND ENVIRONMENTAL LLC,514287.0,2024-07-09,PCN 100282 VEHICLE ASSEMBLY BUILDING (VAB) K&L TOWER RESTROOM & JANITOR CLOSETS
80KSC024FA083,NELSON ENGINEERING CO.,0.0,2024-07-11,TASK ORDER 80KSC024FA083 COMPRESSOR STUDIES BASE AND OPTION 1 BASE AWARD (ENTERED IN SAP IN ERROR)
80KSC024FA087,"ARROW SCIENCE AND TECHNOLOGY, L.L.C.",64040.0,2024-08-22,NEW AWARD OF UMBRELLA TASK ORDER.
80KSC024FA088,MOMENTUS SPACE LLC,5000.0,2024-08-22,VENTURE-CLASS ACQUISITION OF DEDICATED AND RIDESHARE (VADR) UMBRELLA TASK ORDER.
80KSC024FA089,"IMPULSE SPACE, INC.",244116.0,2024-08-22,NEW AWARD OF UMBRELLA TASK ORDER.
80KSC024FA090,SPACE EXPLORATION TECHNOLOGIES CORP.,266678.0,2024-07-15,SPECIAL STUDY FOR EMERGENCY RESPONSE
80KSC024FA091,"JONES, EDMUNDS & ASSOCIATES, INC.",239085.0,2024-09-09,SOUTHEAST REGIONAL ARCHITECT-ENGINEER (SERAE) TASK ORDER TO PROVIDE A DESIGN TO REPAIR CULVERTS AT VARIOUS LOCATIONS AT KENNEDY SPACE CENTER. PROJECT CONTROL NUMBER 99588.1.
80KSC024FA093,NELSON ENGINEERING CO.,321573.0,2024-09-20,"ENGINEERING SERVICES DURING THE CONSTRUCTION (ESDC) FOR SAFETY AND RELIABILITY UPGRADE, KSC INSTITUTIONAL POWER SYSTEMS, PHASE 5, KSC, FL"
80KSC024FA094,NELSON ENGINEERING CO.,990316.0,2024-09-26,"ENGINEERING SERVICES DURING THE CONSTRUCTION (ESDC) OF INTERIOR RENOVATIONS AT THE BOOSTER FABRICATION FACILITY (BFF), KSC, FL"
80KSC024FA095,"ADVANCED MANAGEMENT GROUP, L.L.C.",74071.0,2024-07-22,REPLACE VEHICLE ASSEMBLE BUILDING HIGH BAY-3 1000W METAL HALIDE FLOOD LIGHTS TO LED FIXTURES
80KSC024FA096,"ADVANCED MANAGEMENT GROUP, L.L.C.",22049.0,2024-07-22,VAB E TOWER 10TH FLOOR LED LIGHTING UPGRADES AT KENNEDY SPACE CENTER
80KSC024FA097,"ADVANCED MANAGEMENT GROUP, L.L.C.",38195.0,2024-07-25,LAUNCH ABOR SYSTEM FACILITY POWER PEDESTAL FOR TEMPORARY TRAILER RENTALS
80KSC024FA100,"ADVANCED MANAGEMENT GROUP, L.L.C.",18068.0,2024-08-06,PLACE CRITICAL ANDOVER CONTROLS ON UNINTERRUPTIBLE POWER SUPPLY
80KSC024FA101,SES CIVIL AND ENVIRONMENTAL LLC,1182000.0,2024-08-05,SMALL TASK ORDER CONSTRUCTION CONTRACT (STOCC) TO REPLACE LIGHTING IN MULTIPLE FACILITIES AS PART OF ENERGY CONSERVATION MEASURES.
80KSC024FA102,"RS&H, INC.",40372.0,2024-09-16,"SOUTHEAST REGIONAL ARCHITECT-ENGINEER (SERAE) TASK ORDER TO DESIGN THE REPLACEMENT OF AN AIR TO WATER HANDLER UNIT AT BEACH HOUSE, BLDG K8-1699. PROJECT CONTROL NUMBER (PCN) 100253"
80KSC024FA103,SES CIVIL AND ENVIRONMENTAL LLC,220713.0,2024-08-06,"AWARDED UNDER SMALL TASK ORDER CONSTRUCTION CONTRACT (STOCC) TO J7-0241, REMOVE AND REPLACE THE ROOF AND INSTALL HEATING AND VENTILATION AIR CONDITIONING (HVAC) SYSTEM."
80KSC024FA104,WRIGHT BROS LLC,77500.0,2024-08-09,"AWARD OF TASK ORDER UNDER THE SMALL TASK ORDER CONSTRUCTION CONTRACT (STOCC) FOR CONSTRUCT NEW ROOF STRUCTURE FOR TEST CELL FACILITY, M7-0581B."
80KSC024FA106,SPACE EXPLORATION TECHNOLOGIES CORP.,295048.0,2024-08-12,SPECIAL STUDIES SERVICES FOR VARIOUS CREW TRANSPORTATION SYSTEM CONFIGURATIONS.
80KSC024FA107,ALEUT CONSTRUCTION LLC,83042.0,2024-08-13,AWARD OF TASK ORDER K7-1153A INSTALL NEW HANDICAP PARKING SPACES.
80KSC024FA108,"THE JOHNSON-MCADAMS FIRM, P.A.",91138.0,2024-09-23,"SOUTHEAST REGIONAL ARCHITECT-ENGINEER (SERAE) TASK ORDER TO PROVIDE ENGINEERING SERVICES DURING CONSTRUCTION SERVICES FOR OPERATION AND CHECKOUT CAFETERIA TRANSFORMATION PROJEC, PROJECT CONTROL NUMBER (PCN) 99532."
80KSC024FA109,AI SOLUTIONS INC,52309.29,2024-08-14,SPECIAL STUDY FLAMMABILITY LIMITS AND FIRE HAZARD IN A LAUNCH VEHICLE ENGINE BAY BOOM STUDY
80KSC024FA110,"ACCORD FEDERAL SERVICES, LLC",1063764.38,2024-09-27,FIRE ALARM REPAIR AND REPLACE AT KENNEDY SPACE CENTER
80KSC024FA113,"AECOM TECHNICAL SERVICES, INC.",73097.0,2024-09-25,"SOUTHEAST REGIONAL ARCHITECT-ENGINEER (SERAE) TASK ORDER TO PROVIDE DESIGN TO REMOVE/REPLACE TRANSFORMER SUBSTATION 849/CONTROL PANEL, PROJECT CONTROL NUMBER 100280"
80KSC024FA114,"TETRA TECH, INC.",4163931.69,2024-09-04,"RESTORATION SERVICES AT LAUNCH COMPLEX 34, CAPE CANAVERAL SPACE FORCE STATION, FLORIDA.  TASK ORDER UNDER NASA ENVIRONMENTAL RESTORATION AND COMPLIANCE CONTRACT (NERCC)."
80KSC024FA115,JACOBS GEOSYNTEC A JOINT VENTURE,4740008.18,2024-09-18,RESTORATION SERVICES AT KENNEDY SPACE CENTER.  TASK ORDER UNDER NASA ENVIRONMENTAL RESTORATION AND COMPLIANCE CONTRACT (NERCC).
80KSC024FA116,"TETRA TECH, INC.",5519730.67,2024-09-16,THE ARCHITECT-ENGINEERING FIRM (A-E) SHALL PROVIDE RESTORATION SERVICES AT KENNEDY SPACE CENTER.  TASK ORDER UNDER NASA ENVIRONMENTAL AND RESTORATION COMPLIANCE CONTRACT (NERCC).
80KSC024FA117,"AECOM TECHNICAL SERVICES, INC.",3369231.6,2024-09-16,RESTORATION SERVICES PROVIDED FOR KENNEDY SPACE CENTER.  TASK ORDER UNDER NASA ENVIRONMENTAL RESTORATION AND COMPLIANCE CONTRACT (NERCC).
80KSC024FA119,AI SOLUTIONS INC,46134.18,2024-08-29,SPECIAL STUDY TESTING VARIOUS OXYGEN SENSORS FOR ACCURACY IN ROCKET ENGINE BAY ENVIRONMENTS - O2 SENSOR STUDY.
80KSC024FA121,"APPLICA SOLUTIONS, INC.",308735.65,2024-09-06,FURNITURE FOR SPACE SYSTEMS PROCESSING FACILITY (SSPF)FACILITIES
80KSC024FA122,ALEUT CONSTRUCTION LLC,103168.0,2024-09-03,ROLL UP DOOR REPLACEMENT PROJECT FOR VEHICLE ASSEMBLY BUILDING (VAB)(K6-0848).
80KSC024FA123,WRIGHT BROS LLC,36000.0,2024-09-05,M7-0660 MOLD REMEDIATION AT THE KENNEDY SPACE CENTER.
80KSC024FA124,ALEUT CONSTRUCTION LLC,1112099.0,2024-09-06,"OPERATIONS AND CHECKOUT BUILDING (O&C) #M7-0355  CAFETERIA TRANSFORMATION AT THE KENNEDY SPACE CENTER, FL."
80KSC024FA125,WRIGHT BROS LLC,408000.0,2024-09-11,SMALL TASK ORDER CONSTRUCTION CONTRACT (STOCC) TO REPLACE SUBSTATION TRANSFORMERS SS 866 & SS 885 AT K6-1246 (UTILITY SHOPS & K6-0900(LAUNCH CONTROL CENTER-LLC).
80KSC024FA126,AI SOLUTIONS INC,201081.07,2024-09-12,"SPECIAL STUDY - DEVELOPMENT OF A SPEACIAL EUCLIDEAN GROUP IN 3  DIMENSIONS (SE(3))-BASED RIGID BODY POSE ESTIMATION SCHEME FOR UNKNOWN MOMENTS OF INERTIA IN A SPACECRAFT, PHASE III"
80KSC024FA129,"ADVANCED MANAGEMENT GROUP, L.L.C.",48422.0,2024-09-19,"480V AND 208V POWER RESTORATION AND LED LIGHT REPLACEMENT AT FUEL STORAGE AREA 1, BUILDING 77611 AT KENNEDY SPACE CENTER. ELECTRICAL CONSTRUCTION BLANKET PURCHASE AGREEMENT CALL. PROJECT CONTROL NUMBER 99795"
80KSC024FA131,EMF ENGINEERED COMPONENTS LLC,341429.09,2024-09-19,VEHICLE DAMPER SYSTEM TEST FIXTURE (VDSTF)
80KSC024FA134,WRIGHT BROS LLC,785478.0,2024-09-24,M6-0744 REPURPOSE OF SUPPLY EAST WING PROJECT.
80KSC024FA135,CHIRICAHUA-LOGICAL JV,1932469.74,2024-09-19,KENNEDY OPERATIONAL AND INSTITUTIONAL SUPPORT (KOIS) CONTRACT TASK ORDER.
80KSC024FA137,"CHENEGA GLOBAL PROTECTION, LLC",16686781.0,2024-09-27,NASA PROTECTIVE SERVICES CONTRACT - SOUTH REGION (NPSC-SR) KSC TASK ORDER FOR BASELINE AND PRE-PRICED ITEMS
80KSC024FA138,"CHENEGA GLOBAL PROTECTION, LLC",757096.68,2024-09-25,NASA PROTECTIVE SERVICES CONTRACT - SOUTH REGION (NPSC-SR) GSA VEHICLE TASK ORDER
80KSC024FA139,"CHENEGA GLOBAL PROTECTION, LLC",75739.17,2024-09-25,NASA PROTECTIVE SERVICES CONTRACT - SOUTH REGION (NPSC-SR) NPSTA TRAVEL ACADEMY TASK ORDER
80KSC024FA142,"AMENTUM SERVICES, INC.",20251.57,2024-09-24,KENNEDY PROPELLANTS AND LIFE SUPPORT SERVICES CONTRACT COVID-19 REQUEST FOR EQUITABLE ADJUSTMENT NEGOTIATED TASK ORDER
80KSC024FA145,"CHENEGA GLOBAL PROTECTION, LLC",11729955.0,2024-09-26,NASA FIRE SERVICES CONTRACT - KSC PROGRAM MANAGEMENT AND BASELINE FIRE SERVICES FOR FY25
80KSC024FA146,"CHENEGA GLOBAL PROTECTION, LLC",243231.74,2024-09-26,NASA FIRE SERVICES CONTRACT GSA VEHICLE LEASE PAYMENT
80KSC024PA005,NORTH STAR IMAGING INCORPORATED,1489779.0,2024-01-16,450KV/225KV DIGITAL XRAY COMPUTED TOMOGRAPHY SYSTEM
80KSC024PA007,TAYLOR DEVICES INC,1087228.0,2024-05-03,TAYLOR DEVISES DAMPERS FOR THE VEHICLE DAMPING SYSTEM
80KSC024PA010,"PARK SYSTEMS, INC.",312000.0,2024-09-16,ATOMIC FORCE MICROSCOPY
80KSC024PA012,"PREFERRED MATERIALS, INC.",356000.0,2024-09-13,"CRAWLERWAY ROCK   NOTE: REPLACES ORIGINAL ENTRY 9/13/2024 WHICH HAD THE INCORRECT PIID, 80KSC024P0012 INSTEAD OF 80KSC024PA012."
80LARC24CA001,VANDERBILT UNIVERSITY,2741717.18,2023-11-27,PRINCIPAL INVESTIGATOR AND SCIENCE MANAGEMENT TEAM SUPPORT RESPONSIBLE FOR THE MANAGEMENT OF THE POLARIZED SUBMILLIMETER ICE-CLOUD RADIOMETER INSTRUMENT MISSION FOR THE NASA LIFE CYCLE FORMULATION AND IMPLEMENTATION PHASES A THOUGH F.
80LARC24CA002,FILIUS LLC,460089.09,2024-03-29,COMPUTATIONAL TOOLBOX SUSTAINMENT AND ENHANCEMENT.
80LARC24CA003,"BOYD LANCASTER, INC.",350000.0,2024-09-29,LIGHTWEIGHT PRIMARY HEAT REJECTION SUBSYSTEM (PHRS) TARGETING NUCLEAR ELECTRIC PROPULSION (NEP) CAPABILITY. THIS WILL INCLUDE DESIGNING MODULAR UNITS THAT CAN BE ASSEMBLED AND/OR DEPLOYED IN SPACE WITH ROBOTICS TO PRODUCE THE LIGHTWEIGHT PRIMARY HEAT
80LARC24F0002,CORNELL TECHNICAL SERVICES LLC,159969.0,2023-10-12,NASA SCIENCE MISSION DIRECTORATE PHASE E COST STUDY INDEPENDENT STUDY TEAM
80LARC24F0003,CORNELL TECHNICAL SERVICES LLC,33785.0,2023-11-13,EXTREME ULTRAVIOLET HIGH-THROUGHPUT SPECTROSCOPIC TELESCOPE STANDING REVIEW BOARD SUPPORT
80LARC24F0004,THE AEROSPACE CORPORATION,152077.0,2023-11-15,PROVIDE NASA ENGINEERING AND SAFETY CENTER'S SUPPORT FOR THE THERMAL CONTROL AND PROTECTION TECHNICAL DISCIPLINE TEAM.
80LARC24F0005,GENERAL ELECTRIC COMPANY,1781135.0,2024-01-25,FABRICATE AND FACILITATE THE USE OF THE SILICON CARBIDE/SILICON CARBIDE MATERIALS IN AEROSPACE STRUCTURES. THE MATERIAL PROPERTY ALLOWABLES NEED TO BE CHARACTERIZED FOR A VARIETY OF LAYUPS OVER A RANGE OF TEMPERATURES UTILIZING MELT INFILTRATION (MI)
80LARC24F0007,CORNELL TECHNICAL SERVICES LLC,120637.0,2023-12-04,PROVIDES SUBJECT MATTER EXPERTISE SUPPORT FOR THE MISSION SUPPORT DIRECTORATE AUTONOMOUS NAVIGATION DEMONSTRATION RELEVANCE ASSESSMENT TEAM IN ACCORDANCE WITH THE ATTACHED TASK ORDER STATEMENT OF WORK.
80LARC24F0008,THE AEROSPACE CORPORATION,134359.0,2024-01-04,NASA ENGINEERING AND SAFETY CENTER (NESC) SUPPORT FOR THE MULTI-PURPOSE CREW VEHICLE (MPCV) EXPLOSIVE TRANSFER LINE (ETL) ASSESSMENT.
80LARC24F0009,THE AEROSPACE CORPORATION,25607.0,2023-12-19,NASA'S ENGINEERING AND SAFETY CENTER'S ORION FRANGIBLE JOINT THRESHOLD AND MARGIN ANALYSIS TEAM WILL CONDUCT RELIABILITY ANALYSIS OF THE ARTEMIS-II ORION SERVICE MODULE FAIRING FRANGIBLE JOINTS TO ENSURE THE SAFETY FOR HUMAN RATED APPLICATIONS.
80LARC24F0010,THE AEROSPACE CORPORATION,289887.0,2024-02-21,TO PROVIDE TACTICAL SUPPORT FOR THE AEROSCIENCES EVALUATION AND TEST CAPABILITY (AETC) FACILITY SECURITY POSTURETRANSITIONS.
80LARC24F0011,CORNELL TECHNICAL SERVICES LLC,52980.0,2024-03-04,2023 ASTROPHYSICS PROBE EXPLORER (APEX) PROPOSALS SCIENCE PANEL SUPPORT
80LARC24F0012,"BARRIOS TECHNOLOGY, LLC",9061125.0,2024-04-12,PROJECT COORDINATION SUPPORT TO LANGLEY RESEARCH CENTER ORGANIZATIONS IN SUPPORT OF PROGRAMS AND PROJECTS.
80LARC24F0013,BURGESS & NIPLE INC,160735.35,2024-03-20,LANDIR STRUCTURAL REPORT
80LARC24F0015,BURGESS & NIPLE INC,271331.46,2024-03-25,COMPRESSOR 10 STUDY
80LARC24F0017,BURGESS & NIPLE INC,104375.5,2024-03-22,COMPRESSOR 9 INDEPENDENT DESIGN REVIEW
80LARC24F0018,THE REGENTS OF THE UNIVERSITY OF COLORADO,70132.0,2024-03-22,"MECHANICAL ENGINEERING, SYSTEMS ENGINEERING AND INTEGRATION & TEST, QUALITY ASSURANCE, AND PROJECT SUPPORT FUNCTIONS REQUIRED TO IMPLEMENT THE MODIFIED T0 PURGE SYSTEM ON THE LIBERA INSTRUMENT."
80LARC24F0020,CORNELL TECHNICAL SERVICES LLC,5419263.0,2024-04-26,HELIOPHYSICS EXPLORERS PROGRAM 2022 SMALL EXPLORER (SMEX) CONCEPT STUDY REPORT (CSR) EVALUATION.
80LARC24F0021,BURGESS & NIPLE INC,15653.17,2024-04-02,BUILDING 1308 DESIGN REFRESH
80LARC24F0022,CORNELL TECHNICAL SERVICES LLC,417107.0,2024-05-23,"COST MODEL PERFORMANCE ANALYSIS FOR USE ON THE HELIOPHYSICS EXPLORERS PROGRAM (HEP) 2022 SMALL EXPLORER (SMEX) CONCEPT STUDY REPORT (CSR) TECHNICAL, MANAGEMENT AND COST (TMC) EVALUATION"
80LARC24F0025,CORNELL TECHNICAL SERVICES LLC,207721.0,2024-07-10,"THE IMPACT OF THE SPECTRUM PROCESS ON ANNOUNCEMENT OF OPPORTUNITY (AO) SPACE MISSION DESIGN AND TECHNICAL, MANAGEMENT, AND COST (TMC) EVALUATION"
80LARC24F0027,GENERAL ELECTRIC COMPANY,221088.0,2024-07-02,"NON-RECURRING ENGINEERING (NRE) SERVICES REQUIRED TO FABRICATE A TOTAL OF THIRTY-TWO ARTICLES USING CVI SIC DENSIFICATION OF SILICON CARBIDE FIBER PREFORMS, IN SUPPORT OF CVI SIC/SIC CMC TECHNOLOGY MATURATION AT NASA GLENN RESEARCH CENTER (GRC)."
80LARC24F0029,"HEALTHEON, INC",1597502.0,2024-07-09,DEMOLITION OF BUILDING 1209
80LARC24F0031,MISSION TECHNOLOGY,2256999.0,2024-07-24,"FACILITY ASSURANCE, INSPECTION, MONITORING AND OCCUPATIONAL SAFETY II (FAIMOS-II) GODDARD SPACE FLIGHT CENTER (GSFC) BASE SUPPORT OH/IH/RADIATION"
80LARC24F0032,MISSION TECHNOLOGY,62888.0,2024-07-24,"FACILITY, ASSURANCE, INSPECTION, MONITORING AND OCCUPATIONAL SAFETY II (FAIMOS-II) GODDARD SPACE FLIGHT CENTER (GSFC) BASE SUPPORT OTHER DIRECT COSTS (OCD'S)."
80LARC24F0033,CORNELL TECHNICAL SERVICES LLC,20936.0,2024-08-13,ELECTROJET ZEEMAN IMAGING EXPLORER (EZIE) STANDING REVIEW BOARD (SRB) SUPPORT
80LARC24F0034,SCIENCE & TECHNOLOGY CORPORATION,5248824.0,2024-08-01,MECHANICAL AND COMPOSITE HARDWARE FABRICATION SUPPORT SERVICES THAT IS ISSUED THROUGH AN ELECTRONIC TASK ORDER MANAGEMENT SYSTEM (ETOMS).
80LARC24F0037,BURGESS & NIPLE INC,677365.83,2024-08-15,LANGLEY RESEARCH CENTER (LARC) B2104 RECOMMISSIONING STUDY
80LARC24F0038,THE AEROSPACE CORPORATION,276250.0,2024-09-27,"TO CONDUCT AN ARC HIGH-ENERGY INITIATION AND PROPAGATION TEST PLAN AND UPDATE STANDARDS TO CONTROL RISK IF WARRANTED IN ACCORDANCE WITH THE ATTACHED STATEMENT OF WORK TITLED ""NASA ENGINEERING AND SAFETY CENTER (NESC) PROPAGATING ARCING POTENTIAL."""
80LARC24F0039,THE AEROSPACE CORPORATION,0.0,2024-09-27,"NASA ENGINEERING AND SAFETY CENTER'S (NESC) TEAM TO GUIDE FUTURE HUMAN-RATED SPACECRAFT FIRE SAFETY SYSTEM IN ACCORDANCE WITH THE STATEMENT OF WORK TITLED ""TI-21-01651 SPACECRAFT FIRE SAFETY STANDARD."""
80LARC24F0040,GENERAL ELECTRIC COMPANY,1668395.0,2024-09-20,A GROUP OF CHEMICAL VAPOR INFILTRATION (CVI) PROCESSED CARBON SILICON CARBIDE (C/SIC) AND SILICON CARBIDE/SILICON CARBIDE (SIC/SIC) COMPONENTS ARE REQUIRED FOR MANUFACTURING DEMONSTRATIONS AND MATERIAL/COMPONENT PERFORMANCE TESTING.
80LARC24F0041,GENERAL ELECTRIC COMPANY,1775139.0,2024-09-20,A GROUP OF CHEMICAL VAPOR INFILTRATION (CVI) PROCESSED CARBON SILICON CARBIDE (C/SIC) AND SILICON CARBIDE/SILICON CARBIDE (SIC/SIC) COMPONENTS ARE REQUIRED FOR MANUFACTURING DEMONSTRATIONS AND MATERIAL/COMPONENT PERFORMANCE TESTING.
80LARC24F0042,"BIRMINGHAM INDUSTRIAL CONSTRUCTION, LLC",9253711.65,2024-09-30,REPLACE AND REPAIR OF SANITARY SEWER SYSTEMS AT NASA LANGLEY RESEARCH CENTER - PHASE 1.
80LARC24FA001,AHMIC AEROSPACE LLC,50000.0,2023-10-17,FORCE MEASUREMENT SUPPORT SERVICE III MINIMUM GUARANTEE DELIVERY ORDER.
80LARC24FA002,NORTH WIND SYSTEMS LLC,50000.0,2023-10-17,FORCE MEASUREMENT SUPPORT SERVICE III MINIMUM GUARANTEE DELIVERY ORDER.
80LARC24FA003,MODERN MACHINE AND TOOL COMPANY INCORPORATED,50000.0,2023-10-17,FORCE MEASUREMENT SUPPORT SERVICE III MINIMUM GUARANTEE DELIVERY ORDER.
80LARC24FA004,"BREVARD ACHIEVEMENT CENTER, INC.",4593.56,2023-10-20,ADDITIONAL CUSTODIAL SERVICES FOR NASA LARC OPEN HOUSE EVENT
80LARC24FA006,"CHENEGA GLOBAL PROTECTION, LLC",5588.37,2023-10-20,ADDITIONAL SECURITY OFFICER SUPPORT FOR NASA LARC OPEN HOUSE
80LARC24FA008,RYZING TECHNOLOGIES LLC,96324.0,2024-02-14,"INFLATABLE AERODYNAMIC DECELERATOR (IAD) TRACK A - INFLATABLE STRUCTURES DESIGN, MANUFACTURING, AND TESTING INCLUDING SUPPORT FOR AEROSHELL INTEGRATION AND TESTING"
80LARC24FA009,AIRBORNE SYSTEMS NORTH AMERICA OF CA INC,71817.0,2024-02-14,"INFLATABLE AERODYNAMIC DECELERATOR (IAD) TRACK A - INFLATABLE STRUCTURES DESIGN, MANUFACTURING, AND TESTING INCLUDING SUPPORT FOR AEROSHELL INTEGRATION AND TESTING"
80LARC24FA010,"CHENEGA GLOBAL PROTECTION, LLC",4827634.96,2024-02-01,NASA PROTECTIVE SERVICES - EASTERN REGION CONTRACT YEAR 2 BASELINE SERVICES
80LARC24FA011,"CHENEGA GLOBAL PROTECTION, LLC",31936.27,2024-04-16,"RE-LOCATE EXISTING AND INSTALL NEW INTRUSION DETECTION, CLOSED CIRCUIT TELEVISION (CCTV) AND ACCESS CONTROL DEVICES LOCATED AT NASA LANGLEY RESEARCH CENTER IN THE H1A.C2 AREA OF B1195CB1195C."
80LARC24FA012,PBG FEDSYNC JV LLC,129185.14,2024-03-01,GLENN RESEARCH CENTER (GRC) CENTER ENGINEERING SAFETY OPERATIONS ADMINISTRATIVE SUPPORT
80LARC24FA013,PBG FEDSYNC JV LLC,183368.06,2024-03-01,GLENN RESEARCH CENTER (GRC)PROGRAM ADMINISTRATIVE SUPPORT
80LARC24FA014,"SEVENTH SENSE, LLC",611679.0,2024-03-19,PROCUREMENT SUPPORT SERVICES
80LARC24FA015,"ALUTIIQ LOGISTICS & MAINTENANCE SERVICES, LLC",74253.15,2024-03-18,LANGLEY LOGISTICS SUPPORT SERVICES
80LARC24FA020,"JACKSON BOND ENTERPRISES, LLC",491884.0,2024-03-29,"INFLATABLE AERODYNAMIC DECELERATOR (IAD) TRACK B - FLEXIBLE THERMAL PROTECTION SYSTEMS DESIGN, MANUFACTURING AND TESTING, INCLUDING SUPPORT FOR AEROSHELL INTEGRATION AND TESTING"
80LARC24FA021,DAMUTH SERVICES INC,304000.0,2024-04-22,"HEATING, VENTILATION, AND AIR CONDITIONING SERVICES FOR NASA LANGLEY RESEARCH CENTER."
80LARC24FA023,"JACKSON BOND ENTERPRISES, LLC",1374052.0,2024-05-30,"INFLATABLE AERODYNAMIC DECELERATOR (IAD) TRACK B - FLEXIBLE THERMAL PROTECTION SYSTEMS DESIGN, MANUFACTURING AND TESTING, INCLUDING SUPPORT FOR AEROSHELL INTEGRATION AND TESTING"
80LARC24FA024,DAMUTH SERVICES INC,330525.0,2024-06-03,"HEATING, VENTILATION, AND AIR CONDITIONING SERVICES FOR NASA LANGLEY RESEARCH CENTER."
80LARC24FA025,DAMUTH SERVICES INC,392250.0,2024-06-03,"HEATING, VENTILATION, AND AIR CONDITIONING SERVICES FOR NASA LANGLEY RESEARCH CENTER."
80LARC24FA026,PBG FEDSYNC JV LLC,16725.2,2024-06-07,INTERAGENCY ADVANCED POWER GROUP ADMINISTRATIVE SUPPORT OVERTIME AND TRAVEL.
80LARC24FA028,GUARDTECH SYSTEMS LLC,814107.24,2024-07-01,LOGISTICS SUPPORT SERVICES 2 (LSS2)
80LARC24FA030,MESSER LLC,835588.0,2024-07-11,PROVIDES LANGLEY RESEARCH CENTER WITH THE NEEDED LIQUID NITROGEN GRADE B TYPE II.
80LARC24FA031,RYZING TECHNOLOGIES LLC,822127.0,2024-07-22,"INFLATABLE AERODYNAMIC DECELERATOR (IAD) TRACK A - INFLATABLE STRUCTURES DESIGN, MANUFACTURING, AND TESTING INCLUDING SUPPORT FOR AEROSHELL INTEGRATION AND TESTING"
80LARC24FA034,"ADVANCED TECHNOLOGIES, INC.",381560.0,2024-07-02,DESIGN AND FABRICATION WORK FOR SWASHPLATELESS PROTOTYPE ROTOR HUB FOR MODEL-SCALE ROTOR TESTING.
80LARC24FA035,AIRGAS USA LLC,964060.26,2024-07-03,PROVIDES LANGLEY RESEARCH CENTER WITH THE NEEDED LIQUID NITROGEN GRADE C TYPE II AND ALSO GRADE A TYPE II LIQUID OXYGEN.
80LARC24FA036,EAGLE AVIATION TECHNOLOGIES LLC,66427.0,2024-07-12,FABRICATION OF A DOGLEG STING FOR TESTING IN THE NASA LANGLEY RESEARCH CENTER (LARC) 31-INCH MACH 10 TUNNEL (31M10) IN SUPPORT OF THE VULCAN ENGINE RECOVERY AEROSHELL (VERA) PROJECT.
80LARC24FA037,DAMUTH SERVICES INC,208135.0,2024-07-16,"HEATING, VENTILATION, AND AIR CONDITIONING SERVICES FOR NASA LANGLEY RESEARCH CENTER."
80LARC24FA038,NEW DOMINION CONSTRUCTION LLC,796049.69,2024-07-26,"CLOSED LOOP COOLING WATER SYSTEM, GRAPHITE FURNACE, B1267A"
80LARC24FA039,AIRBORNE SYSTEMS NORTH AMERICA OF CA INC,49873.0,2024-09-03,"INFLATABLE AERODYNAMIC DECELERATOR (IAD) TRACK A - INFLATABLE STRUCTURES DESIGN, MANUFACTURING, AND TESTING INCLUDING SUPPORT FOR AEROSHELL INTEGRATION AND TESTING"
80LARC24FA041,"CHENEGA GLOBAL PROTECTION, LLC",1034.51,2024-08-22,BUILDING 1244 NORTH TAXIWAY RAMP GATE.
80LARC24FA042,"CHENEGA GLOBAL PROTECTION, LLC",1527.14,2024-08-15,2024 FAMILY DAY SECURITY POLICE OFFICER SUPPORT
80LARC24FA043,TEYA ENTERPRISES LLC,1048150.31,2024-08-16,22KV HANGAR SWITCH
80LARC24FA045,UNIVERSITY SYSTEM OF NEW HAMPSHIRE,418863.84,2024-09-10,PERFORM INSTRUMENT MODIFICATIONS UNDER TASK ORDER 80LARC22FA013 TO SUPPORT POTENTIAL HOST SPACECRAFT EXTERNAL STRUCTURAL ATTACHMENT FOR LAUNCH SURVIVAL HOST SPACECRAFT INERTIAL REFERENCE UNIT (IRU) CONNECTION TO THE INSTRUMENT MISSION LINE OF SIGHT
80LARC24FA047,"ADVANCED TECHNOLOGIES, INC.",532414.02,2024-09-20,"DESIGN OF A MODEL-SCALE COAXIAL ROTOR AEROELASTIC TESTBED (MSCRAT) WITH THE INCLUSION OF THREE OPTION PERIODS TO ALLOW FOR FABRICATION OF THE TESTBED, HOVER STAND MODIFICATIONS, AND A MODULAR TAIL CONE, IF EXERCISED."
80LARC24FA048,"TETRA TECH, INC.",2506270.92,2024-09-23,PER-AND POLYFLUOROALKYL SUBSTANCES (PFAS) SITE-WIDE-PROGRAM-SUPPORT FOR LANGLEY
80LARC24FW001,D&M METAL AND INDUSTRIAL SALES LLC,5725.0,2023-10-03,VARIOUS METALS
80LARC24FW002,MICROTECH MACHINE CO INC,2840.0,2023-10-12,"CAMERA PLATE, CAMERA AFT CLOSEOUT"
80LARC24FW003,"CARDINAL SCIENTIFIC, INC.",77974.2,2023-10-18,HALF ARRAY PACKAGES RH LH INBOARD 21323N0238
80LARC24FW004,D&M METAL AND INDUSTRIAL SALES LLC,442.0,2023-10-20,METAL T6 FLAT BAR AND H32 SHEET
80LARC24FW005,D&M METAL AND INDUSTRIAL SALES LLC,18874.0,2023-10-24,DOMESTIC PLATE
80LARC24FW006,D&M METAL AND INDUSTRIAL SALES LLC,1207.0,2023-11-01,DOMESTIC PLATE AND NAVEL BRASS
80LARC24FW007,"PIERCE ALUMINUM COMPANY, INC.",708.0,2023-11-14,ALUMINUM PLATE
80LARC24FW008,D&M METAL AND INDUSTRIAL SALES LLC,6653.0,2023-11-20,"STEEL SQUARE TUBE, ANGLE AND PLATE"
80LARC24FW009,D&M METAL AND INDUSTRIAL SALES LLC,980.0,2023-11-22,STEEL SQUARE TUBES
80LARC24FW010,D&M METAL AND INDUSTRIAL SALES LLC,330.0,2023-12-12,METAL ROD
80LARC24FW011,D&M METAL AND INDUSTRIAL SALES LLC,2031.6,2023-12-13,METAL FLAT BAR AND H32 SHEET
80LARC24FW012,D&M METAL AND INDUSTRIAL SALES LLC,880.0,2023-12-18,METAL SQUARE TUBE AND PLATE
80LARC24FW013,D&M METAL AND INDUSTRIAL SALES LLC,9975.0,2023-12-19,METAL ROUND BAR AND PLATES
80LARC24FW014,D&M METAL AND INDUSTRIAL SALES LLC,42523.0,2023-12-20,VARIOUS METALS
80LARC24FW015,D&M METAL AND INDUSTRIAL SALES LLC,1980.0,2024-01-05,DOMESTIC PLATE
80LARC24FW016,D&M METAL AND INDUSTRIAL SALES LLC,1552.0,2024-01-12,A36 SQUARE BARS AND PLATES
80LARC24FW017,D&M METAL AND INDUSTRIAL SALES LLC,610.0,2024-01-17,METAL 304/L SHEET
80LARC24FW018,D&M METAL AND INDUSTRIAL SALES LLC,4705.0,2024-01-23,VARIOUS METALS
80LARC24FW019,D&M METAL AND INDUSTRIAL SALES LLC,830.0,2024-01-23,METAL PLATE
80LARC24FW020,"PIERCE ALUMINUM COMPANY, INC.",592.24,2024-01-24,METAL PLATES
80LARC24FW021,D&M METAL AND INDUSTRIAL SALES LLC,55.0,2024-01-25,METAL ROD
80LARC24FW022,D&M METAL AND INDUSTRIAL SALES LLC,10346.0,2024-02-02,VARIOUS METALS
80LARC24FW023,D&M METAL AND INDUSTRIAL SALES LLC,1452.0,2024-02-05,STEEL TUBE & PLATE
80LARC24FW024,D&M METAL AND INDUSTRIAL SALES LLC,6582.0,2024-02-09,VARIOUS METALS
80LARC24FW025,D&M METAL AND INDUSTRIAL SALES LLC,381.0,2024-02-13,"METAL RODS, I BEAM AND SQUARE BAR"
80LARC24FW026,D&M METAL AND INDUSTRIAL SALES LLC,101.0,2024-02-13,6061 ANGLE & SHEET
80LARC24FW027,D&M METAL AND INDUSTRIAL SALES LLC,3755.0,2024-02-20,T3 SHEETS AND T651 PLATE
80LARC24FW028,D&M METAL AND INDUSTRIAL SALES LLC,187.0,2024-02-21,GR50 STEEL ROD
80LARC24FW029,D&M METAL AND INDUSTRIAL SALES LLC,477.0,2024-02-21,ALUMINUM ANGLE
80LARC24FW030,D&M METAL AND INDUSTRIAL SALES LLC,3976.0,2024-02-22,430 SS PLATE AND DOMESTIC PLATE
80LARC24FW031,D&M METAL AND INDUSTRIAL SALES LLC,1351.0,2024-02-22,T3 PLATE AND T6 PLATE
80LARC24FW032,D&M METAL AND INDUSTRIAL SALES LLC,1097.0,2024-02-26,"6061-T651 PLATES, 6061-T6511 TUBE"
80LARC24FW033,STAINLESS SHAPES INC,1972.0,2024-02-26,STAINLESS SMLS A106/A53
80LARC24FW034,STAINLESS SHAPES INC,3695.4,2024-02-26,STAINLESS SMLS 304/304L
80LARC24FW035,"PIERCE ALUMINUM COMPANY, INC.",897.0,2024-02-28,6061-T651 DFARS
80LARC24FW036,D&M METAL AND INDUSTRIAL SALES LLC,3892.0,2024-03-01,INCONE (ALLOY 718) & ROUND BAR
80LARC24FW037,STAINLESS SHAPES INC,3047.37,2024-03-01,VARIOUS METALS
80LARC24FW038,STAINLESS SHAPES INC,5752.95,2024-03-06,"15-5PH COND H1025 AMS 5659 4"" X 7"" X 15"""
80LARC24FW039,D&M METAL AND INDUSTRIAL SALES LLC,514.0,2024-03-07,METAL ANGLE
80LARC24FW040,INDUSTRIAL METAL SALES LLC,26688.0,2024-03-11,VARIOUS METALS
80LARC24FW041,D&M METAL AND INDUSTRIAL SALES LLC,1865.0,2024-03-12,15-5 ROD HEAT TREATED TO H1025
80LARC24FW042,D&M METAL AND INDUSTRIAL SALES LLC,702.0,2024-03-13,A36 ANGLE AND 6061 TUBE
80LARC24FW043,"PIERCE ALUMINUM COMPANY, INC.",9410.07,2024-03-15,VARIOUS METALS
80LARC24FW044,D&M METAL AND INDUSTRIAL SALES LLC,1890.0,2024-03-22,STAINLESS PLATES
80LARC24FW045,D&M METAL AND INDUSTRIAL SALES LLC,371.0,2024-03-25,STEEL PLATE - PLASMA CUT
80LARC24FW046,D&M METAL AND INDUSTRIAL SALES LLC,440.0,2024-04-08,METAL ROD
80LARC24FW047,D&M METAL AND INDUSTRIAL SALES LLC,2105.0,2024-04-11,VARIOUS METALS
80LARC24FW048,D&M METAL AND INDUSTRIAL SALES LLC,3900.0,2024-04-15,17-4 PH FLAT BAR
80LARC24FW049,"PIERCE ALUMINUM COMPANY, INC.",1540.95,2024-04-15,VARIOUS METALS
80LARC24FW050,D&M METAL AND INDUSTRIAL SALES LLC,868.0,2024-04-17,I BEAM
80LARC24FW051,D&M METAL AND INDUSTRIAL SALES LLC,717.6,2024-04-22,6061 ANGLE
80LARC24FW052,D&M METAL AND INDUSTRIAL SALES LLC,763.0,2024-04-22,304 PLATE - PLASMA CUT
80LARC24FW053,INDUSTRIAL METAL SALES LLC,6249.0,2024-04-24,VARIOUS ALUMINUM & STAINLESS PLATE
80LARC24FW054,D&M METAL AND INDUSTRIAL SALES LLC,224.0,2024-04-25,"METAL 6061-T6511 FB .75 X 2"" X 12'"
80LARC24FW055,STAINLESS SHAPES INC,1025.75,2024-04-29,VARIOUS METAL 7050-T7451 SIZES
80LARC24FW056,D&M METAL AND INDUSTRIAL SALES LLC,966.0,2024-04-30,STEEL DIAMOND PLATE
80LARC24FW057,D&M METAL AND INDUSTRIAL SALES LLC,24664.0,2024-04-30,SCATTERING RIG
80LARC24FW058,D&M METAL AND INDUSTRIAL SALES LLC,8330.1,2024-05-07,VARIOUS METALS
80LARC24FW059,D&M METAL AND INDUSTRIAL SALES LLC,332.5,2024-05-09,BOLT ASSEMBLY: LG BH-SHC & SLIDE IN OVAL T NUT
80LARC24FW060,D&M METAL AND INDUSTRIAL SALES LLC,2547.0,2024-05-14,"T SLOT RAIL, FLAT BAR AND 6061 SHEET"
80LARC24FW061,"PIERCE ALUMINUM COMPANY, INC.",1510.0,2024-05-20,VARIOUS METALS
80LARC24FW062,D&M METAL AND INDUSTRIAL SALES LLC,4289.0,2024-06-04,VARIOUS METALS
80LARC24FW063,INDUSTRIAL METAL SALES LLC,2248.0,2024-06-05,STAINLESS STEEL
80LARC24FW064,D&M METAL AND INDUSTRIAL SALES LLC,30.0,2024-06-05,6061-T6511 SQUARE BAR
80LARC24FW065,D&M METAL AND INDUSTRIAL SALES LLC,491.0,2024-06-06,A36 DOMESTIC PLATE
80LARC24FW066,D&M METAL AND INDUSTRIAL SALES LLC,774.0,2024-06-06,6061-T651 PLATE AND 6061-T6 ANGLE
80LARC24FW067,MICRO CRAFT INC,1300.0,2024-06-07,TOP AND BASE ROLLER SUPPORTS
80LARC24FW068,D&M METAL AND INDUSTRIAL SALES LLC,480.0,2024-06-11,T6 PLATE
80LARC24FW069,D&M METAL AND INDUSTRIAL SALES LLC,502.0,2024-06-11,"CARBON STEEL, A106 B SMLS PIPE"
80LARC24FW070,STAINLESS SHAPES INC,1175.01,2024-06-13,"15-5PH COND H1025 2"" DIAMETER"
80LARC24FW071,D&M METAL AND INDUSTRIAL SALES LLC,1400.0,2024-06-14,DOMESTIC STEEL PLATE
80LARC24FW072,"APPLIED FAB & MACHINING, INC.",4592.84,2024-06-21,QUOTE 34199
80LARC24FW073,D&M METAL AND INDUSTRIAL SALES LLC,276.0,2024-06-24,SQUARE BAR
80LARC24FW074,D&M METAL AND INDUSTRIAL SALES LLC,652.0,2024-07-03,"17-4 PH ROD, 316/L U CHANNEL ROUND CORNERS"
80LARC24FW075,"APPLIED FAB & MACHINING, INC.",3091.0,2024-07-08,STRAIGHT TRAILING EDGE EXTENSION PLATES
80LARC24FW076,VISION MACHINE AND FABRICATION CORP.,2720.0,2024-07-09,SCATTERING RIG-FLOOR DECK
80LARC24FW077,STAINLESS SHAPES INC,48174.83,2024-07-11,VARIOUS METALS
80LARC24FW078,D&M METAL AND INDUSTRIAL SALES LLC,540.0,2024-07-12,6061 METAL SHEET
80LARC24FW079,"PIERCE ALUMINUM COMPANY, INC.",2518.75,2024-07-15,"6061-T6511 STOCK CUT IMPORT, 6061-T651 ON CUT"
80LARC24FW080,INDUSTRIAL METAL SALES LLC,929.0,2024-07-17,VARIOUS METALS
80LARC24FW081,D&M METAL AND INDUSTRIAL SALES LLC,2173.0,2024-07-17,STEEL BEAMS
80LARC24FW082,"PIERCE ALUMINUM COMPANY, INC.",1596.75,2024-07-17,6061-T651 DFARS
80LARC24FW083,D&M METAL AND INDUSTRIAL SALES LLC,2970.0,2024-07-18,17-4 PH SQUARE BARS
80LARC24FW084,D&M METAL AND INDUSTRIAL SALES LLC,7800.0,2024-07-18,10 GAUGE 304/304L SHEET
80LARC24FW085,D&M METAL AND INDUSTRIAL SALES LLC,659.0,2024-07-22,VARIOUS METALS
80LARC24FW086,D&M METAL AND INDUSTRIAL SALES LLC,760.0,2024-07-22,6061-T651 PLATE
80LARC24FW087,D&M METAL AND INDUSTRIAL SALES LLC,5628.0,2024-07-24,METAL QUOTE
80LARC24FW088,D&M METAL AND INDUSTRIAL SALES LLC,2339.0,2024-07-24,VARIOUS METALS
80LARC24FW089,MODERN MACHINE AND TOOL COMPANY INCORPORATED,8686.0,2024-07-25,MACHINE MAIN TUBE UPPER AND LOWER
80LARC24FW090,D&M METAL AND INDUSTRIAL SALES LLC,4955.0,2024-07-26,VARIOUS METALS
80LARC24FW091,D&M METAL AND INDUSTRIAL SALES LLC,290.0,2024-07-30,5052 H32 SHEET
80LARC24FW092,D&M METAL AND INDUSTRIAL SALES LLC,469.0,2024-07-31,A36 PLATE
80LARC24FW093,D&M METAL AND INDUSTRIAL SALES LLC,576.0,2024-08-06,6061-T6 ANGLE
80LARC24FW094,D&M METAL AND INDUSTRIAL SALES LLC,394.0,2024-08-12,RED VIRGIN PTFE SHEET
80LARC24FW095,"PIERCE ALUMINUM COMPANY, INC.",1416.0,2024-08-12,6061-T651 DFARS
80LARC24FW096,VISION MACHINE AND FABRICATION CORP.,9390.0,2024-08-13,HYMETS-GRAPHITE INSULATOR & DISK PARTS
80LARC24FW097,D&M METAL AND INDUSTRIAL SALES LLC,2623.0,2024-08-16,"4130 HR ANNEALED, DESCALED AQ PLATE, FLAME CUT"
80LARC24FW098,D&M METAL AND INDUSTRIAL SALES LLC,752.0,2024-08-19,MIC6 PLATE
80LARC24FW099,D&M METAL AND INDUSTRIAL SALES LLC,599.0,2024-08-21,A36 METAL
80LARC24FW100,D&M METAL AND INDUSTRIAL SALES LLC,3153.0,2024-08-22,"MULTIPLE A500 B PIPES, A36 F B"
80LARC24FW101,D&M METAL AND INDUSTRIAL SALES LLC,427.0,2024-08-23,WALL - 6061 ANGLE CUT
80LARC24FW102,"PIERCE ALUMINUM COMPANY, INC.",588.54,2024-08-23,VARIOUS 7050-T7451 METAL SIZES
80LARC24FW103,"PIERCE ALUMINUM COMPANY, INC.",973.8,2024-08-23,6061-T651 DFARS
80LARC24FW104,"PIERCE ALUMINUM COMPANY, INC.",5317.5,2024-08-28,6061-T651 DFARS
80LARC24FW105,D&M METAL AND INDUSTRIAL SALES LLC,965.0,2024-08-28,6061-T651 PLATE
80LARC24FW106,D&M METAL AND INDUSTRIAL SALES LLC,1025.0,2024-08-30,1 INCH DIAMETER H-11 VAC MELT ANNEALED CENTERLESS GROUND
80LARC24FW107,"PIERCE ALUMINUM COMPANY, INC.",596.0,2024-09-09,ALUMINUM 6061-T6511
80LARC24FW108,D&M METAL AND INDUSTRIAL SALES LLC,360.0,2024-09-09,6061-T SHEET
80LARC24FW109,D&M METAL AND INDUSTRIAL SALES LLC,1513.0,2024-09-12,QUOTE 1641 & 1642
80LARC24FW110,D&M METAL AND INDUSTRIAL SALES LLC,2493.0,2024-09-13,ALLOY 600 ROUND BAR
80LARC24FW111,D&M METAL AND INDUSTRIAL SALES LLC,765.0,2024-09-24,MIC 6 PLATE
80LARC24PA005,SUPERIOR-LIDGERWOOD-MUNDY CORP,840003.75,2024-05-01,MULTI-HOIST AND AIR CASTER SYSTEM FOR THE NASA LANGLEY RESEARCH CENTER (LARC) LANDING AND IMPACT RESEARCH FACILITY (LANDIR) TO SUPPORT IMPACT DYNAMICS TESTING UNDER THE HUMAN LANDING SYSTEMS (HLS) PROGRAM FOR THE MOON LANDING TEST (MLT) PROJECT.
80LARC24PA008,ALUTIIQ CAREER VENTURES LLC,1412180.2,2024-03-29,"BASIC GROUNDS MAINTENANCE AND PEST CONTROL SERVICES FOR FACILITIES LOCATED AT LANGLEY RESEARCH CENTER (LARC) AND NASA BUILDINGS LOCATED ON THE ADJACENT LANGLEY AIR FORCE BASE IN HAMPTON, VIRGINIA."
80LARC24PA009,NEWTON LLC,290245.0,2024-06-13,BUILD AND DELIVER ONE CONTAINER FOR TRANSPORTATION AND STORAGE OF THE GEOSTATIONARY CARBON CYCLE OBSERVATORY (GEOCARB) INSTRUMENT ASSEMBLY.
80LARC24PA010,NORTH AMERICAN REFRIGERANTS INC,1083836.0,2024-08-29,SUPPLY AND DELIVERY OF R134A REFRIGERANT
80MSFC24CA004,SMITHSONIAN INSTITUTION,3731360.0,2024-03-26,"THE TROPOSPHERIC EMISSIONS: MONITORING OF POLLUTION (TEMPO) CONTRACT, WILL CONDUCT THE NECESSARY RESEARCH, DEVELOP ALGORITHMS, AND PROVIDE NEAR REAL-TIME PRODUCTS FOR NATIONAL AERONAUTICS AND SPACE ADMINISTRATION (NASA'S) HINOD MISSION."
80MSFC24CA005,ALLIUM US HOLDING LLC,4818817.83,2024-09-20,NASA TECHNICAL STANDARD SYSTEMS
80MSFC24CA008,"UNIVERSITY OF CALIFORNIA, LOS ANGELES",16057000.0,2024-09-10,"THE GOAL OF NEO SURVEYOR IS TO FIND, TRACK, AND CHARACTERIZE THE ASTEROIDS AND COMETS THAT COULD POTENTIALLY THREATEN THE EARTH."
80MSFC24CA009,HOLLY SHULMAN,954309.0,2024-03-29,"MICROWAVE MULTIMODE (MWM) CONTINUOUS PAVING, HORIZONTAL, AND VERTICAL CONSTRUCTION TECHNIQUES"
80MSFC24CA012,RESOLUTION LLC,4644853.0,2024-06-21,FLIGHT SYSTEMS TEAM SYSTEMS INTEGRATION AND TECHNICAL EXPERTISE
80MSFC24CA013,BAE SYSTEMS SPACE & MISSION SYSTEMS INC.,8550932.0,2024-09-03,ULTRA-STABLE TELESCOPE RESEARCH AND ANALYSIS - CRITICAL TECHNOLOGIES (ULTRA-CT)
80MSFC24CA014,NORTHROP GRUMMAN SYSTEMS CORPORATION,3502252.0,2024-09-12,STABLE: SYSTEMS TECHNOLOGIES FOR ARCHITECTURE BASELINE
80MSFC24CA015,LOCKHEED MARTIN CORPORATION,4759423.96,2024-09-19,TECHNOLOGY MATURATION FOR ASTROPHYSICS SPACE TELESCOPES (TECHMAST)
80MSFC24CA016,"UNIVERSITY OF MARYLAND, COLLEGE PARK",223834.0,2024-07-02,"NEXT GENERATION LUNAR RETROREFLEECTORS (NGLR) SUPPORT OF SCIENCE OPERATIONS, DATA COLLECTION, LOCATION AND POINTING OF A LUNAR RETROREFLECTOR ON AND DURING THE 19D LUNAR MISSION, CURRENTLY SLATED FOR LAUNCH IN NOVEMBER 2024."
80MSFC24CA018,SIERRA SPACE CORP,3031409.51,2024-09-23,"THE PURPOSE OF THIS EFFORT IS THE DESIGN, MANUFACTURING, AND DEVELOPMENT TESTING FOR LOW LEAKAGE VALVES CONCEPTS USED TO PRIMARILY SERVICE LIQUID HYDROGEN IN-SPACE APPLICATIONS. THESE IN-SPACE APPLICATIONS INCLUDE ENVISIONED DEEP SPACE TRANSPORTATION"
80MSFC24F0001,"CH2M HILL, INC",274009.0,2023-10-03,TASK ORDER JAC081 - NASA MSFC OU-3 SA-7 REMEDIATION SUPPORT SAMPLING
80MSFC24F0002,"CH2M HILL, INC",362931.0,2023-10-17,TASK ORDER JAC077 - NASA MSFC OU 3 SA 12 THERMAL IRA EXPANSION DRILLING AND SITE WORK ACTIVITIES
80MSFC24F0004,THE AEROSPACE CORPORATION,59941.84,2024-01-22,"THE AEROSPACE CORPORATION WILL PROVIDE SUPPORT IN THE TESTING OF ADHESIVE BONDING MATERIALS""."
80MSFC24F0005,ALL NATIVE SYNERGIES COMPANY,372.76,2023-10-12,"PER FWR R001009944 PURCHASE ONE 36X48 WORKSTATION PRIVACY SCREEN, BLDG 4251.."
80MSFC24F0006,THE JOHNS HOPKINS UNIVERSITY APPLIED PHYSICS LABORATORY LLC,254135.0,2023-10-24,MARS SAMPLE RETURN (MSR) INDEPENDENT REVIEW BOARD (IRB) SUPPORT
80MSFC24F0007,LINTECH GLOBAL INC,352.0,2023-10-20,PER FWR R001010562 PROCURE SPARE BATTERIES FOR UPS FOR OUTAGE RESPONSE AND RELIABILITY OF UCS PANELS.
80MSFC24F0008,"ACUITY EDGE, INC.",1172842.0,2023-11-06,80MSFC18D0007 80MSFC24F0008 TECH TRANSFER ACUITY EDGE TASK ORDER 17 FY24 AGENCY COMMERCIALIZATION SUPPORT TASK
80MSFC24F0009,THE JOHNS HOPKINS UNIVERSITY APPLIED PHYSICS LABORATORY LLC,43749.0,2023-11-09,JOHNS HOPKINS UNIVERSITY APPLIED PHYSICS LABORATORY (JHU/APL) SUPPORTS NEW TASK ORDER FOR NASA SCIENCE MISSION DIRECTORATE (SMD) PHASE E COST STUDY.
80MSFC24F0012,TENNESSEE VALLEY SERVICES INC,1296299.0,2023-10-30,"PER FWR R000936025 INSTALL NEW WINDOWS, BUILDING 4249."
80MSFC24F0014,"CH2M HILL, INC",341729.0,2023-11-22,JAC082 - MAF SITEWIDE MONITORING
80MSFC24F0015,APACHE ELECTRICAL CONTRACTORS INC,92714.0,2023-11-01,"PER FWR R000965556 MODS TO ROOM 109A, BLDG 4205."
80MSFC24F0016,APACHE ELECTRICAL CONTRACTORS INC,367451.0,2023-11-02,PER FWR R00102325 PAINT EXTERIOR BLDG 4663.
80MSFC24F0017,THE JOHNS HOPKINS UNIVERSITY APPLIED PHYSICS LABORATORY LLC,19075390.0,2024-03-04,CROSS-SCALE INVESTIGATION OF EARTH'S MAGNETOTAIL AND AURORA (CINEMA) MISSION SUPPORT UNDER ARDES II 80MSFC20D0004
80MSFC24F0020,TENNESSEE VALLEY SERVICES INC,749017.0,2023-11-16,"FWR R000930716 .BASE BID:  PROVIDE A SPLIT SYSTEM DXAC, 30 TON CRU ROOM A109..ALTERNATE 1: PROVIDE A SPLIT SYSTEM DXAC, 30 TON CRU ROOM C210..ALTERNATE 2:  PROVIDE TWO SPLIT SYSTEM DXAC 25 NOMINAL TON, CRU UNITS FOR ROOMS B204 AND B208"
80MSFC24F0021,"CH2M HILL, INC",119777.0,2023-11-27,JAC083 - MAF PROGRAM SUPPORT
80MSFC24F0025,TENNESSEE VALLEY SERVICES INC,74130.0,2023-12-05,GRANITE PAVERS AT BUILDING 4221 COURTYARD PER FWR R000997089
80MSFC24F0026,LINTECH GLOBAL INC,1.0,2023-12-07,FWR R001016736 PROCURE 3 PACK CLAMP FOR FLUKE METER TO REPAIR BUILDING METERS.
80MSFC24F0027,TENNESSEE VALLEY SERVICES INC,23621.0,2023-12-11,"REMOVE EXISTING FLOOR TILES IN BLDG 4205, ROOM 112A. PREPARE, STAIN AND SEAL EXISTING CONCRETE SLAB. PAINT SPECIFIED WALLS."
80MSFC24F0029,"VEC VALLEY ELECTRIC, INC.",10863.0,2023-12-20,"BUILDING 4487, INSTALL BREAKER AND DISCONNECT FOR ROOM B100"
80MSFC24F0031,TENNESSEE VALLEY SERVICES INC,150735.0,2023-12-21,INSTALL GFE CHILLER IN BUILDING 4755 PER FWR R000686467
80MSFC24F0037,APACHE ELECTRICAL CONTRACTORS INC,6340.0,2024-01-04,INSTALL TWO EXTERIOR LIGHT FIXTURES ON AT EACH ENTRRANCE OF BUILDING 4625B INCLUDING ASSOCIATED POWER CIRCUITS
80MSFC24F0039,"CEPEDA SYSTEMS & SOFTWARE ANALYSIS, INC.",54444.26,2024-01-17,TECHNICAL SERVICES CONSULTATION AND LEADERSHIP TO MSFC IN SUPPORT OF THE ENGINEERING DIRECTORATE'S FLUID DYNAMICS BRANCH.
80MSFC24F0041,CBF PARTNERS JV LLC,64800.0,2024-01-12,"THE AWARD OF TASK ORDER 80MSFC24F0034  ADDS MARSHALL SPACE FLIGHT CENTER (MSFC) INCLUDING MICHOUD ASSEMBLY FACILITY (MAF) TO THE DASS CONTRACT. THE AWARD OF THE TASK ORDER WILL ALLOW FOR PHASE-IN ACTIVITIES FROM JANUARY 15, 2024, TO FEBRUARY 29, 2024"
80MSFC24F0043,"L&M TECHNOLOGIES, INC.",852823.72,2024-02-13,MARSHALL LOGISTICS SUPPORT SERVICES (MLSS) - TASK ORDER 7 - MISCELLANEOUS
80MSFC24F0045,LINTECH GLOBAL INC,764.56,2024-01-23,PER FWR R001020330 PROCURE SPARE BATTERIES FOR UPS FOR OUTAGE RESPONSE AND RELIABILITY OF UCS PANELS.
80MSFC24F0047,TENNESSEE VALLEY SERVICES INC,99780.0,2024-01-23,PER FWR R000936699 INSTALL POWER DISTRIBUTION PANEL
80MSFC24F0048,MADISON ELECTRIC INC,520000.0,2024-01-23,CLEAN-AGENT FIRE-EXTINGUISHING SYSTEMS BLDG 4205
80MSFC24F0049,CBF PARTNERS JV LLC,3019260.21,2024-02-20,THE AWARD OF TASK ORDER 80MSFC24F0049 BEGINS MARSHALL SPACE FLIGHT CENTER (MSFC) INCLUDING MICHOUD ASSEMBLY FACILITY (MAF) TO THE DASS CONTRACT.
80MSFC24F0050,THE JOHNS HOPKINS UNIVERSITY APPLIED PHYSICS LABORATORY LLC,74124.0,2024-02-14,MULTI-SLIT SOLAR EXPLORER (MUSE) MISSION STANDING REVIEW BOARD (SRB) SUPPORT
80MSFC24F0051,THE JOHNS HOPKINS UNIVERSITY APPLIED PHYSICS LABORATORY LLC,13531.0,2024-02-08,NASA-ISRO SYNTHETIC APERTURE RADAR (NISAR) STANDING REVIEW BOARD (SRB) SUPPORT
80MSFC24F0052,TENNESSEE VALLEY SERVICES INC,20246.0,2024-02-01,NEW HANDICAP PARKING AT BUILDING 4221
80MSFC24F0055,"CEPEDA SYSTEMS & SOFTWARE ANALYSIS, INC.",4746289.0,2024-02-06,TASK 28: ENGINEERING AND ANALYSIS SERVICES
80MSFC24F0057,"VEC VALLEY ELECTRIC, INC.",17416.0,2024-02-02,PROVIDE 480V 3PH POWER SUPPLY AND ASSOCIATED SAFETY SWITCH AND BREAKER FOR LAB EQUIPMENT IN ROOM 101 AT BUILDING 4205
80MSFC24F0058,TENNESSEE VALLEY SERVICES INC,4000.0,2024-02-06,PAINT OFFICE AREA ROOM A211 - BUILDING 4663
80MSFC24F0059,TENNESSEE VALLEY SERVICES INC,47614.0,2024-02-07,FIRE PROTECTION MODIFICATIONS
80MSFC24F0061,"CH2M HILL, INC",62264.0,2024-02-22,JAC084 MSFC TITLE V AIR PERMIT RENEWAL
80MSFC24F0064,"INOMEDIC HEALTH APPLICATIONS, INC.",164965.0,2024-02-21,MSFC/MAF PRE-DEMOLITION ASSESSMENTS
80MSFC24F0065,THE JOHNS HOPKINS UNIVERSITY APPLIED PHYSICS LABORATORY LLC,10455.0,2024-02-28,VOLATILES INVESTIGATING POLAR EXPLORATION ROVER (VIPER) MISSION VIPER REVIEW TEAM (VRT) SUPPORT UNDER ARDES II 80MSFC20D0004
80MSFC24F0066,"CH2M HILL, INC",128912.0,2024-03-12,"TASK ORDER#80MSFC24F066 JAC086 ""BUILDING 4708 VAPOR INTRUSION MONITORING, EVALUATING AND REPORTING""."
80MSFC24F0067,THE JOHNS HOPKINS UNIVERSITY APPLIED PHYSICS LABORATORY LLC,61257.49,2024-03-22,HERE TO OBSERVE (H2O) SUPPORT FOR PLANETARY SCIENCE DIVISION (PSD) MISSIONS
80MSFC24F0068,DISON GROUP LLC,51527.0,2024-02-29,BUILDING 4657 REPAIR SINKHOLE FWR R000910369
80MSFC24F0069,TENNESSEE VALLEY SERVICES INC,9762.0,2024-03-05,4602 INSTALL DISCONNECTS ROOM 1187 BLDG 4602
80MSFC24F0070,TENNESSEE VALLEY SERVICES INC,36122.0,2024-03-06,BATHROOM ACCESSORIES BLDG 4610
80MSFC24F0071,"VEC VALLEY ELECTRIC, INC.",116939.0,2024-03-11,INSTALL WINDOW ON THE NORTHEAST WALL IN BLDG 4203:1226 AND 1228
80MSFC24F0073,"CH2M HILL, INC",508879.0,2024-03-27,"TASK ORDER 80MSFC24F0073 PROJECT# JAC086 ""BUILDING 4708 VAPOR INTRUSION MONITORING, EVALUATING AND REPORTING"""
80MSFC24F0074,APACHE ELECTRICAL CONTRACTORS INC,133455.0,2024-03-25,UTILITIES FOR ROOM 101 BLDG. 4707
80MSFC24F0075,"VEC VALLEY ELECTRIC, INC.",61978.0,2024-03-25,REHAB WORK TO BE DONE IN BLDG 4707 RM 101 PER FWR R000987441
80MSFC24F0076,"CH2M HILL, INC",885652.0,2024-03-28,"TASK ORDER# 80MSFC24F0076, PROJECT# JAC087 .""REGULATORY RISK ANALYSIS AND COMMUNICATION SUPPORT"""
80MSFC24F0077,"CEPEDA SYSTEMS & SOFTWARE ANALYSIS, INC.",236435.0,2024-04-05,TASK 29: HLS JIRA ADMINISTRATOR SUPPORT
80MSFC24F0078,"CH2M HILL, INC",346025.0,2024-04-12,"TASK ORDER#80MSFC24F0078 JAC088 ""2024 SITE WIDE AND SOURCE AREA MONITORING, SAMPLING & ANALYSIS"""
80MSFC24F0080,THE JOHNS HOPKINS UNIVERSITY APPLIED PHYSICS LABORATORY LLC,252383.0,2024-06-25,HUMAN LANDING SYSTEM (HLS) GUIDANCE ALGORITHM EVALUATION SUPPORT UNDER ARDES II 80MSFC20D0004.
80MSFC24F0081,"CEPEDA SYSTEMS & SOFTWARE ANALYSIS, INC.",44969.0,2024-05-30,"TASK 30, VALVES AND ACTUATORS CONSULTATION"
80MSFC24F0083,"CEPEDA SYSTEMS & SOFTWARE ANALYSIS, INC.",492405.29,2024-06-10,PROVIDED SYSTEMS ENGINEERING AND INTEGRATION FOR DIVISION (EV70).
80MSFC24F0088,ALL NATIVE SYNERGIES COMPANY,3748.53,2024-05-30,PER FWR R001041939: PROVIDE DAILY CLEANING SERVICE OF PORTA LISA PORTABLE RESTROOM TRAILER LOCATED ON SOUTHSIDE OF BUILDING 4699. PROVIDE DAILY TRASH REMOVAL AND WEEKLY SWEEPING AND MOPPING OF MOB2 TRAILER NORTH SIDE OF 4699.
80MSFC24F0093,THE JOHNS HOPKINS UNIVERSITY APPLIED PHYSICS LABORATORY LLC,1298367.0,2024-07-03,JOHNS HOPKINS UNIVERSITY APPLIED PHYSICS LABORATORY (JHU/APL) SUPPORTS RAPID MISSION DESIGN STUDY FOR MARS SAMPLE RETURN PROGRAM.
80MSFC24F0096,"AMENTUM SERVICES, INC.",2127709.0,2024-07-03,TASK ORDER FOR FACILITIES OPERATIONS MAINTENANCE SUPPORT SERVICES (FOMSS) - SCHEDULED MAINTENANCE OPTION YEAR 7
80MSFC24F0097,"AMENTUM SERVICES, INC.",2249465.07,2024-07-03,TASK ORDER FOR FACILITIES OPERATIONS MAINTENANCE SUPPORT SERVICES (FOMSS) - SCHEDULED MAINTENANCE OPTION YEAR 7
80MSFC24F0098,"AMENTUM SERVICES, INC.",2979810.0,2024-07-11,"TASK ORDER FOR FACILITIES OPERATIONS MAINTENANCE SUPPORT SERVICES (FOMSS) - AMENTUM SERVICES, INC OPTION YEAR 7 (USER AND COF)"
80MSFC24F0101,"KRATOS SRE, INC.",92096.0,2024-07-12,"TASK# 14 ""MATERIALS TESTING SUPPORTING INTEGRAL THROAT ENTRANCE FOR SOLID ROCKET MOTORS INVESTIGATION."""
80MSFC24F0105,THE AEROSPACE CORPORATION,36976.04,2024-07-03,NEW TASK ORDER (MSFC) IN SUPPORT TO THE EV70 MAVS VEHICLE PROJECT.
80MSFC24F0106,THE AEROSPACE CORPORATION,1106358.49,2024-07-26,NEW TASK ORDER FOR SUPPORT TO EV70 SYSTEMS ENGINEERING AND INTEGRATION DIVISION MOON TO MARS (M2M) ANALYSIS INTEGRATION
80MSFC24F0107,THE AEROSPACE CORPORATION,314286.18,2024-07-24,NEW TASK ORDER (MSFC) IN SUPPORT TO THE EV30 STRUCTURAL DESIGN AND ANALYSIS DIVISION
80MSFC24F0110,"CH2M HILL, INC",924327.0,2024-08-07,"TASK ORDER# 80MSFC24F0110 PROJECT# JAC090 ""MAF AOI 6 EXCAVATION"""
80MSFC24F0111,ALL NATIVE SYNERGIES COMPANY,27066.62,2024-07-22,THE PURPOSE OF THIS ORDER IS TO PURCHASE ITEMS TO REPLACE MISSING/WORN/BROKEN ITEMS THAT ARE USED ON A DAILY BASIS PER FWR R001048358.
80MSFC24F0112,"CH2M HILL, INC",128698.0,2024-07-30,"TASK ORDER#80MSFC24F0112 PROJECT# JAC089 ""MAF PROGRAM SUPPORT CY25"""
80MSFC24F0113,"CH2M HILL, INC",82425.0,2024-08-01,TASK ORDER# 80MSFC24F0113 PROJECT# JAC092 TECHNICAL CONSULTATION FOR ENVIRONMENTAL COMPLIANCE
80MSFC24F0114,"CH2M HILL, INC",189275.0,2024-08-21,"TASK ORDER# 80MSFC24F0114 PROJECT# JAC093 ""FY25 REGULATORY AGENCY COORDINATION"""
80MSFC24F0115,THE JOHNS HOPKINS UNIVERSITY APPLIED PHYSICS LABORATORY LLC,1090682.0,2024-09-17,THIRD GENERATION PARTNERSHIP/FIFTH GENERATION (3GPP/5G) FOR LUNAR SURFACE COMMUNICATION PROJECT
80MSFC24F0116,THE JOHNS HOPKINS UNIVERSITY APPLIED PHYSICS LABORATORY LLC,128296.0,2024-09-18,WIDEBAND TERMINAL COMMERCIALIZATION PROJECT
80MSFC24F0118,"HSG, LLC",6096788.51,2024-08-30,"NEMCON IDIQ TASK ORDER IS TO PROVIDE OCCUPATIONAL HEALTH SERVICES (OHS) FOR MSFC, WHICH INCLUDES OCCUPATIONAL MEDICINE, EMPLOYEE ASSISTANCE PROGRAM, INDUSTRIAL HYGIENE, HEALTH PHYSICS, AND RESPIRATORY PROTECTION SERVICES."
80MSFC24F0120,THE AEROSPACE CORPORATION,41063.86,2024-09-20,"THE AEROSPACE CORPORATION WILL PROVIDE MSFC OBJECTIVE, NON-ADVOCATE ADVICE, ASSESSMENTS, TECHNICAL ANALYSIS, CONSULTATION, AND EVALUATION IN SUPPORT OF SMA ACTIVITIES PERFORMED AT MSFC."
80MSFC24F0127,THE AEROSPACE CORPORATION,8399340.0,2024-09-12,NEW TASK ORDER FOR SUPPORT OF THE SPACE LAUNCH SYSTEM (SLS) SPACECRAFT/PAYLOAD INTEGRATION AND EVOLUTION OFFICE (SPIE)
80MSFC24F0131,CBF PARTNERS JV LLC,2700801.98,2024-09-05,THE AWARD OF TASK ORDER 80MSFC24F0131 BEGINS MARSHALL SPACE FLIGHT CENTER (MSFC) INCLUDING MICHOUD ASSEMBLY FACILITY (MAF) TO THE DASS CONTRACT. THE AWARD OF THE TASK ORDER WILL ALLOW FOR PHASE-IN ACTIVITIES
80MSFC24F0132,"DIVERSIFIED CONSTRUCTION OF OKLAHOMA, INC.",7253929.0,2024-09-11,THE PURPOSE OF THIS PROCUREMENT IS TO AWARD SOLICITATION 80MSFC24MAC01 BASE BID AND ADDITIVE ALTERNATE 2 ONLY.FOR ELECTRICAL SAFETY REPAIRS FOR MULTIPLE BUILDINGS IDENTIFIED ON THE AWARD SOLICITATION. ..
80MSFC24F0134,THE JOHNS HOPKINS UNIVERSITY APPLIED PHYSICS LABORATORY LLC,296194.0,2024-09-18,COMMAND AND CONTROL AAM ARCHITECTURE.
80MSFC24F0138,THE JOHNS HOPKINS UNIVERSITY APPLIED PHYSICS LABORATORY LLC,1205000.0,2024-09-25,DYNAMIC-THE DYNAMIC NEUTRAL ATMOSPHERIC-IONOSPHERIC COUPLING (DYNAMIC) PROJECT.
80MSFC24F0141,THE AEROSPACE CORPORATION,574864.64,2024-09-27,SUPPORT FOR STABLE COMBUSTION IN ROCKET ENGINES (SCORE)
80MSFC24F0148,THE JOHNS HOPKINS UNIVERSITY APPLIED PHYSICS LABORATORY LLC,17377.0,2024-09-27,HELIOSWARM SRB RF COMMUNICATIONS PROJECT
80MSFC24FA001,"CHENEGA GLOBAL PROTECTION, LLC",5200656.72,2024-09-13,NASA PROTECTIVE SERVICES CONTRACT - SOUTH REGION - TASK ORDER PROVIDES PROTECTIVE SERVICES SUPPORT AT MAF.
80MSFC24FA002,"CHENEGA GLOBAL PROTECTION, LLC",5012969.19,2024-09-13,NASA PROTECTIVE SERVICES CONTRACT - SOUTH REGION - TASK ORDER PROVIDES PROTECTIVE SERVICES SUPPORT AT MSFC.
80MSFC24FA003,"CHENEGA GLOBAL PROTECTION, LLC",18105.02,2023-11-15,NASA PROTECTIVE SERVICES CONTRACT - SOUTH REGION - TASK ORDER PROVIDES IDIQ PROTECTIVE SERVICES SUPPORT AT MAF AND MSFC
80MSFC24FA005,JACOBS ENGINEERING GROUP INC,488231.0,2023-10-03,"THE PURPOSE OF THIS TASK ORDER IS FOR ""SSFL STORMWATER MANAGEMENT SUPPORT"" - JE017"
80MSFC24FA006,MESSER LLC,1185629.7,2023-11-20,BULK DEWAR HELIUM
80MSFC24FA009,JACOBS ENGINEERING GROUP INC,909363.0,2023-12-18,JE018 SSFL CY2024 CONTINUED AIR MONITORING SUPPORT
80MSFC24FA010,JACOBS ENGINEERING GROUP INC,785483.0,2023-12-18,JE019 SSFL CY2024 GROUNDWATER SAMPLING AND REPORTING SUPPORT
80MSFC24FA011,JACOBS ENGINEERING GROUP INC,683420.0,2023-12-21,JE020 SSFL CY2024 CMI CMS GROUNDWATER SAMPLING AND REPORTING SUPPORT
80MSFC24FA012,JACOBS ENGINEERING GROUP INC,223173.0,2024-01-16,JE021 SANTA SUSANA FIELD LABORATORY (SSFL) SOIL ADMINISTRATIVE ORDER ON CONSENT (AOC) IMPLEMENTATION PREPARATION ACTIVITIES SUPPORT.
80MSFC24FA013,JACOBS ENGINEERING GROUP INC,143242.0,2024-02-12,JE022 SANTA SUSANA FIELD LABORATORY (SSFL) FOCUSED SOIL CLEANUP
80MSFC24FA014,JACOBS ENGINEERING GROUP INC,246989.0,2024-02-27,JE024 SANTA SUSANA FIELD LABORATORY (SSFL) RCRA PERMIT APPLICATION SUPPORT
80MSFC24FA016,APACHE ELECTRICAL CONTRACTORS INC,100.0,2024-03-26,THE PURPOSE OF THIS AWARD IS TO OBLIGATE THE IDIQ MINIMUM GUARANTEE OF $100.00.
80MSFC24FA017,BACIK GROUP LLC,100.0,2024-03-27,THE PURPOSE OF THIS AWARD IS TO OBLIGATE THE IDIQ MINIMUM GUARANTEE OF $100.00.
80MSFC24FA018,DISON GROUP LLC,100.0,2024-03-27,THE PURPOSE OF THIS AWARD IS TO OBLIGATE THE IDIQ MINIMUM GUARANTEE OF $100.00.
80MSFC24FA019,"DRI, INC.",100.0,2024-03-27,THE PURPOSE OF THIS AWARD IS TO OBLIGATE THE IDIQ MINIMUM GUARANTEE OF $100.00.
80MSFC24FA020,IST VISILTY JV LLC,100.0,2024-03-27,THE PURPOSE OF THIS AWARD IS TO OBLIGATE THE IDIQ MINIMUM GUARANTEE OF $100.00.
80MSFC24FA021,JESSE STUTTS INC,100.0,2024-03-27,THE PURPOSE OF THIS AWARD IS TO OBLIGATE THE IDIQ MINIMUM GUARANTEE OF $100.00.
80MSFC24FA022,M & D MECHANICAL CONTRACTORS INC,100.0,2024-03-27,THE PURPOSE OF THIS AWARD IS TO OBLIGATE THE IDIQ MINIMUM GUARANTEE OF $100.00.
80MSFC24FA023,MADISON ELECTRIC INC,100.0,2024-03-27,THE PURPOSE OF THIS AWARD IS TO OBLIGATE THE IDIQ MINIMUM GUARANTEE OF $100.00.
80MSFC24FA024,PETTUS PLUMBING & PIPING INC,100.0,2024-03-27,THE PURPOSE OF THIS AWARD IS TO OBLIGATE THE IDIQ MINIMUM GUARANTEE OF $100.00.
80MSFC24FA025,PPW BUILDERS INC,100.0,2024-03-27,THE PURPOSE OF THIS AWARD IS TO OBLIGATE THE IDIQ MINIMUM GUARANTEE OF $100.00.
80MSFC24FA026,S R DAVIS INC,100.0,2024-03-27,THE PURPOSE OF THIS AWARD IS TO OBLIGATE THE IDIQ MINIMUM GUARANTEE OF $100.00.
80MSFC24FA027,"SOUTHEASTERN INDUSTRIAL CONSTRUCTION, LLC",100.0,2024-03-27,THE PURPOSE OF THIS AWARD IS TO OBLIGATE THE IDIQ MINIMUM GUARANTEE OF $100.00.
80MSFC24FA028,SPECTRUM SOLUTIONS INC,100.0,2024-03-27,THE PURPOSE OF THIS AWARD IS TO OBLIGATE THE IDIQ MINIMUM GUARANTEE OF $100.00.
80MSFC24FA029,TENNESSEE VALLEY SERVICES INC,100.0,2024-03-27,THE PURPOSE OF THIS AWARD IS TO OBLIGATE THE IDIQ MINIMUM GUARANTEE OF $100.00.
80MSFC24FA030,UP-SIDE MANAGEMENT CO,100.0,2024-03-27,THE PURPOSE OF THIS AWARD IS TO OBLIGATE THE IDIQ MINIMUM GUARANTEE OF $100.00.
80MSFC24FA031,"VEC VALLEY ELECTRIC, INC.",100.0,2024-03-27,THE PURPOSE OF THIS AWARD IS TO OBLIGATE THE IDIQ MINIMUM GUARANTEE OF $100.00.
80MSFC24FA036,"SEVENTH SENSE, LLC",4266093.8,2024-03-27,"MARSHALL ACQUISITION SUPPORT SERVICES II (MASS II), AGENCY-WIDE ACQUISITION SUPPORT SERVICES II (AWASS II)"
80MSFC24FA037,"AECOM TECHNICAL SERVICES, INC.",63257.4,2024-05-02,"THE PURPOSE OF THIS AWARD IS ""ENGINEERING SERVICES, ELECTRICAL SAFETY REPAIRS - CONSTRUCTABILITY REVIEW"" LOCATED AT MARSHALL SPACE FLIGHT CENTER (MSFC) IN HUNTSVILLE, AL."
80MSFC24FA038,JACOBS ENGINEERING GROUP INC,453188.54,2024-04-16,JE024 SANTA SUSANA FIELD LABORATORY (SSFL) GROUNDWATER INTERIM MEASURES (GWIM)/GROUNDWATER EXTRACTION TREATMENT SYSTEM (GETS) WELLS AND PIPING OBSERVATION AND MAINTENANCE.
80MSFC24FA040,ZERO GRAVITY CORPORATION,73887.0,2024-08-22,MARSHALL SPACE FLIGHT CENTER (MSFC) LASER BEAM WELDING
80MSFC24FA041,TENNESSEE VALLEY SERVICES INC,278804.0,2024-05-10,4650 FIRE PROTECTION AND ELECTRICAL CONNECTIONS
80MSFC24FA042,TENNESSEE VALLEY SERVICES INC,62653.0,2024-05-14,FLOOR AND WALL MODS BATHROOMS BLDG 4663
80MSFC24FA044,S R DAVIS INC,115981.0,2024-06-07,PAINT CARPET NORTH CORRIDOR BLDG 4485
80MSFC24FA047,S R DAVIS INC,52150.0,2024-06-07,DIRT RELOCATION FROM MSFC/4200 COMPLEX TO PISTOL RANGE
80MSFC24FA049,NEXTECH LINTECH LLC,1207.2,2024-06-26,CENTER OPERATIONS BUILDING AUTOMATION (COBA)
80MSFC24FA052,DISON GROUP LLC,17368.0,2024-06-10,"THE CONSTRUCTION OF A LN2 FLOOR DRAIN, EXTERIOR SOUTHSIDE OF 4602"
80MSFC24FA055,"VEC VALLEY ELECTRIC, INC.",124457.0,2024-07-10,"MODIFICATIONS TO TO ROOMS 147, 147A & 148 BLDG 4619 PER FWR R001009270"
80MSFC24FA056,NEXTECH LINTECH LLC,65.99,2024-06-27,THE PURPOSE OF THIS ORDER TO PURCHASE A REPLACEMENT BATTERY FOR POTABLE WATER FLOW METER AT BUILDING 4250.
80MSFC24FA061,"AIR PRODUCTS AND CHEMICALS, INC",699264.0,2024-07-02,THE PURPOSE OF THIS PROCUREMENT IS FOR LIQUID NITROGEN AND LIQUID OXYGEN.
80MSFC24FA063,"VEC VALLEY ELECTRIC, INC.",232724.0,2024-07-10,MODIFICATIONS TO TO ROOMS 1153 AND 1164 BLDG 4602 PER FWR R000990160A
80MSFC24FA064,TENNESSEE VALLEY SERVICES INC,8073.0,2024-07-19,"MODS TO RM 5139,BLDG 4221"
80MSFC24FA065,TENNESSEE VALLEY SERVICES INC,233134.0,2024-07-19,MODS BLDG 4705
80MSFC24FA066,S R DAVIS INC,56673.0,2024-07-11,"PROVIDE TRANSFORMER, RECEPTACLE BACK BOXES AND RELOCATE PANEL 4718-RP0012 TO COLUMN AND EXTEND CONDUIT AND WIRE."
80MSFC24FA067,S R DAVIS INC,11950.0,2024-07-11,4203 PAINT ROOMS IN 6400 AREA
80MSFC24FA068,JACOBS ENGINEERING GROUP INC,200571.0,2024-07-17,SSFL GROUNDWATER MODELING SUPPORT JE025
80MSFC24FA070,PPW BUILDERS INC,6323.0,2024-07-12,UTILITIES FOR CERAMIC MANUFACTURING BLDG. 4707
80MSFC24FA072,JACOBS ENGINEERING GROUP INC,621640.0,2024-07-30,SSFL ND127 WELL MODS JE026
80MSFC24FA073,JACOBS ENGINEERING GROUP INC,150864.0,2024-07-17,SSFL PHASE I GROUNDWATER CORRECTIVE MEASURE SYSTEM JE027
80MSFC24FA083,NELSON ENGINEERING CO.,282483.0,2024-07-11,TASK ORDER 80MSFC24FA083 COMPRESSOR STUDIES BASE AND OPTION 1 BASE AWARD
80MSFC24FA085,"AECOM TECHNICAL SERVICES, INC.",5776116.55,2024-08-12,MSFC ENGINEERING & SCIENCES LABORATORY BUILDING 4603
80MSFC24FA087,"AIR PRODUCTS AND CHEMICALS, INC",6755212.0,2024-07-19,THE PURPOSE OF THIS PROCUREMENT IS FOR LIQUID NITROGEN AND LIQUID OXYGEN.
80MSFC24FA088,BACIK GROUP LLC,0.0,2024-07-25,BLDG 4260 RM 112-115 AND 123
80MSFC24FA089,DISON GROUP LLC,9175.0,2024-07-25,BLDG 4755 CARPET FOR ROOM 100C
80MSFC24FA090,DISON GROUP LLC,104997.0,2024-07-25,BLDG 4755 GAS STORAGE
80MSFC24FA091,"AKIMA GLOBAL LOGISTICS, LLC",25343.0,2024-07-30,MSFC LOGISTICS SUPPORT SERVICES II PHASE-IN TASK ORDER
80MSFC24FA093,JACOBS ENGINEERING GROUP INC,515207.0,2024-08-13,SANTA SUSANA FIELD LABORATORY (SSFL) COCA DEMOLITION SUPPORT TASK ORDER JE028
80MSFC24FA094,MESSER LLC,938417.0,2024-08-13,LIQUID OXYGEN
80MSFC24FA095,DISON GROUP LLC,95712.0,2024-08-06,BLDG 4260 RM 112-115 AND 123
80MSFC24FA096,PPW BUILDERS INC,31677.0,2024-08-07,INSTALL ELECTRIC UNIT HEATERS IN THE ENTRY VESTIBULES BLDG 4619 PER FWR R0007999931
80MSFC24FA097,TENNESSEE VALLEY SERVICES INC,195824.0,2024-08-06,MODS TO C183 BLDG. 4663 PER FWR R001037018
80MSFC24FA098,BACIK GROUP LLC,16995.0,2024-08-09,BLDG 4619 SAFETY INTERLOCK ROOM 166
80MSFC24FA100,"AKIMA GLOBAL LOGISTICS, LLC",6963825.11,2024-08-29,MSFC LOGISTICS SUPPORT SERVICES II BASE YEAR LABOR TASK ORDER
80MSFC24FA101,"AKIMA GLOBAL LOGISTICS, LLC",9223614.54,2024-09-18,MSFC LOGISTICS SUPPORT SERVICES II BASE YEAR FLIGHT HARDWARE SUPPORT OPERATIONS TASK ORDER.
80MSFC24FA102,TENNESSEE VALLEY SERVICES INC,347694.0,2024-08-28,DESIGN AND REPAIR/ REPLACE /INSTALL FIRE DOORS AND MAGNETIC DOOR HOLDERS IN BUILDING 4708
80MSFC24FA104,"AKIMA GLOBAL LOGISTICS, LLC",585118.62,2024-09-16,MSFC LOGISTICS SUPPORT SERVICES II BASE YEAR OPERATIONAL SUPPORT TASK ORDER.
80MSFC24FA106,TENNESSEE VALLEY SERVICES INC,195510.0,2024-09-04,DESIGN A LIGHTNING PROTECTION SYSTEM FOR BLDG. 4623
80MSFC24FA110,"AKIMA GLOBAL LOGISTICS, LLC",2558515.69,2024-09-16,MSFC LOGISTICS SUPPORT SERVICES II BASE YEAR NON-OPERATIONAL RESOURCES TASK ORDER.
80MSFC24FA111,"VEC VALLEY ELECTRIC, INC.",549821.0,2024-09-10,MODIFICATIONS TO ROOMS 101 AND 111 BLDG 4207
80MSFC24FA112,NELSON ENGINEERING CO.,398994.0,2024-09-16,TASK ORDER 80MSFC24FA112 MSFC REVITALIZE ELECTRICAL SYSTEMS BUILDING 4583  BASE AWARD
80MSFC24FA115,APACHE ELECTRICAL CONTRACTORS INC,179670.0,2024-09-12,MODS TO ROOM 122 - BUILDING 4708
80MSFC24FA119,NEXTECH LINTECH LLC,1146.84,2024-09-18,PURCHASING UPS BATTERIES.
80MSFC24FA120,JACOBS ENGINEERING GROUP INC,45320.0,2024-09-24,SSFL EQUIS SUPPORT JE032
80MSFC24FA121,JACOBS ENGINEERING GROUP INC,893273.0,2024-09-27,SSFL BACKFILL EVALUATION SUPPORT JE031
80MSFC24PA004,A3DM TECHNOLOGIES LLC,286720.0,2023-11-21,AMAZEMET REPOWDER ULTRASONIC POWDER ATOMIZER
80MSFC24PA005,SPIRENT FEDERAL SYSTEMS INC,648600.0,2023-12-28,PURCHASE OF GSS9000 GLOBAL POSITIONING SYSTEM (GPS) RADIO FREQUENCY (RF) SATELLITE SIGNAL SIMULATOR (SSS) SYSTEMS
80MSFC24PA007,"AVNET, INC.",421390.0,2024-03-11,VYWORKS LICENSES
80MSFC24PA008,FIBA TECHNOLOGIES INC,677500.0,2024-04-01,THE PURPOSE OF THIS ORDER IS TO PROCURE THREE (3) SIX (6)  PACK AMERICAN SOCIETY OF MECHANICAL ENGINEERS CODE TUBE PRESSURE VESSELS.
80MSFC24PA009,CESIUMASTRO INC,435000.0,2024-05-30,"LUNANET AUGMENTED FORWARD SIGNAL (AFS), COMPATIBLE NAVIGATION SENSORS"
80MSFC24PA013,NATIONAL INSTRUMENTS CORP,711915.0,2024-07-17,NATIONAL INSTRUMENTS ENTERPRISE AGREEMENT LABVIEW SOFTWARE LICENSE RENEWAL AND SUPPORT SERVICES (TRAINING AND IT HELP DESK SUPPORT).
80NM0024F0001,CALIFORNIA INSTITUTE OF TECHNOLOGY,197299.0,2023-10-17,TRACTABLE AUTONOMY MODELS FOR PLANNING UNDER UNCERTAINTY - EXPLOITING THE POWER OF BELIEF RESETS (82-110882)
80NM0024F0002,CALIFORNIA INSTITUTE OF TECHNOLOGY,87445871.0,2023-11-30,NASA ROSALIND FRANKLIN MISSION PROJECT (40-712104)
80NM0024F0004,CALIFORNIA INSTITUTE OF TECHNOLOGY,4203230.0,2023-12-18,PRESIDENT/DIRECTOR RESEARCH & DEVELOPMENT FUND (PDRDF) FY 2024
80NM0024F0005,CALIFORNIA INSTITUTE OF TECHNOLOGY,127905.0,2023-12-28,"CROSS-SECTOR PARTNERSHIPS, EXPERIENTIAL LEARNING, AND PROFESSIONAL DEVELOPMENT TO BUILD PATHWAYS TO STEM CAREERS (82-204369)"
80NM0024F0006,CALIFORNIA INSTITUTE OF TECHNOLOGY,31000000.0,2023-12-20,FY2024 - 1ST QUARTER FIXED FEE: THE FIXED FEE IS FOR THE CONTRACT/SPONSORING AGREEMENT BETWEEN THE NASA AND THE CALTECH OPERATION OF THE FFRDC KNOWN AS THE JPL.
80NM0024F0007,CALIFORNIA INSTITUTE OF TECHNOLOGY,263683.0,2024-01-23,FACILITATING DYNAMIC ADAPTIVE PATHWAYS FOR COASTAL DECISION-MAKERS THROUGH LAND ICE AND WATER PROJECTIONS (82-11687)
80NM0024F0008,CALIFORNIA INSTITUTE OF TECHNOLOGY,1069338.49,2024-01-24,FM7 TGRS DELIVERY (82-214833)
80NM0024F0009,CALIFORNIA INSTITUTE OF TECHNOLOGY,220000.0,2024-01-26,JPL SUPPORT TO OSIRIS-APEX (43-209451)
80NM0024F0010,CALIFORNIA INSTITUTE OF TECHNOLOGY,36635717.0,2024-02-15,THE GREAT OBSERVATORY MATURATION PROGRAM (GOMAP) (71-215312)
80NM0024F0011,CALIFORNIA INSTITUTE OF TECHNOLOGY,146054.0,2024-03-14,SPACEX MISSION RADIATION EFFECTS TESTING AND ANALYSIS (82-111288)
80NM0024F0012,CALIFORNIA INSTITUTE OF TECHNOLOGY,15609637.0,2024-03-28,MAXIMIZING COSMOLOGICAL SCIENCE WITH THE ROMAN HIGH LATITUDE IMAGING SURVEY (HLIS) PROJECT INFRASTRUCTURE TEAM (70-210230)
80NM0024F0013,CALIFORNIA INSTITUTE OF TECHNOLOGY,14056385.0,2024-03-27,IND OMNIBUS SUPPORT AGREEMENT FOR NASA DIRECTED MISSIONS (91-210214)
80NM0024F0014,CALIFORNIA INSTITUTE OF TECHNOLOGY,1736768.0,2024-03-28,MULTIMISSION AUTOMATED DEEPSPACE CONJUNCTION ASSESSMENT PROCESS (MADCAP) SUPPORT FOR NASA CONJUNCTION ASSESSMENT RISK ANALYSIS (93-218344)
80NM0024F0015,CALIFORNIA INSTITUTE OF TECHNOLOGY,309489.0,2024-03-28,YTHP INTEGRATION AND SUPPORT FOR THE UPPER TROPOSPHERIC MEASUREMENTS (82-210539)
80NM0024F0016,CALIFORNIA INSTITUTE OF TECHNOLOGY,4482748.0,2024-04-01,QUANTUM GRAVITY GRADIOMETER (QGG) TECHNOLOGY PATHFINDER STUDY (87-218877)
80NM0024F0017,CALIFORNIA INSTITUTE OF TECHNOLOGY,765936.0,2024-04-04,QUANTUM-ENHANCED INERTIAL MEASUREMENT UNIT (QEIMU) (82-204508)
80NM0024F0018,CALIFORNIA INSTITUTE OF TECHNOLOGY,375259.0,2024-04-16,"JPL SUPPORT FOR GEOOPTICS FOR ADVANCED GRAVITY MAPPING, GNSS CROSSLINK OCCULTATIONS, REFLECTIONS, AND POSITIONING (82-111251)"
80NM0024F0019,CALIFORNIA INSTITUTE OF TECHNOLOGY,1020245.0,2024-04-22,GPS TECHNOLOGY DEVELOPMENT AND SUPPORT OF NAVIGATION TECHNOLOGY SATELLITE-3 (NTS-3) EXPERIMENT (FOLLOW ON) (81-213692)
80NM0024F0020,CALIFORNIA INSTITUTE OF TECHNOLOGY,90000.0,2024-05-15,JPL SUPPORT FOR SMD BRIDGE ARCHITECT PROGRAM (10-216433)
80NM0024F0021,CALIFORNIA INSTITUTE OF TECHNOLOGY,1388990.0,2024-06-12,JPL SUPPORT TO THE PRESSURIZED ROVER (PR) PROJECT (40-222631)
80NM0024F0022,CALIFORNIA INSTITUTE OF TECHNOLOGY,4846546.0,2024-06-25,PULSED ELECTRONS FOR ALTERNATIVE RADIATION EFFECTS CHARACTERIZATION OF ELECTRONICS (PEARCE) (81-215316)
80NM0024F0024,CALIFORNIA INSTITUTE OF TECHNOLOGY,252000.0,2024-06-24,PROFILE: PROBE FOR RADIO OCCULTATION OF IONOSPHERIC LAYERS (70-219978)
80NM0024F0025,CALIFORNIA INSTITUTE OF TECHNOLOGY,150160.0,2024-06-26,SEA LEVEL STUDIES FOR THE GULF OF MEXICO (82-110681)
80NM0024F0026,CALIFORNIA INSTITUTE OF TECHNOLOGY,474393.0,2024-07-03,METAL&#8208FREE MONOLITHIC RESONANT SENSOR AND TRANSISTOR INTEGRATION FOR HIGH TEMPERATURE OPERATION (81-214897)
80NM0024F0027,CALIFORNIA INSTITUTE OF TECHNOLOGY,1604387.14,2024-07-08,FIREFLY'S LUNAR LANDER ENVIRONMENTAL TESTING (40-223260)
80NM0024F0028,CALIFORNIA INSTITUTE OF TECHNOLOGY,4305275.0,2024-07-15,ODYSEA (OCEAN DYNAMICS AND SURFACE EXCHANGE WITH THE ATMOSPHERE) (83-223395)
80NM0024F0029,CALIFORNIA INSTITUTE OF TECHNOLOGY,3451577.0,2024-07-15,THE CARBON INVESTIGATION: CARBON-I (83-223400)
80NM0024F0030,CALIFORNIA INSTITUTE OF TECHNOLOGY,854519.0,2024-07-18,LANDSLIDE CLIMATE CHANGE EXPERIMENT (LACCE) (87-223777)
80NM0024F0031,CALIFORNIA INSTITUTE OF TECHNOLOGY,552888.0,2024-08-05,JPL SUPPORT OF HUBBLE SPACE TELESCOPE (HST) WEBSITE TRANSITION (18-223507)
80NM0024F0032,CALIFORNIA INSTITUTE OF TECHNOLOGY,257791.0,2024-08-06,DEVELOPMENT OF EXTREME LOW TEMPERATURE LI-ION BATTERY CELLS (81-210584)
80NM0024F0033,CALIFORNIA INSTITUTE OF TECHNOLOGY,385487.0,2024-08-06,SEA LEVEL RISE TRAJECTORIES IN SUPPORT OF DEFENSE REGIONAL SEA LEVEL DATABASE (81-221938)
80NM0024F0034,CALIFORNIA INSTITUTE OF TECHNOLOGY,449859.0,2024-08-08,HIGH PRECISION GPS CLOCK AND ORBIT CORRECTIONS FOR THE UNITED STATES NAVY (81-205426)
80NM0024F0035,CALIFORNIA INSTITUTE OF TECHNOLOGY,889525.44,2024-08-14,JPL SUPPORT FOR THE LOX-METHANE ASSESSMENT (40-218452)
80NM0024F0036,CALIFORNIA INSTITUTE OF TECHNOLOGY,1129803.0,2024-08-21,IND NETWORK SERVICES SUPPORT OF THE OSIRIS APEX MISSION (91-216754)
80NM0024F0037,CALIFORNIA INSTITUTE OF TECHNOLOGY,64940.0,2024-08-22,SPACE TESTING OF POLYMER-BASED IR SENSORS (PIRS) (81-217907)
80NM0024F0039,CALIFORNIA INSTITUTE OF TECHNOLOGY,599996.0,2024-09-03,FLOAT - FLEXIBLE LEVITATION ON A TRACK (14-220270)
80NM0024F0040,CALIFORNIA INSTITUTE OF TECHNOLOGY,29944.0,2024-09-03,MARS AERIAL AND GROUND GLOBAL INTELLIGENT EXPLORER (MAGGIE) (14-216385)
80NM0024F0041,CALIFORNIA INSTITUTE OF TECHNOLOGY,2171835.0,2024-08-30,NASA ARIEL SCIENCE CENTER (NASC) (77-217494)
80NM0024F0042,CALIFORNIA INSTITUTE OF TECHNOLOGY,118119.0,2024-09-24,ROAMS SUPPORT FOR ASTROLAB FLEX ROVER (82-218867)
80NM0024F0044,CALIFORNIA INSTITUTE OF TECHNOLOGY,843764.0,2024-09-19,ADVANCING DATA COMPRESSION TECHNIQUES AND CAPABILITIES (81-210328)
80NM0024F0046,CALIFORNIA INSTITUTE OF TECHNOLOGY,657888.0,2024-09-19,CONTRAIL AVOIDANCE SYSTEM (CAS) FOR REAL-TIME EMISSIONS TECHNOLOGIES REDUCING AIRCRAFT INDUCES LINES IN THE (PRE-TRAILS) (87-211582)
80NM0024F0047,CALIFORNIA INSTITUTE OF TECHNOLOGY,127003.61,2024-09-25,ADVANCING VIETNAM'S MARINE SPATIAL PLANNING FOR OFFSHORE WIND ENERGY DEVELOPMENT (82-222737)
80NM0024F0048,CALIFORNIA INSTITUTE OF TECHNOLOGY,314054.0,2024-09-25,AUTONOMOUS LOCALIZATION OF SEAFLOOR FLUID FLOW SOURCES (82-203191)
80NM0024F0049,CALIFORNIA INSTITUTE OF TECHNOLOGY,2108747.0,2024-09-25,COMPACT VECTOR HELIUM MAGNETOMETER (CVHM) (82-223387)
80NM0024F0050,CALIFORNIA INSTITUTE OF TECHNOLOGY,521591.0,2024-09-30,NOAA-PASSIVE RADIOMETER INTERFERENCE MANAGEMENT FOR EARTH-OBSERVING SYSTEMS (N-PRIME) (82-211987)
80NM0024F0051,CALIFORNIA INSTITUTE OF TECHNOLOGY,532078.0,2024-09-30,JPL SUPPORT TO DARPA FENCE PROGRAM FOR PROCESS DEVELOPMENT AND HYBRIDIZATION OF ROICPS TO A 2K X 2K DETECTOR ARRAY (81-211114)
80NM0024FA002,"SEVENTH SENSE, LLC",445121.91,2024-03-27,AWASS 2.0 CALL ORDER FOR ACQUISITION SUPPORT
80NSSC24CA001,"LAUNCHPOINT ELECTRIC PROPULSION SOLUTIONS, INC",99999.0,2023-10-05,SBIR PHASE III BRUSHLESS MOTOR CONTROL SYSTEM
80NSSC24CA002,M.M.A. DESIGN LLC,299999.0,2023-10-16,SBIR PHASE III - MULTI-FUNCTIONAL MEMBRANE DEORBIT MODULE & DEPLOYABLE HIGH GAIN REFLECTARRAY
80NSSC24CA003,GOEPPERT LLC,994001.0,2023-10-25,SBIR PHASE III IN SPACE PRODUCTION OF MOS2 FOR SILICON BACK-END-OF-LINE (BEOL) INTEGRATION
80NSSC24CA004,"RESILIENX, INC.",4807692.0,2023-10-24,PHASE III - COMMERCIALIZATION OF WEATHER SENSOR DATA MONITORING THROUGH A COMPREHENSIVE IN-TIME AVIATION SAFETY MGMT SYSTEM & IMPLEMENTATION IN AN UNCREWED AIRCRAFT SYSTEM TRAFFIC MGMT OPS CTR
80NSSC24CA006,"SACHI BIOWORKS, INC.",2234767.0,2024-03-18,SBIR PHASE III - REVERSING IMMUNE DYSREGULATION DURING SPACEFLIGHT MISSIONS
80NSSC24CA007,"TRUWEATHER SOLUTIONS, INC",700000.0,2023-11-21,URBAN WEATHER SENSING INFRASTRUCTURE TESTBED
80NSSC24CA008,IRPI LLC,224864.0,2023-11-28,PLANT WATER MANAGEMENT DEMONSTRATION EXPERIMENT
80NSSC24CA009,MINNESOTA WIRE & CABLE CO,145345.0,2024-01-03,SBIR PHASE III - CARBON BASED FIBER CYLINDER PREFORMS
80NSSC24CA010,DM3D TECHNOLOGY LLC,292160.0,2023-11-15,PHASE III - LASER POWDER DED CELL UPGRADE - ABB ROBOTIC ARM AND 2 AXIS POSITIONER
80NSSC24CA011,"FLIGHT WORKS, INC",3999526.0,2024-01-03,"HIGH-PERFORMANCE, REFUELABLE, GREEN PROPULSION SYSTEM FOR MULTI-OBJECT REMOVAL RETRIEVAL SYSTEM"
80NSSC24CA013,SCIGLOB INSTRUMENTS & SERVICES LLC,5058048.0,2023-12-19,SBIR PHASE III - GROUND-BASED SPECTROMETERS IN SUPPORT OF GSFC PANDORA PROJECT
80NSSC24CA014,HAGOPIAN JOHN G,737120.0,2023-11-29,OPTICAL SYSTEMS ENGINEERING SUPPORT FOR THE ROMAN SPACE TELESCOPE PROJECT
80NSSC24CA015,"PRECISION COMBUSTION, INC.",221000.0,2023-12-14,PHASE III - VACUUM-REGENERABLE TRACE CONTAMINANT CONTROL FOR EXPLORATION PORTABLE LIFE SUPPORT SYSTEM
80NSSC24CA016,"AVMET APPLICATIONS, INC.",150000.0,2023-11-30,AN AUTONOMOUS SEVERE WEATHER TREND MONITOR FOR IMPROVED SYSTEM-WIDE TFM EXECUTION
80NSSC24CA017,"VIRGINIA DIODES, INC.",1543242.0,2024-02-15,SBIR PHASE III - POLSIR RECEIVER AND OPTICAL SUBASSEMBLY
80NSSC24CA018,LONGWAVE PHOTONICS LLC,340000.0,2024-02-06,SBIR PHASE III - THSIRU - TERAHERTZ HETERODYNE SPECTROMETER
80NSSC24CA019,MTRI INC,848068.0,2023-12-11,FY24 STTR PHASE II - TOOL FOR AUTONOMOUS TERRAIN EXPLORATION OF REMOTE SPACE
80NSSC24CA020,ASTROBOTIC TECHNOLOGY INC,848525.0,2024-01-17,STTR PHASE II - EFFICIENT DISTRIBUTED STATE ESTIMATION FOR SWARM ROBOTICS
80NSSC24CA021,"ASTROPORT SPACE TECHNOLOGIES, INC.",844773.0,2024-02-15,STTR PHASE II BULK REGOLITH HANDLING TECHNOLOGIES FOR LANDING/LAUNCH PAD SITE PREPARATION AND BLAST SHIELD CONSTRUCTION
80NSSC24CA022,PHYSICAL SCIENCES INC.,849998.0,2024-02-05,STTR PHASE II - PHOTONIC INTEGRATED CIRCUIT ASSISTED SINGLE-PHOTON DETECTORS (PICA-SPDS)
80NSSC24CA023,PARAGON SPACE DEVELOPMENT CORPORATION,849999.0,2024-02-01,STTR PHASE II - SPACESUIT COVER AGAINST THE ABRASIVE LUNAR ENVIRONMENT (SCALE) & EXPLORATION TEXTILE FOR HIGH OXYGEN ENVIRONMENTS
80NSSC24CA024,"AIR COMPANY HOLDINGS, INC.",849936.0,2024-01-30,STTR PHASE II - SINGLE-STEP PRODUCTION OF KEROSENE-BASED FUELS FROM CARBON DIOXIDE AND HYDROGEN
80NSSC24CA025,"M4 ENGINEERING, INC.",849994.0,2024-01-29,STTR PHASE II TOPOLOGY OPTIMIZATION FOR DESIGN OF HIGHLY TAILORED COMPOSITES FOR AFP MANUFACTURING
80NSSC24CA026,SSS OPTICAL TECHNOLOGIES LLC,1144775.0,2024-01-09,SBIR PHASE II UV STABLE COATING FOR SAIL-EMBEDDED PV POWER
80NSSC24CA027,"OPTERUS RESEARCH AND DEVELOPMENT, INC",879906.0,2023-12-06,PHASE II STTR - SOLAR SAIL TUBULAR MAST
80NSSC24CA028,TRACLABS INC.,849883.0,2023-12-26,MULTI-AGENT ANOMALY RESOLUTION SYSTEM (MAARS) - STTR II
80NSSC24CA029,INTERDISCIPLINARY CONSULTING CORP,899998.0,2023-12-26,WIRELESS INSTRUMENTATION FOR ROCKET APPLICATIONS (WIRA) STTR II
80NSSC24CA030,"PROTOINNOVATIONS, LLC",849838.0,2023-12-26,STTR PHASE II A SOFTWARE FRAMEWORK FOR ADVANCING PERCEPTION CAPABILITIES FOR ROVERS OPERATING IN HARSH LUNAR ENVIRONMENTS
80NSSC24CA031,"BUENDEA, LLC",1223535.0,2024-02-22,STTR PHASE II - PHOTOREALISTIC EVA SIMULATION AND ANALYTICS FOR REAL-TIME DIGITAL TWIN ENVIRONMENTS
80NSSC24CA032,TIETRONIX SOFTWARE INC,849998.0,2024-02-14,STTR PHASE II - SHARED IMMERSIVE XR HYPER-REALISTIC ENVIRONMENT FOR EXTRAVEHICULAR ACTIVITY SURFACE OPERATIONS
80NSSC24CA033,LUNAR OUTPOST INC,849992.0,2024-01-22,STTR PHASE II DESIGN AND IMPLEMENTATION TOOLS FOR LUNAR SURFACE REGOLITH STRUCTURE CONSTRUCTION
80NSSC24CA034,AURORA ENGINEERING LLC,833827.0,2024-01-19,MODULE FOR EVENT DRIVEN OPERATIONS ON SPACECRAFT (MEDOS) EXPANDED FOR MULTI-AGENT DECISION MAKING AND TEAMING
80NSSC24CA035,"ADVANCED RESEARCH, INC.",849934.0,2024-01-04,"HIGH BRIGHTNESS, WAVEGUIDE-BASED IR QUANTUM LIGHT SOURCES"
80NSSC24CA036,CFD RESEARCH CORPORATION,849981.0,2024-03-05,PROGRAMMABLE PHOTONIC INTEGRATED CIRCUITS (PICS) FOR RADIO FREQUENCY (RF) APPLICATIONS
80NSSC24CA037,"ELDER RESEARCH, INC.",847008.0,2024-01-29,PHASE II STTR - UNCERTAINTY QUANTIFICATION OF REPRESENTATIONS OF UNKNOWN DYNAMIC SYSTEMS THROUGH UNIVERSAL DIFFERENTIAL EQUATIONS
80NSSC24CA038,WAYFARER AIRCRAFT RESEARCH AND DEVELOPMENT INC.,899843.0,2024-01-22,INTEGRATED HIGH LIFT PROPULSOR
80NSSC24CA039,"BLUE RIDGE RESEARCH AND CONSULTING, LLC",849881.0,2024-01-22,"STTR PHASE II - FULL-SCALE EVTOL ACOUSTIC MEASUREMENTS, MODELING, SCALING, AND VALIDATION"
80NSSC24CA042,SCIGLOB INSTRUMENTS & SERVICES LLC,499732.0,2024-03-14,"SBIR PHASE III DESIGN OF A BROAD UTILITY, VISIBLE-BLIND, SIC, UV SPECTROMETER FOR ASTROPHYSICS, PLANETARY AND EARTH SCIENCE APPLICATIONS, VALIDATED THROUGH REPRESENTATIVE"
80NSSC24CA044,RELATIVE DYNAMICS INC,84970.0,2024-03-12,OPTICAL COMMUNICATION ARRAY TRANSCEIVER WITH COHERENT FLYS-EYE RECEIVER
80NSSC24CA045,"HILL ENGINEERING, LLC",145558.0,2024-02-15,SBIR PHASE III - ROBUST METHODS FOR THE MEASUREMENT OF BULK RESIDUAL STRESS
80NSSC24CA046,"FLIGHT WORKS, INC",501688.0,2024-02-15,SBIR PHASE III - XENON AND HELIUM COMPRESSOR DEVELOPMENT UNIT FOR IN-SPACE FLUID TRANSFER
80NSSC24CA047,AURORA ENGINEERING LLC,208260.0,2024-01-25,SBIR PHASE III - MEDOS (MODULE FOR EVENT DRIVEN OPERATIONS ON SPACECRAFT) DISTRIBUTED SYSTEMS MISSION (DSM) CAPABILITY DEVELOPMENT
80NSSC24CA048,"ELECTRO-MAGNETIC APPLICATIONS, INCORPORATED",50000.0,2024-02-09,FY24 SBIR PHASE III - NUMERICAL SIMULATION OF FIELDS IN CAVITIES WITH DETAILED ANTENNA MODELING
80NSSC24CA049,RC INTEGRATED SYSTEMS LLC,2618881.0,2024-03-26,P2 SEQUENTIAL - SINGLE APERTURE MULTIFUNCTIONAL OPTICAL SENSOR
80NSSC24CA051,FREEDOM PHOTONICS LLC,39999.0,2024-03-19,SBIR PHASE III - PHOTONIC WIREBONDED PIC PACKAGE ASSEMBLY
80NSSC24CA052,"OMNI MEASUREMENT SYSTEMS, INC.",975515.0,2024-07-16,PHASE III - IN-SUIT WASTE MANAGEMENT TECHNOLOGIES
80NSSC24CA053,ADVANCED SPACE LLC,3247231.0,2024-04-23,SBIR PHASE III MISSION DESIGN ANALYSIS FOR EXPLORATION SYSTEMS
80NSSC24CA054,"COOLCAD ELECTRONICS, INC.",405000.0,2024-05-23,HIGH TEMPERATURE MODULAR INTEGRATED SIC POWER CONVERTER PLATFORM
80NSSC24CA056,"FARADAY TECHNOLOGY, INC.",58758.0,2024-06-21,SBIR PHASE III - PROVIDE SUPPORT FOR THE DEVELOPMENT OF A PEROXIDE GENERATION UNIT (PGU) TEST SYSTEM
80NSSC24CA058,"CROSS TRAC ENGINEERING, INC.",147505.0,2024-07-18,STTR PHASE III - OPTICAL INTERSATELLITE COMMUNICATIONS FOR CUBESAT SWARMS
80NSSC24CA059,"VISTA PHOTONICS, INC",7670328.0,2024-06-20,PHASE III - MULTI-GAS SENSOR UPDATES FOR XEMU
80NSSC24CA061,PARAGON SPACE DEVELOPMENT CORPORATION,849795.0,2024-06-10,FY24 SBIR PHASE II - SOFTGOODS WEBBING INTEGRATED STRAIN SENSOR FOR INFLATABLE
80NSSC24CA062,ALPHACORE INC,896222.0,2024-07-27,FY24 SBIR PHASE II - SCALABLE DATA ACQUISITION SYSTEM FOR MKID DETECTORS
80NSSC24CA063,"OPTIPRO SYSTEMS, LLC",850000.0,2024-07-12,"FY24 SBIR PHASE II - ELASTIC EMISSION MACHINING OF SUBSTRATES FOR EUV, OPTICAL, AND INFRARED OPTICS"
80NSSC24CA064,ALPHACORE INC,899957.0,2024-07-27,FY24 SBIR PHASE II - RADIATION-HARDENED WIDE-TEMPERATURE MIXED-SIGNAL LIBRARY IN A 22NM FDSOI CMOS PROCESS
80NSSC24CA065,ALPHACORE INC,899958.0,2024-07-27,"FY24 PHASE II - RADIATION HARDENED, PROGRAMMABLE BATTERY ANALOG FRONT-END ASIC"
80NSSC24CA066,NEXTGEN FEDERAL SYSTEMS LLC,849974.0,2024-06-07,FY24 SBIR PHASE II - SPACECRAFT ANOMALY RESOLUTION KNOWLEDGEBASE (SPARK)
80NSSC24CA067,"SPACE ENVIRONMENT TECHNOLOGIES, LLC",846393.0,2024-07-05,FY24 SBIR PHASE II - IMPROVED FORECASTING OF OPERATIONAL SOLAR AND GEOMAGNETIC INDICES
80NSSC24CA068,ASTROBOTIC TECHNOLOGY INC,849880.0,2024-06-17,"FY24 SBIR PHASE II - LOW MASS, HIGH VOLTAGE CABLES FOR LONG DISTANCE LUNAR POWER DISTRIBUTION"
80NSSC24CA069,ALPHACORE INC,899971.0,2024-07-27,"FY24 SBIR PHASE II - RADIATION-TOLERANT, HIGH-VOLTAGE BIDIRECTIONAL DC-DC CONVERTER PMIC"
80NSSC24CA070,BOND TECHNOLOGIES INC,849096.0,2024-07-25,FY24 PHASE II - LUNAR TRUSS DESIGN AND CONSTRUCTION
80NSSC24CA071,ASTROBOTIC TECHNOLOGY INC,849919.0,2024-07-18,FY24 SBIR PHASE II - FLOATINATOR: A LOW GRAVITY SIMULATOR TO STUDY PLUME-SURFACE INTERACTIONS
80NSSC24CA072,"NEW FRONTIER AEROSPACE, INC.",849877.0,2024-06-13,FY24 SBIR PHASE II - CRYOGENIC TRANSFER STAGE FOR BEYOND LOW EARTH ORBIT ACCESS
80NSSC24CA073,"PARABILIS SPACE TECHNOLOGIES, INC.",849934.0,2024-07-03,FY24 SBIR PHASE II - LOW COST HYBRID ROCKET ORBITAL TRANSFER STAGE
80NSSC24CA074,HYBIRD SPACE SYSTEMS INC.,899952.0,2024-06-25,FY24 SBIR PHASE II - ADDITIVELY MANUFACTURED HYBRID PROPULSION SYSTEM FOR SMALLSAT DEORBIT
80NSSC24CA075,INTERDISCIPLINARY CONSULTING CORP,899570.0,2024-07-01,ADVANCED MEASUREMENT TECHNOLOGY FOR AIRFRAME NOISE SOURCE IDENTIFICATION
80NSSC24CA076,"SCIENTIFIC SIMULATIONS, LLC",899852.0,2024-07-11,DYNAMIC ADAPTIVE MESH REFINEMENT FOR WALL MODELED LES OF COMPLEX CONFIGURATIONS
80NSSC24CA077,INTERDISCIPLINARY CONSULTING CORP,899999.0,2024-07-05,"HIGH-TEMPERATURE, MHZ-BANDWIDTH, MINIATURIZED HEAT-FLUX SENSORS FOR HIGH-SPEED FLOWS"
80NSSC24CA079,INTELLISENSE SYSTEMS INC,899984.0,2024-07-11,WEATHER INTEGRATED NETWORK DESIGN SOFTWARE
80NSSC24CA080,GENDELL ASSOCIATES P.A,899612.0,2024-07-05,SUNFLAKE EXTRA LINEAR - PHASE II SBIR
80NSSC24CA081,"CERES ROBOTICS, INC.",898751.0,2024-07-19,"C-TOWER: A SCALABLE, DEPLOYABLE/RETRACTABLE, AND MOBILE TRUSS MAST TO COMMISSION RELOCATABLE 50-KW CLASS VERTICAL SOLAR ARRAYS ON THE LUNAR SURFACE"
80NSSC24CA082,XANALYTIX SYSTEMS LLC,849505.0,2024-06-13,IMPROVED AUTONOMOUS NAVIGATION THROUGH OPTIMAL SENSOR OUTLIERS
80NSSC24CA083,"NALU SCIENTIFIC, LLC",898155.0,2024-07-11,CODLIR: COMPACT DIGITIZING LIDAR RECEIVER
80NSSC24CA084,INTELLISENSE SYSTEMS INC,899999.0,2024-07-11,"IN SITU DEPOLARIZATION, ATTENUATION, AND SCATTERING SENSOR"
80NSSC24CA085,CLOUDSCI LLC,899843.0,2024-07-19,THE AIRBORNE MULTIANGLE AEROSOL SIZE SPECTROMETER: A NEXT GENERATION AEROSOL PROBE
80NSSC24CA086,CFD RESEARCH CORPORATION,849991.0,2024-07-11,INTEGRATED COMPUTATIONAL MATERIALS ENGINEERING (ICME) FOR IN-SPACE AND EXTRATERRESTRIAL SURFACE METAL WELDING AND JOINING
80NSSC24CA087,"CHARLES RIVER ANALYTICS, INC.",849985.0,2024-07-25,PERSON AWARE LIAISON (PAL)
80NSSC24CA088,INTELLISENSE SYSTEMS INC,849997.0,2024-07-17,WEATHER INTEGRATED NETWORK DESIGN SOFTWARE
80NSSC24CA089,TECH4IMAGING LLC,900000.0,2024-06-11,PHASE II - CAPACITANCE BASED COMBINED SINGLE AND TWO PHASE MASS FLOW METER FOR CRYOGENIC HYDROGEN
80NSSC24CA090,"AMALGAMATED VISION, LLC",849000.0,2024-06-14,PHASE II - WEARABLE RETINAL DISPLAY MICRO-PROJECTOR FOR VISUALLY ASSISTED AUTONOMOUS OPERATIONS
80NSSC24CA091,ACREE TECHNOLOGIES INCORPORATED,849999.0,2024-06-12,PHASE II - ANTI-FOG COATINGS FOR SPACESUIT HELMETS
80NSSC24CA092,BEAM ENGINEERING FOR ADVANCED MEASUREMENTS CO.,848825.0,2024-06-27,"PHASE II - LIGHTWEIGHT, NON-MECHANICAL, POLARIZATION-INDEPENDENT LIDAR BEAM STEERING SYSTEM"
80NSSC24CA093,RYDBERG TECHNOLOGIES INC,899592.0,2024-07-26,PHASE II - OPTIMIZED FREQUENCY-STABILIZATION SUBSYSTEM FOR A COMPACT RYDBERG LASER PACKAGE
80NSSC24CA094,"SUNLITE SCIENCE & TECHNOLOGY, INC",849914.0,2024-07-09,PHASE II - RADIATION RESISTANCE ENHANCED CLASS AB AMPLIFIERS FOR SPACE CORONAGRAPHIC INSTRUMENTS
80NSSC24CA095,"ZETEO TECH, INC.",899563.0,2024-06-11,PHASE II - MINIATURE TOF MASS SPECTROMETER WITH ENHANCED RESOLUTION
80NSSC24CA096,VESCENT TECHNOLOGIES INC.,849947.0,2024-07-09,PHASE II - OPTICAL FREQUENCY SYNTHESIZER FOR QUANTUM APPLICATIONS
80NSSC24CA097,SYSTEM STRATEGY INC,849909.0,2024-07-30,PHASE II - COLLABORATIVE MULTIDIMENSIONAL TRADE SPACE ANALYSIS CAPABILITY
80NSSC24CA098,"STOTTLER HENKE ASSOCIATES, INC",849941.0,2024-06-27,PHASE II - MODULAR ARTIFICIAL INTELLIGENCE FOR FAULTS: LOCAL ONLINE WATCH AND EFFICIENT RESPONSE
80NSSC24CA100,"RESILIENT COMPUTING, LLC",899999.0,2024-06-13,REAL-TIME HARDWARE CONFIGURABLE COPROCESSORS
80NSSC24CA101,BALLY RIBBON MILLS,841049.0,2024-07-12,PHASE II - ADDITIVE INSULATIVE LAYER FOR THERMAL PROTECTION SYSTEM
80NSSC24CA102,BLUESHIFT LLC,899965.0,2024-06-25,PHASE II - MODELING PLUME-SURFACE INTERACTIONS FOR LANDING PADS AND UNTREATED GROUND
80NSSC24CA103,"THE INNOVATION LABORATORY, INC.",899976.0,2024-06-14,"PHASE II, EXPLAINABLE ARTIFICIAL INTELLIGENCE (XAI) FOR AIR TRAFFIC MANAGEMENT"
80NSSC24CA104,"UNIVERSITY TECHNICAL SERVICES, INC.",899884.0,2024-07-12,"SBIR PHASE II - AUTOMATED VULNERABILITY ASSESSMENT AND RISK MITIGATION FOR FUTURE AVIATION SYSTEMS SAFETY, ALARM"
80NSSC24CA105,"BEYOND PHOTONICS, LLC",849992.0,2024-07-09,"SBIR PHASE II, LONG-RANGE COMPACT ECONOMICAL LIDAR FOR WIND PROFILING"
80NSSC24CA106,NAHLIA INC.,899936.0,2024-07-22,SBIR II - A CREW HEALTH INTEGRATED MEDICAL EXPLORATION RESPONSE AGENT (CHIMERA) PLATFORM FOR OPTIMIZED HEALTHCARE PERFORMANCE
80NSSC24CA107,VISIMO LLC,899989.0,2024-06-25,"SBIR PHASE II, AUTONOMOUS AGENT COGNITIVE ARCHITECTURE FOR SPACECRAFT OPERATIONS"
80NSSC24CA108,CORNERSTONE RESEARCH GROUP INC,899889.0,2024-07-02,"PHASE II, COMPACT RYDBERG ATOM-BASED LF TRANSMITTER"
80NSSC24CA109,ESPACE INC.,849939.0,2024-07-03,"SBIR PHASE II, PRECISION ION NANO THRUSTER"
80NSSC24CA110,RNET TECHNOLOGIES INC,899939.0,2024-07-08,"SBIR PHASE II, RAPID DATA ANALYTICS PLATFORM USING MACHINE LEARNING"
80NSSC24CA111,CREARE LLC,849815.0,2024-07-15,"SBIR PHASE II, LIGHTWEIGHT, LOW-POWER CRYOGENIC VALVE FOR ORBITAL PROPELLANT MANAGEMENT"
80NSSC24CA112,CISLUNE INC,899616.0,2024-07-30,"SBIR PHASE II, HIGH EFFICIENCY SINTERING VIA BENEFICIATION OF THE BUILDING MATERIAL"
80NSSC24CA113,CREARE LLC,899561.0,2024-07-15,"SBIR PHASE II, LOW MAINTENANCE LUNAR DUST FILTRATION"
80NSSC24CA114,MOONPRINT SOLUTIONS LLC,830532.0,2024-07-15,"SBIR PHASE II, LUNAR EXTREME WATER CONTAINER (LEWC)"
80NSSC24CA115,PICKNIK INC.,850000.0,2024-08-01,SBIR PHASE II - DEXTEROUS WHOLE-BODY MANIPULATION FOR ROBOTIC LUNAR OPERATIONS
80NSSC24CA116,"METROLASER, INCORPORATED",899680.0,2024-06-18,"PHASE II, A TWO-COLOR HETERODYNE INTERFEROMETRY SENSOR FOR DIRECT, HIGH-SPEED ELECTRON DENSITY MEASUREMENTS IN NASA EAST FACILITY"
80NSSC24CA117,"ANZEN UNMANNED, LLC",899999.0,2024-08-05,PHASE II - EXPEDITIONARY BVLOS INFRASTRUCTURE AND UTM FOR AIRBORNE WILDFIRE RESPONSE
80NSSC24CA118,"GREEN MOUNTAIN SEMICONDUCTOR, INC.",825000.0,2024-07-24,PHASSE II - A RADIATION HARD NETWORK ON CHIP NEURAL PROCESSOR WITH RRAM
80NSSC24CA119,LAMBDAVISION INCORPORATED,899973.0,2024-07-12,PHASE II - ON-ORBIT SOLUTION RECYCLING METHODS TO IMPROVE SCALE OF LAYER-BY-LAYER ARTIFICIAL RETINA MANUFACTURING
80NSSC24CA120,APECH LABS LLC,849876.0,2024-07-24,PHASE II - REGOLITH IMMUNE LINEAR ACTUATOR FAMILY: PHASE II
80NSSC24CA121,ALBIREO TECHNOLOGIES LLC,849999.0,2024-06-26,PHASE II - TIME-SYNCHRONIZED X-RAY COMPTON TOMOGRAPHY
80NSSC24CA122,APECH LABS LLC,849587.0,2024-07-08,PHASE II - LAUNCH DEPLOY AND DOCKING MECHANISM - HALF-ESPA SIZE: PHASE II
80NSSC24CA123,"ADVANCED NANOPHOTONICS, LLC",899871.0,2024-08-03,"SBIR PHASE II - ""NEXT GEN COMPONENTS FOR EXOPLANET DETECTION AND CHARACTERIZATION TECHNOLOGIES"""
80NSSC24CA124,NEW INTEGRATION PHOTONICS,849408.0,2024-07-23,"SBIR PHASE II - ""ULTRA-HIGH RESOLUTION INTEGRATED ARRAYED WAVEGUIDE SPECTROMETER WITH REUSABLE DELAY LINES FOR EXOPLANET DETECTION"""
80NSSC24CA125,"MOTIV SPACE SYSTEMS, INC.",849154.0,2024-06-14,"SBIR PHASE II ""LOW-GRAVITY ROBOTIC ARM SYSTEM (L-GRAS)"""
80NSSC24CA126,OPTO-ATOMICS CORP,849995.0,2024-06-27,"SBIR PHASE II - ""CS ATOM INTERFEROMETER LASER"""
80NSSC24CA127,"NEXUS PHOTONICS, INC",849274.0,2024-07-10,"SBIR PHASE II - ""SPECTROSCOPY-GRADE LASERS AND PICS OPERATING AROUND 674 NM"""
80NSSC24CA128,"OEWAVES, INC",850000.0,2024-06-27,"SBIR PHASE II - ""MINIATURE LASER SYSTEM FOR CS ATOM INTERFEROMETER"""
80NSSC24CA129,"LEWIZ COMMUNICATIONS, INC.",899961.0,2024-08-02,"SBIR PHASE II - ""SCALABLE, VARIABLE-SPEED TIME-SENSITIVE ETHERNET"""
80NSSC24CA130,"AERIAL VANTAGE, INC.",899878.0,2024-07-19,E014042 SBIR PHASE II FLEET AND FLIGHT OPERATIONS INTEGRATION AND OPTIMIZATION IN A MIXED-ADVANCED AIR MOBILITY ENVIRONMENT
80NSSC24CA131,NOU SYSTEMS INC,899976.0,2024-07-19,E014042 SBIR PHASE II SOFT CLEANING OF WIRE-IMMOBILIZED GENETIC MATERIAL
80NSSC24CA132,SWIFT COAT INC,899954.0,2024-06-20,SBIR PHASE II PERMANENT ANTI-FOG COATINGS PRODUCED VIA AEROSOL IMPACT DRIVEN ASSEMBLY
80NSSC24CA133,"WECOSO, INC.",849385.0,2024-07-05,E014042 SBIR PHASE II ELECTRONIC CONTROLLER FOR SUNPOWER STIRLING POWER CONVERTOR
80NSSC24CA134,THERMAVANT TECHNOLOGIES LLC,898299.0,2024-07-16,E014042 SNIR PHASE II HIGH TEMPERATURE OSCILLATING HEAT PIPE TRANSPORT SYSTEM
80NSSC24CA135,T T H RESEARCH INC,204283.0,2024-07-09,E014042 SBIR PHASE II ROBUST TWO-PHASE COOLING TECHNOLOGY FOR MEGAWATT SPACE-BASED SYSTEMS
80NSSC24CA136,"SPORIAN MICROSYSTEMS, INC",899999.0,2024-06-10,SBIR PHASE II - AN ULTRA HIGH-TEMPERATURE INERTIAL SENSOR FOR STRUCTURAL HEALTH MONITORING OF HYPERSONIC VEHICLES
80NSSC24CA137,"SYSTEMS TECHNOLOGY, INC",849929.0,2024-08-26,SBIR PHASE II - A TRANSFORMATIVE APPROACH TO FLIGHT TEST FOR AUTONOMOUS VEHICLES
80NSSC24CA138,"SYSTEMS TECHNOLOGY, INC",849803.0,2024-08-26,SBIR PHASE II - CERTIFICATION AND SAFETY OF IN-FLIGHT MULTI-OBJECTIVE DECISION MAKING ALGORITHM TECHNIQUES
80NSSC24CA139,"SCIENTIFIC SYSTEMS COMPANY, INC.",849906.0,2024-07-19,SBIR PHASE II - ROBUST ENCOUNTER AVOIDANCE AND CONFLICT RESOLUTION FOR ADVANCED AIR MOBILITY (REACT-AAM)
80NSSC24CA140,3D-SENSIR INC,840129.0,2024-06-17,SBIR PHASE II - ASYNCHRONOUS GEIGER-MODE PHOTON COUNTING ARRAYS FOR DEEP SPACE OPTICAL COMMUNICATIONS
80NSSC24CA141,ADVALUE PHOTONICS INC,848553.0,2024-06-25,SBIR PHASE II - OZONE LIDAR UTILIZING 308 NM AND 355 NM COMPACT FIBER-BASED LASERS
80NSSC24CA142,"RECON RF, INC.",899932.0,2024-06-24,SBIR PHASE II - ULTRA-EFFICIENT P/UHF BAND POWER AMPLIFIERS
80NSSC24CA143,QMAGIQ LLC,849950.0,2024-06-20,SBIR PHASE II - COMPACT MULTI-SPECTRAL INFRARED CAMERA WITH 4-MEGAPIXEL FOCAL PLANE ARRAY WITH INTEGRATED SPECTRAL FILTERS
80NSSC24CA144,OPTOMEC INC,848690.0,2024-08-19,"E014042 SBIR PHASE II ADDITIVE MANUFACTURING OF ROBUST, NONPLANAR ELECTRICAL INTERCONNECTS"
80NSSC24CA145,"POLYCHARGE AMERICA, INC",838441.0,2024-06-06,SBIR PHASE II - HIGH ENERGY DENSITY RADIATION TOLERANT CAPACITORS FOR CRYOGENIC TEMPERATURE APPLICATIONS
80NSSC24CA146,QUANTCAD LLC,899999.0,2024-07-15,SBIR PHASE II - QUANTUM SENSOR FOR D/H RATIO MEASUREMENT IN WATER IN OUTER PLANETS
80NSSC24CA147,"ADVANCED RESEARCH, INC.",849878.0,2024-07-01,SBIR PHASE II - VISIBLE LIGHT PHASE AND AMPLITUDE MODULATORS FOR QUANTUM SENSORS AND CLOCKS
80NSSC24CA148,"QUALTECH SYSTEMS, INC.",899911.0,2024-06-10,SBIR PHASE II - TEAMS FAULT MANAGEMENT EXTENSION FOR STATE-BASED DESIGN AND SIMULATION
80NSSC24CA149,ULTRAMET,850000.0,2024-07-09,"SBIR PHASE II - HIGH-EMISSIVITY CVD DENDRITIC RHENIUM COATINGS FOR NEP RADIATOR PANELS, PHASE II"
80NSSC24CA150,ADVANCED SPACE LLC,899984.0,2024-06-07,SBIR PHASE II - CONTINGENCY ANALYSIS FOR LOW-THRUST MISSIONS (CALM)
80NSSC24CA151,BOSTON MICROMACHINES CORPORATION,847415.0,2024-06-03,SBIR PHASE II - SURFACE FINISH IMPROVEMENT IN MEMS DEFORMABLE MIRRORS FOR HIGH CONTRAST IMAGING
80NSSC24CA152,CHROMOLOGIC LLC,846741.0,2024-06-14,SBIR PHASE II - MICROORGANISMS GENOME ENRICHMENT AND AMPLIFICATION SEQUENCING (MGEAS)
80NSSC24CA153,"FIBERTEK, INC.",898934.0,2024-06-20,SBIR PHASE II - LUNAR LIDAR TECHNOLOGY FOR ARTEMIS HUMAN HABITATION
80NSSC24CA154,"EXAMINART, LLC",849386.0,2024-06-20,SBIR PHASE II - REMOTE X-RAY ANALYZER (REXA)
80NSSC24CA155,ADVANCED SPACE LLC,899991.0,2024-06-07,SBIR PHASE II - SATELLITE COLLISION AND RISK ASSESSMENT USING MACHINE LEARNING (SCRAM)
80NSSC24CA156,SOLID MATERIAL SOLUTIONS LLC,850000.0,2024-06-24,SBIR PHASE II - SUPERCONDUCTING STATOR THAT ENABLES MUCH LOWER WEIGHT 1 MW - 4 MW MOTORS
80NSSC24CA157,"MICRO COOLING CONCEPTS, INC",849816.0,2024-06-14,SBIR PHASE II - PROPELLERS WITH INTEGRATED THERMAL MANAGEMENT FOR ELECTRIFIED AIRCRAFT
80NSSC24CA158,"MTI SYSTEMS, INC.",849794.0,2024-08-07,SBIR PHASE II - LUNAR ACCESS NETWORK SUPPORTING 5G AND BEYOND
80NSSC24CA159,REMCOM INC,849803.0,2024-06-05,SBIR PHASE II - WIRELESS CHANNEL SIMULATION AND COVERAGE ANALYSIS FOR LUNAR ENVIRONMENTS
80NSSC24CA160,"WAINAMICS, INC.",1274527.0,2024-06-14,SBIR PHASE II - LONG TERM CELL CULTURE MONITORING SYSTEM
80NSSC24CA161,NUBURU INC.,849989.0,2024-08-08,SBIR PHASE II - BLUE-PLUME - BLUE LASER PLANETARY AND LUNAR MANAGEMENT OF ELECTRICAL POWER
80NSSC24CA162,ADVANCED COOLING TECHNOLOGIES INC,899990.0,2024-06-28,SBIR PHASE II - ENHANCED MOTOR PERFORMANCE VIA TWO-PHASE THERMAL MANAGEMENT
80NSSC24CA163,INNOVATIVE DYNAMICS INC.,849077.0,2024-07-08,SBIR PHASE II -EROSION TOLERANT PASSIVE ANTI-ICING MATERIALS FOR UAM ROTOR BLADES
80NSSC24CA164,EPISYS SCIENCE INC,850000.0,2024-06-06,SBIR PHASE II - 5G-MOSAIC: 5G MISSION-CRITICAL SIDELINK FOR AUTONOMOUS AND INTEROPERABLE COMMUNICATIONS IN LUNAR NETWORKS
80NSSC24CA165,IRPI LLC,849932.0,2024-06-14,SBIR PHASE 2 - FLUIDIC SOLUTIONS FOR IN SITU SAMPLE PREPARATION IN MICROGRAVITY
80NSSC24CA166,DYNOVAS INC,899946.0,2024-07-08,SBIR PHASE II - COMPOSITE CRYOGENIC HYDROGEN INSULATED LIGHTWEIGHT LINED STORAGE (C-CHILL)
80NSSC24CA167,AD ASTRA ROCKET CO,849970.0,2024-05-24,SBIR PHASE II- IMPROVED DESIGN OF THE VASIMR RADIO FREQUENCY TRANSMISSION LINE
80NSSC24CA168,EXPLORATION INSTITUTE LLC,500000.0,2024-08-12,CCRPP - NEUROMORPHIC SPACECRAFT FAULT MONITOR
80NSSC24CA169,ADVANCED COOLING TECHNOLOGIES INC,159999.0,2024-06-03,3D PRINTED LOOP HEAT PIPE ENABLING HIGH POWER DENSITY SPACE APPLICATIONS
80NSSC24CA170,"RESILIENX, INC.",262506.0,2024-06-24,"PHASE III, INTEGRATING NASA SERVICES, FUNCTIONS, AND CAPABILITIES (SFCS) WITH A COMMERCIAL IN-TIME AVIATION SAFETY MANAGEMENT SYSTEM (IASMS)"
80NSSC24CA171,OXEON ENERGY LLC,3966859.0,2024-09-17,PHASE II - SEQUENTIAL - MARS OXYGEN AND METHANE SYSTEM (MOMS)
80NSSC24CA172,"MOTIV SPACE SYSTEMS, INC.",3995097.0,2024-08-06,XWALKER - ENHANCED INSPECTION AND MANIPULATION FOR LUNAR ASSEMBLY
80NSSC24CA174,"MOTIV SPACE SYSTEMS, INC.",320555.0,2024-07-11,FY24 SBIR PHASE III - DIRTY VACUUM RATED ROBOTIC ARM FOR DIRECTED ENERGY DEPOSITION OF LUNAR REGOLITH
80NSSC24CA176,"TELTRIUM, INC.",400301.0,2024-07-16,"SBIR PHASE III, SWARM ARRAY COHERENT COMBINING (SACC)"
80NSSC24CA177,"COLDQUANTA, INC.",20029904.0,2024-07-25,QGG APP TECHNOLOGY MATURATION AND DESIGN BASED ON AN ATOM CHIP
80NSSC24CA178,IRPI LLC,98664.0,2024-07-09,FY24 SBIR PHASE III - ADVANCED FLUIDS PROCESSING USING SUPERHYDROPHOBIC SURFACES
80NSSC24CA180,CREARE LLC,500000.0,2024-09-06,CCRPP - LOW COST CRYOCOOLER CONTROL ELECTRONICS FOR SMALL SPACE PLATFORMS
80NSSC24CA181,GEOVISUAL TECHNOLOGIES INC,750000.0,2024-09-20,CCRPP~ NEAR-REALTIME ESTIMATION AND FORECASTING OF NATIONAL AND GLOBAL SPECIALTY CROP SUPPLIES
80NSSC24CA183,"APOGEE SEMICONDUCTOR, INC.",2500000.0,2024-08-13,"COMMERCIALIZATION OF A MODULAR, HIGH-EFFICIENCY, RADIATION-HARDENED, PWM CONTROLLER FORDECENTRALIZED, NON-LINEAR CONTROL AND NOVEL TOPOLOGIES"
80NSSC24CA187,STARFISH SPACE INC.,12000000.0,2024-08-16,FY24 SBIR PHASE III - SSPICY - STARFISH SPACE ORBITAL DEBRIS INSPECTION MISSION
80NSSC24CA188,ADVANCED SPACE LLC,50865272.0,2024-09-12,PHASE III - CAPSTONE EXTENDED MISSION
80NSSC24CA189,"AOSENSE, INC.",2416958.0,2024-08-23,SBIR PHASE III - QUANTUM GRAVITY GRADIOMETER (QGG) ATOMIC PHYSICS PACKAGE (APP) TECHNOLOGY MATURATION AND DESIGN USING FREE-SPACE ULTRA-COLD RB SOURCE
80NSSC24CA190,BLUESHIFT LLC,899952.0,2024-06-27,PHASE II - MULTI-STAGE OXYGEN AND REGOLITH RESOURCE EXTRACTOR
80NSSC24CA191,IRPI LLC,69932.0,2024-08-23,SBIR PHASE III LIQUID-GAS/BUBBLE SEPARATION DEVICES FOR FLEXIBLE BAGS IN
80NSSC24CA192,IRPI LLC,45938.0,2024-08-28,"SBIR PHASE III - DESIGN, PROTOTYPE MANUFACTURE, AND TESTING OF A LIQUID DROPLET CAPTURE PREFILTER FOR SMOKE EATER APPLICATIONS"
80NSSC24CA193,BRAYTON ENERGY LLC,500000.0,2024-09-27,100 KW BRAYTON CYCLE DESIGN FOR SPACE NUCLEAR ELECTRIC PROPULSION
80NSSC24CA195,"QUALTECH SYSTEMS, INC.",900000.0,2024-09-04,"SBIR PHASE III - ROSETTA - SOFTWARE AND MODEL DEPLOYMENT, DEVELOPMENT AND V&V SUPPORT"
80NSSC24CA196,ULTRA SAFE NUCLEAR CORPORATION - TECHNOLOGIES,400000.0,2024-09-12,SBIR PHASE III - ULTRAHIGH-TEMPERATURE MATERIAL TESTING SYSTEM
80NSSC24CA200,HINETICS LLC,190000.0,2024-09-17,FY24 SBIR PHASE III - EXTENSION OF MAGICA CONCEPTS AND APPLICATION TO CRYOGENIC STATORS
80NSSC24CA203,THERMAVANT TECHNOLOGIES LLC,399939.0,2024-09-19,PHASE III - HIGH TEMPERATURE OSCILLATING HEAT PIPE RADIATORS FOR SPACE APPLICATIONS
80NSSC24CA204,ADVANCED COOLING TECHNOLOGIES INC,399998.0,2024-09-26,SBIR PHASE III - HIGH TEMPERATURE HEAT PIPE RADIATORS FOR SPACE APPLICATIONS
80NSSC24CA206,"TRUWEATHER SOLUTIONS, INC",899999.0,2024-09-10,SBIR PHASE III - WEATHER INTELLIGENCE FOR PATHFINDING FOR AIRSPACE WITH AUTONOMOUS VEHICLES (PAAV)
80NSSC24CA207,QUARTUS ENGINEERING INCORPORATED,147600.0,2024-09-30,"SBIR PHASE III - DEFORMABLE MEMBRANE TELESCOPE OPTICAL DESIGN, WAVEFRONT CORRECTION, AND ANALYSIS"
80NSSC24CA208,BLUESHIFT LLC,255000.0,2024-09-23,PHASE III - PARABOLIC FLIGHT TESTING FOR THE SINTERING END EFFECTOR FOR REGOLITH (SEER)
80NSSC24CA210,"ASTRAL FORGE, LLC",899803.0,2024-09-27,SBIR PHASE II IGNITE - DEVELOPMENT OF A HIGH-TEMPERATURE  MICROGRAVITY ASSISTED CRYSTAL GROWTH FURNACE FOR IN-SPACE MANUFACTURING OF LOW DEFECT WIDE BANDGAP SEMICONDUCTORS
80NSSC24CA212,BENCHMARK SPACE SYSTEMS INC,849688.0,2024-09-25,RESILIENT INDEPENDENT PROPULSIVE CONTROLLED ON-ORBIT RECOVERY DEVICE (RIPCORD)
80NSSC24CA213,BRAYTON ENERGY LLC,896241.0,2024-09-24,HIGH-EFFICIENCY SOLID OXIDE FUEL CELL / TURBOGENERATOR HYBRID ELECTRIC PROPULSION SYSTEM
80NSSC24CA214,"SPACE-EYES, INC.",1274768.0,2024-09-12,SBIR PHASE II IGNITE - FIRE WATCH PREDICTION AND DETECTION OF WILDFIRES THROUGH ADVANCED AI/ML
80NSSC24CA215,GEOVISUAL TECHNOLOGIES INC,850000.0,2024-09-17,SBIR PHASE II IGNITE - DECISION SUPPORT FOR WATER MANAGEMENT IN THE SPECIALTY CROP AGRICULTURE SECTOR
80NSSC24CA216,"LUNAR RESOURCES, INC.",889999.0,2024-09-25,PHASE II-IGNITE - SILICON AND IRON EXTRACTION ON THE MOON
80NSSC24CA217,"SPACE LAB TECHNOLOGIES, LLC",899778.0,2024-09-30,PHASE II-IGNITE - ECOMINE - BIOREGENERATIVE MINERAL MINING FROM LUNAR REGOLITH
80NSSC24CA219,VERDEGO AERO INC,850000.0,2024-09-30,SBIR PHASE II-IGNITE - DESIGN OF THE VH-3 POWERED SPEEDBIRD HYBRID AAM DEMONSTRATOR
80NSSC24CA222,ATAC,49943.0,2024-09-20,SBIR PHASE III - EXPLAINABLE AI-BASED V&V FOR INCREASINGLY AUTONOMOUS AVIATION SYSTEMS PHASE III
80NSSC24CA225,"MOSAIC ATM, INC.",200000.0,2024-09-30,PHASE III
80NSSC24F0002,"THE MATHWORKS, INC.",24399.0,2023-10-13,THIS IS ORDER 305 FROM MATHWORKS MATLAB SOFTWARE MAINTENANCE PER QUOTE #13262328 DATED 09/22/2023.
80NSSC24F0003,"THE MATHWORKS, INC.",10335.0,2023-10-26,THIS IS A DELIVERY ORDER FOR MATHWORKS MATLAB RENEWAL FOR GSFC PER QUOTE 13270335 DATED 10/02/2023...PERIOD OF PERFORMANCE IS 12/01/2023 - 11/30/2024.
80NSSC24F0004,"THE MATHWORKS, INC.",46035.25,2023-10-27,"THIS IS A DELIVERY ORDER FOR MATHWORKS MATLAB RENEWAL FOR JSC PER QUOTE # 13218111, DATED 09/06/2023...PERIOD OF PERFORMANCE IS 12/1/2023 THROUGH 11/30/2024."
80NSSC24F0005,"COMSOL, INC.",12992.0,2023-11-01,THIS BPA CALL IS FOR COMSOL MULTIPHYSICS SOFTWARE LICENSES FOR LARC PER QUOTE 521468 DATED 09/16/2023...PERIOD OF PERFORMANCE: 12/01/2023 - 11/30/2024
80NSSC24F0006,"GARTNER, INC.",517823.88,2023-11-06,GARTNER CALL ORDER 100 FOR OCIO MSD APO PART 2 CONSULTING SERVICES.
80NSSC24F0008,"GARTNER, INC.",31952.0,2023-11-07,GARTNER BPA 80NSSC19A0005 CALL 101 FOR IT LEADERS INDIVIDUAL ACCESS LEADERS
80NSSC24F0009,FUTURE ENGINEERS LLC,151000.0,2023-11-08,POWER TO EXPLORE 3
80NSSC24F0016,"THE MATHWORKS, INC.",6595.0,2023-11-30,SAT / ELMT - MATLAB SW RENEWAL
80NSSC24F0021,"THE MATHWORKS, INC.",5327.25,2023-12-12,"THIS TASK ORDER IS TO PURCHASE A MATLAB RENEWAL FOR GSFC PER QUOTE# 13311931, DATED 11/15/2023."
80NSSC24F0022,"THE MATHWORKS, INC.",2909.0,2023-12-11,"THIS TASK ORDER IS TO PURCHASE A MATLAB RENEWAL FOR GSFC PER QUOTE# 13304638, DATED 11/07/2023. ..PERIOD OF PERFORMANCE IS DATE OF AWARD THROUGH 04/30/2024."
80NSSC24F0023,SIEMENS INDUSTRY SOFTWARE INC.,30733.69,2023-12-15,THIS IS BPA CALL #23 FOR SIEMENS INDUSTRY SOFTWARE PER QUOTE # 13578R00 DATED 10/05/2023...PERIOD OF PERFORMANCE IS 01/01/2024 TO 12/31/2024.
80NSSC24F0025,"THE MATHWORKS, INC.",3721.0,2023-12-18,"THIS TASK ORDER IS TO PURCHASE A MATLAB RENEWAL FOR GSFC PER QUOTE# 13329361, DATED 12/05/2023."
80NSSC24F0028,"ANSYS GOVERNMENT INITIATIVES, LLC",15739.04,2023-12-14,"THIS TASK ORDER IS TO PURCHASE AGI'S STK PRO SOFTWARE RENEWAL FOR JSC PER QUOTE# RN-LT-600318, DATED 12/11/2023. ..PERIOD OF PERFORMANCE IS JANUARY 1, 2024 - DECEMBER 31, 2024."
80NSSC24F0030,"THE MATHWORKS, INC.",23501.17,2023-12-18,THIS TASK ORDER IS TO PURCHASE MATLAB FOR ARC PER QUOTE 13323467 DATED 11/29/2023. ..PERIOD OF PERFORMANCE IS 02/01/2024 TO 01/31/2025.
80NSSC24F0031,"THE MATHWORKS, INC.",2360.0,2023-12-18,"THIS TASK ORDER IS TO PURCHASE A MATLAB RENEWAL FOR GSFC PER QUOTE# 13310808, DATED 11/14/2023...PERIOD OF PERFORMANCE IS 03/01/2024 - 02/28/2025."
80NSSC24F0032,"THE MATHWORKS, INC.",21240.0,2023-12-21,THIS TASK ORDER IS TO PURCHASE A MATLAB SOFTWARE FOR JSC PER QUOTE# 13310840 DATED 11/14/2023. ..PERIOD OF PERFORMANCE IS ONE YEAR FROM DATE OF AWARD.
80NSSC24F0033,"THE MATHWORKS, INC.",25879.0,2023-12-21,"THIS TASK ORDER IS TO PURCHASE A MATLAB SOFTWARE RENEWALS PER QUOTE# 13311992, DATED 11/15/2023. ..PERIOD OF PERFORMANCE IS 03/01/2024 - 02/28/2025."
80NSSC24F0034,"THE MATHWORKS, INC.",109021.33,2023-12-27,THIS TASK ORDER IS TO PURCHASE A MATLAB RENEWAL FOR JSC PER QUOTE# 13250196  PERIOD OF PERFORMANCE IS 01/01/2024 - 12/31/2024.
80NSSC24F0036,"COMSOL, INC.",31176.0,2023-12-21,"THIS TASK ORDER IS TO PURCHASE COMSOL'S MULTIPHYSICS SOFTWARE PER QUOTE# 523029, DATED 11/8/2023...PERIOD OF PERFORMANCE IS 1/1/2024 - 12/31/2025."
80NSSC24F0038,"THE MATHWORKS, INC.",30369.6,2023-12-27,"THIS TASK ORDER IS TO PURCHASE AN MATLAB SOFTWARE RENEWAL PER QUOTE# 13324616, DATED 11/30/2023...PERIOD OF PERFORMANCE IS A YEAR FROM DATE OF AWARD."
80NSSC24F0039,SIEMENS INDUSTRY SOFTWARE INC.,49680.01,2024-02-05,THIS TASK ORDER IS TO PURCHASE SIEMENS FLOMASTER FLUID SYSTEM FOR SSC PER QUOTE# 13493R00 DATED 10/02/2023...PERIOD OF PERFORMANCE IS 01/01/2024 - 12/31/2024.
80NSSC24F0041,"THE MATHWORKS, INC.",2802.0,2023-12-28,"THIS TASK ORDER IS TO PURCHASE A MATLAB RENEWAL FOR GSFC PER QUOTE# 13309484, DATED 11/13/2023. ..PERIOD OF PERFORMANCE IS 02/01/2024 - 01/31/2025."
80NSSC24F0042,"POINTWISE, INC",12592.0,2024-01-10,THIS TASK ORDER IS TO PURCHASE AN POINTWISE FRAMEMAKER PER QUOTE# Q-00018637. ..PERIOD OF PERFORMANCE IS 01/01/2024 - 06/30/2024.
80NSSC24F0044,COLLIER RESEARCH & DEVELOPMENT CORP,141936.0,2024-01-10,THIS TASK ORDER IS TO PURCHASE HYPERX 2023 SUBSCRIPTION LICENSE PER QUOTE# 231113A DATED 11/13/2023.PERIOD OF COVERAGE IS 12/31/2023 - 1/10/2024.PERIOD OF PERFORMANCE IS 01/10/2023 - 12/30/2024.
80NSSC24F0046,"AMERICAN INSTITUTE OF AERONAUTICS AND ASTRONAUTICS, INC",164510.0,2024-01-23,AIAA CALL ORDER #4
80NSSC24F0048,"ANSYS GOVERNMENT INITIATIVES, LLC",97169.08,2024-01-19,THIS TASK ORDER IS TO PURCHASE AN STK PRO RENEWAL ANNUAL SUPPORT PER QUOTE# RN-LT-600780 DATED 01/11/2024. ..PERIOD OF PERFORMANCE IS 04/01/2024 - 03/31/2025.
80NSSC24F0051,"THE MATHWORKS, INC.",33984.0,2024-01-31,THIS TASK ORDER IS TO PURCHASE A MATLAB RENEWAL FOR MSFC PER QUOTE# 13355645 DATED 01/05/2024...PERIOD OF PERFORMANCE IS ONE YEAR FROM DATE OF AWARD.
80NSSC24F0053,"THE MATHWORKS, INC.",6706.8,2024-02-07,THIS TASK ORDER IS TO PURCHASE A MATLAB RENEWAL FOR GSFC PER QUOTE# 13369449 DATED 01/18/2024. ..PERIOD OF PERFORMANCE IS 1 YEAR FROM DATE OF AWARD.
80NSSC24F0054,"THE MATHWORKS, INC.",23120.0,2024-02-07,THIS TASK ORDER IS TO PURCHASE A MATLAB RENEWAL FOR ARC PER QUOTE# 13352077 DATED 01/03/2024...PERIOD OF PERFORMANCE IS 03/01/2024 - 02/28/2025
80NSSC24F0055,"ANSYS GOVERNMENT INITIATIVES, LLC",10823.18,2024-02-14,THIS TASK ORDER IS TO PURCHASE AGI STK PRO SOFTWARE PER QUOTE# RN-LT-600560 DATED 01/11/2024. ..PERIOD OF PERFORMANCE IS 1 FROM DATE OF AWARD.
80NSSC24F0058,SIEMENS INDUSTRY SOFTWARE INC.,26572.0,2024-03-04,THIS IS BPA CALL #25 FOR SIEMENS INDUSTRY SOFTWARE MENTOR GRAPHICS DONGLES PER QUOTE # 15603R00 DATED 01/23/2024. PERIOD OF PERFORMANCE IS 06/06/2024 TO 06/05/2025.
80NSSC24F0059,"ANSYS GOVERNMENT INITIATIVES, LLC",52215.72,2024-02-15,THIS TASK ORDER IS TO PURCHASE AN AGI STK PRO LICENSE RENEWAL PER QUOTE# RN-LT-600765- COMBINED DATED 01/23/2024...PERIOD OF PERFORMANCE IS 4/1/2024 -3/31/2025.
80NSSC24F0060,"THE MATHWORKS, INC.",4113.0,2024-02-21,THIS TASK ORDER IS TO PURCHASE MATLAB SOFTWARE RENEWAL FOR GSFC PER QUOTE# 13369645 DATED 01/18/2024.   PERIOD OF PERFORMANCE IS 04/01/2024 - 03/31/2025.
80NSSC24F0061,"THE MATHWORKS, INC.",2459.0,2024-02-26,THIS TASK ORDER IS TO PURCHASE A MATLAB RENEWAL FOR GSFC PER QUOTE# 13369634 DATED 01/18/2024. ..PERIOD OF PERFORMANCE IS 04/01/2024 - 03/31/2025.
80NSSC24F0062,"THE MATHWORKS, INC.",10485.0,2024-02-22,THIS TASK ORDER IS TO PURCHASE A MATLAB RENEWAL FOR KSC PER QUOTE# 13373726 DATED 01/23/2024. ..PERIOD OF PERFORMANCE IS 12 MONTHS AFTER DATE OF AWARD.
80NSSC24F0063,"THE MATHWORKS, INC.",4410.0,2024-02-26,THIS TASK ORDER PURCHASE A MATLAB RENEWAL PER QUOTE# 13385592 DATED 02/02/2024.  PERIOD OF PERFORMANCE IS 12 MONTHS FOR DAY OF AWARD.
80NSSC24F0065,"THE MATHWORKS, INC.",305597.5,2024-03-05,THIS IS ORDER #326 FOR MATHWORKS SOFTWARE MAINTENANCE SERVICE RENEWAL PER THE ATTACHED QUOTE # 13360071 DATED 01/10/2024.  THE PERIOD OF PERFORMANCE IS 04/01/2024 - 03/31/2025.
80NSSC24F0066,"COMSOL, INC.",53158.0,2024-03-06,"THIS TASK ORDER IS TO PURCHASE COMSOL MULTIPHYSICS SOFTWARE RENEWAL PER QUOTE# 524907, DATED 01/19/2024...PERIOD OF PERFORMANCE IS 05/01/2024 - 04/30/2025."
80NSSC24F0067,"THE MATHWORKS, INC.",441.0,2024-03-15,"THIS TASK ORDER IS TO PURCHASE A MATLAB RENEWAL FOR GSFC PER QUOTE# 13403520, DATED 02/28/2024. ..PERIOD OF PERFORMANCE IS 05/01/2024 - 04/30/2025."
80NSSC24F0069,"THE MATHWORKS, INC.",699118.0,2024-03-27,"THIS IS ORDER 328 FOR MATHWORKS MATLAB SOFTWARE MAINTENANCE SUPPORT RENEWAL PER QUOTE # 13394837 DATED 02/13/2024. ..TOTAL OBLIGATED VALUE IS $699,118.00..THE PERIOD OF PERFORMANCE IS 05/01/2024 THROUGH 04/30/2025."
80NSSC24F0070,"THE MATHWORKS, INC.",3156.0,2024-03-27,"THIS TASK ORDER IS TO PURCHASE A MATLAB RENEWAL FOR GSFC PER QUOTE# 13390381, DATED 02/07/2024...PERIOD OF PERFORMANCE IS 05/01/2024 - 04/30/2025."
80NSSC24F0071,"THE MATHWORKS, INC.",6256.0,2024-03-29,"THIS TASK ORDER IS PURCHASE A MATLAB RENEWAL FOR GSFC PER QUOTE #13404789, DATED 02/26/2024.   PERIOD OF PERFORMANCE IS 05/01/2024 - 04/30/2025."
80NSSC24F0072,"THE MATHWORKS, INC.",408860.16,2024-04-01,THIS IS ORDER #331 FOR MATHWORKS SOFTWARE MAINTENANCE SUPPORT RENEWALS PER QUOTE 13422853 DATED 03/19/2024...THE PERIOD OF PERFORMANCE IS 05/01/2024 - 04/30/2025.
80NSSC24F0073,COLLIER RESEARCH & DEVELOPMENT CORP,51205.0,2024-04-04,"THIS TASK ORDER IS TO PURCHASE HYPERX 2024 SUBSCRIPTION PER QUOTE# 240307J, DATED 03/07/2024.   PERIOD OF PERFORMANCE IS 06/13/2024 - 06/13/2025."
80NSSC24F0075,"THE MATHWORKS, INC.",16803.0,2024-04-04,"THIS IS TASK ORDER IS PURCHASE A MATLAB RENEWAL FOR GRC PER QUOTE# 13438561 PER QUOTE# 13438561, DATED 04/04/2024.  PERIOD OF PERFORMANCE IS 05/01/2024 - 04/30/2025."
80NSSC24F0076,"THE MATHWORKS, INC.",2304.0,2024-04-11,THIS TASK ORDER IS TO PURCHASE A MATLAB RENEWAL FOR GSFC PER QUOTE# 13418032 DATED 03/13/2024.  PERIOD OF PERFORMANCE IS 07/1/2024 - 6/30/2025.
80NSSC24F0078,"THE MATHWORKS, INC.",5444.0,2024-04-11,"THIS TASK ORDER IS TO PURCHASE A MATLAB RENEWAL PER QUOTE# 13416794, DATED 03/12/2024.  PERIOD OF PERFORMANCE 5/1/2024 - 4/30/2025."
80NSSC24F0079,"ENVIRONMENTAL SYSTEMS RESEARCH INSTITUTE, INC.",18179.1,2024-04-12,"THIS TASK ORDER IS TO PURCHASE ARCGIS PRO SINGLE USE PERPETUAL LICENSES PER QUOTE# Q-515687, DATED 02/15/2024. ..PERIOD OF PERFORMANCE IS 12 MONTHS FROM DATE OF AWARD."
80NSSC24F0080,"THE MATHWORKS, INC.",21924.0,2024-04-22,"THIS TASK ORDER IS TO PURCHASE A MATLAB RENEWAL PER QUOTE # 13435616, DATED 04/02/2024...PERIOD OF PERFORMANCE 4/22/2024 - 4/21/2025."
80NSSC24F0081,"COMSOL, INC.",27279.0,2024-04-29,THIS BPA CALL IS FOR THE RENEWAL OF COMSOL LICENSES PER QUOTE # 526171 DATED 03/01/2024. ..THE PERIOD OF PERFORMANCE IS DATE OF AWARD TO 04/30/2025.
80NSSC24F0082,"THE MATHWORKS, INC.",55728.0,2024-04-29,"THIS TASK ORDER IS TO PURCHASE A MATLAB, SIMULINK, AND EMBEDDED CODER LICENSES RENEWAL PER QUOTE CAL03112024.1LC DATED 03/11/2024...PERIOD OF PERFORMANCE IS 05/01/2024 THROUGH 04/30/2025."
80NSSC24F0083,"THE MATHWORKS, INC.",30252.92,2024-04-30,THIS TASK ORDER IS TO PURCHASE MATLAB RENEWALS PER QUOTE 13390269 DATED 02/07/2024...PERIOD OF PERFORMANCE IS 05/01/2024 THROUGH 04/30/2025.
80NSSC24F0084,"THE MATHWORKS, INC.",15480.0,2024-05-01,"THIS TASK ORDER IS TO PURCHASE MATLAB RENEWALS PER QUOTE # 13444933, DATED 04/11/2024. .PERIOD OF PERFORMANCE IS 5/01/2024 THROUGH 04/30/2025."
80NSSC24F0087,"THE MATHWORKS, INC.",35370.0,2024-05-03,THIS TASK ORDER IS TO PURCHASE MATHWORKS MATLAB PER QUOTE # 13444205 DATED 05/10/2024...PERIOD OF PERFORMANCE IS 12 MONTHS FROM DATE OF AWARD.
80NSSC24F0089,SIEMENS INDUSTRY SOFTWARE INC.,244713.86,2024-05-03,THIS BPA CALL IS FOR THE RENEWAL OF SIEMENS INDUSTRY SOFTWARE PER QUOTES 16019R00 DATED 02/08/2024 AND 52577435 DATED 03/19/2024. PERIOD OF COVERAGE IS 05/01/2024 TO DATE OF AWARD. PERIOD OF PERFORMANCE IS DATE OF AWARD TO 04/30/2025.
80NSSC24F0090,"COMSOL, INC.",70748.0,2024-05-06,THIS BPA CALL IS FOR THE RENEWAL OF COMSOL LICENSES PER QUOTE # 527529 DATED 04/19/2024. ..THE PERIOD OF COVERAGE IS 05/01/2024 TO DATE OF AWARD AND THE PERIOD OF PERFORMANCE IS DATE OF AWARD TO 04/30/2025.
80NSSC24F0092,"COMSOL, INC.",15667.0,2024-05-09,THIS BPA CALL IS FOR THE RENEWAL OF COMSOL LICENSES PER QUOTE # 526724 DATED 03/15/2024...THE PERIOD OF PERFORMANCE IS 07/01/2024 - 06/30/2025.
80NSSC24F0094,"THE MATHWORKS, INC.",32850.0,2024-05-08,THIS TASK ORDER IS TO PURCHASE MATHWORKS MATLAB FOR GSFC PER QUOTE # 13458865 DATED 04/29/2024...PERIOD OF PERFORMANCE IS 12 MONTHS FROM DATE OF AWARD.
80NSSC24F0095,"THE MATHWORKS, INC.",41984.0,2024-05-08,THIS TASK ORDER IS TO PURCHASE MATHWORKS MATLAB PER QUOTE # 13440057 DATED 04/05/2024...PERIOD OF PERFORMANCE IS 06/01/2024 - 05/31/2025.
80NSSC24F0096,"THE MATHWORKS, INC.",73354.25,2024-05-08,THIS TASK ORDER IS TO PURCHASE MATHWORKS MATLAB PER QUOTE # 13450805 DATED 04/18/2024...PERIOD OF PERFORMANCE IS 06/01/2024 - 05/31/2025.
80NSSC24F0099,"THE MATHWORKS, INC.",4220.0,2024-05-15,THIS ORDER IS TO PURCHASE MATHWORKS MATLAB PER QUOTE # 13416932 DATED 03/12/2024...PERIOD OF PERFORMANCE IS 06/01/2024 - 05/31/2025.
80NSSC24F0100,"ANSYS GOVERNMENT INITIATIVES, LLC",13111.75,2024-05-16,"THIS BPA CALL IS TO PURCHASE THE ANSYS ANNUAL SUPPORT RENEWAL OF STK PRO, SATPRO, ANALYSIS WORKBENCH, AND SCHEDULER FOR GSFC PER QUOTE, RNLT-.601112 DATED 03/19/2024...THE PERIOD OF PERFORMANCE IS 06/01/2024-05/31/2025."
80NSSC24F0103,"THE MATHWORKS, INC.",21685.0,2024-05-17,THIS TASK ORDER IS TO PURCHASE MATHWORKS MATLAB PER QUOTE # 13415628 DATE 03/11/2024...THE PERIOD OF PERFORMANCE IS 06/01/2024-05/31/2025.
80NSSC24F0104,"THE MATHWORKS, INC.",38799.0,2024-05-17,"THIS ORDER IS TO PURCHASE MATHWORKS MATLAB PER QUOTE # 13448734, DATED 04/16/2024...PERIOD OF PERFORMANCE IS 08/01/2024 - 07/31/2025."
80NSSC24F0105,"THE MATHWORKS, INC.",20769.0,2024-05-21,THIS TASK ORDER IS TO PURCHASE MATHWORKS MATLAB PER QUOTE # 13445962 DATE 04/12/2024...THE PERIOD OF PERFORMANCE IS 06/01/2024-05/31/2025.
80NSSC24F0106,"THE MATHWORKS, INC.",4324.0,2024-05-17,"THIS ORDER IS TO PURCHASE MATHWORKS MATLAB PER QUOTE # 13452782, DATED 04/22/2024...PERIOD OF PERFORMANCE IS 08/01/2024 - 07/31/2025."
80NSSC24F0107,"THE MATHWORKS, INC.",26290.0,2024-06-28,THIS ORDER IS TO PURCHASE MATHWORKS MATLAB PER QUOTE # 13465089 DATED 05/07/2024...PERIOD OF PERFORMANCE IS 07/01/2024-01/31/2026.
80NSSC24F0108,"THE MATHWORKS, INC.",662.0,2024-05-17,THIS TASK ORDER IS TO PURCHASE MATHWORKS MATLAB PER QUOTE # 13441600 DATED 04/08/2024.. THE PERIOD OF PERFORMANCE IS 07/01/2024 - 06/30/2025.
80NSSC24F0109,"THE MATHWORKS, INC.",5732.0,2024-05-17,THIS TASK ORDER IS TO PURCHASE MATHWORKS MATLAB PER QUOTE # 13439120 DATED 04/04/2024. THE PERIOD OF PERFORMANCE IS 07/01/2024 - 06/30/2025.
80NSSC24F0110,"THE MATHWORKS, INC.",19825.0,2024-05-21,THIS TASK ORDER IS TO PURCHASE MATHWORKS MATLAB PER QUOTE #13443037 DATED 04/09/2024. THE PERIOD OF PERFORMANCE IS 06/01/2024 -05/31/2025.
80NSSC24F0111,"THE MATHWORKS, INC.",68499.0,2024-05-23,"THIS TASK ORDER IS TO PURCHASE MATHWORKS MATLAB PER QUOTE # 13447486, DATED 04/15/2024.  PERIOD OF PERFORMANCE IS 07/01/2024 - 06/30/2025."
80NSSC24F0112,"THE MATHWORKS, INC.",36072.0,2024-05-22,"THIS IS A DELIVERY ORDER FOR MATHWORKS MATLAB RENEWAL FOR GSFC PER QUOTE # 13438789, DATED 04/04/2024...PERIOD OF PERFORMANCE IS 08/01/2024 THROUGH 07/31/2025."
80NSSC24F0113,"THE MATHWORKS, INC.",86364.0,2024-05-23,THIS TASK ORDER IS FOR THE MATLAB SOFTWARE MAINTENANCE RENEWAL FOR ARC PER QUOTE 13439858 DATED 04/05/2024. THE PERIOD OF PERFORMANCE IS 07/01/2024-06/30/2025.
80NSSC24F0114,"THE MATHWORKS, INC.",36047.0,2024-05-24,THIS TASK ORDER IS TO PURCHASE MATHWORKS MATLAB PER QUOTE # 13435817 DATED 04/02/2024.  PERIOD OF PERFORMANCE IS 07/01/2024 - 06/30/2025.
80NSSC24F0115,"COMSOL, INC.",145301.0,2024-05-24,THIS BPA CALL IS FOR THE RENEWAL OF COMSOL LICENSES PER QUOTE # 527685 DATED 04/26/2024. THE PERIOD OF COVERAGE IS 04/01/2024 TO DATE OF AWARD AND THE PERIOD OF PERFORMANCE IS DATE OF AWARD TO 03/31/2025.
80NSSC24F0117,"THE MATHWORKS, INC.",28369.67,2024-05-28,THIS TASK ORDER IS TO PURCHASE MATHWORKS MATLAB PER QUOTE # 13448233 DATED 04/16/2024.  PERIOD OF PERFORMANCE IS 07/01/2024 - 06/30/2025.
80NSSC24F0118,"COMSOL, INC.",15226.0,2024-05-28,THIS BPA CALL IS FOR THE RENEWAL OF COMSOL LICENSES PER QUOTE # 527270 DATED 04/08/2024...THE PERIOD OF COVERAGE IS 04/01/2024 TO DATE OF AWARD AND THE PERIOD OF PERFORMANCE IS DATE OF AWARD TO 03/31/2025.
80NSSC24F0119,"THE MATHWORKS, INC.",604382.6,2024-05-29,THIS TASK ORDER IS FOR THE RENEWAL OF MATHWORKS MATLAB FOR MSFC PER QUOTE # 13477249 DATED 05/22/2024...THE PERIOD OF PERFORMANCE IS 06/01/2024 THROUGH 05/31/2025.
80NSSC24F0120,"THE MATHWORKS, INC.",30960.0,2024-05-28,THIS TASK ORDER IS TO PURCHASE MATHWORKS MATLAB PER QUOTE # 13462948 DATED 05/03/2024...PERIOD OF PERFORMANCE IS 05/28/2024 -05/27/2025.
80NSSC24F0121,"THE MATHWORKS, INC.",2205.0,2024-05-29,THIS TASK ORDER IS TO PURCHASE MATHWORKS MATLAB PER QUOTE # 13467177 DATED 05/09/2024...PERIOD OF PERFORMANCE IS 05/29/2024 -05/28/2025.
80NSSC24F0122,"THE MATHWORKS, INC.",329695.0,2024-05-29,"THIS TASK ORDER IS TO PURCHASE MATHWORKS MATLAB PER QUOTE 050124.1EOB DATED 05/01/2024 AND QUOTE 13462637 DATED 05/03/2024. THE TOTAL OBLIGATED AMOUNT IS $329,695.00. PERIOD OF PERFORMANCE IS 07/01/2024 - 06/30/2025."
80NSSC24F0123,"THE MATHWORKS, INC.",281683.0,2024-06-05,THIS TASK ORDER IS FOR MATHWORKS MATLAB RENEWAL PER QUOTE # 13462001 DATED 05/02/2024.  THE PERIOD OF PERFORMANCE IS 08/01/2024 - 07/31/2025.
80NSSC24F0124,"THE MATHWORKS, INC.",40249.0,2024-06-05,THIS TASK ORDER IS TO PURCHASE MATHWORKS MATLAB PER QUOTE 13478963 DATED 05/24/2024...PERIOD OF PERFORMANCE IS 08/01/2024 THROUGH 07/31/2025.
80NSSC24F0125,"THE MATHWORKS, INC.",4664.0,2024-06-05,THIS TASK ORDER IS TO PURCHASE MATHWORKS MATLAB PER QUOTE13470606 DATED 05/14/2024...PERIOD OF PERFORMANCE IS 08/01/2024 THROUGH 07/31/2025.
80NSSC24F0126,"THE MATHWORKS, INC.",24126.0,2024-06-07,THIS TASK ORDER IS TO PURCHASE MATHWORKS MATLAB PER QUOTE 13448739 DATED 04/16/2024...PERIOD OF PERFORMANCE IS 08/01/2024 THROUGH 07/31/2025.
80NSSC24F0127,"COMSOL, INC.",13391.0,2024-06-07,THIS BPA CALL IS FOR THE RENEWAL OF COMSOL LICENSES PER QUOTE # 527867 DATED 05/01/2024...THE PERIOD OF PERFORMANCE IS 08/01/2024 THROUGH 07/31/2025..
80NSSC24F0128,"ANSYS GOVERNMENT INITIATIVES, LLC",92450.37,2024-06-10,"THIS BPA CALL IS TO PURCHASE THE ANSYS ANNUAL SUPPORT OF STK PRO, SATPRO, ANALYSIS WORKBENCH, STK TERRAIN, IMAGERY & MAPS, STK INTEGRATION FOR JSC PER QUOTE DT-LT-599044-C DATED 05/16/2024...THE PERIOD OF PERFORMANCE IS 06/10/2024 THROUGH 06/09/2025."
80NSSC24F0129,"THE MATHWORKS, INC.",11692.0,2024-06-11,THIS TASK ORDER IS TO PURCHASE MATHWORKS MATLAB PER QUOTE 13482056 DATED 05/29/2024...PERIOD OF PERFORMANCE IS 08/01/2024 THROUGH 07/31/2025.
80NSSC24F0131,"THE MATHWORKS, INC.",13230.0,2024-06-17,THIS TASK ORDER IS TO PURCHASE MATHWORKS MATLAB PER QUOTE 13488249 DATED 06/05/2024...PERIOD OF PERFORMANCE IS 07/01/2024 THROUGH 06/30/2025.
80NSSC24F0136,"COMSOL, INC.",10192.0,2024-06-18,THIS BPA CALL IS FOR THE RENEWAL OF COMSOL LICENSES PER QUOTE # 527868 DATED 05/01/2024...THE PERIOD OF PERFORMANCE IS 08/01/2024 THROUGH 07/31/2025.
80NSSC24F0137,"POINTWISE, INC",504916.0,2024-06-18,THIS IS BPA CALL # 12 FOR THE AGENCY-WIDE POINTWISE RENEWAL. QUOTE # O-1355980 DATED 05/27/2024 IS ATTACHED. THE PERIOD OF PERFORMANCE IS 07/01/2024 THROUGH 06/30/2025.
80NSSC24F0138,"THE MATHWORKS, INC.",11025.0,2024-06-21,THIS TASK ORDER IS TO PURCHASE MATHWORKS MATLAB PER QUOTE 13492546 DATED 06/11/2024...THE PERIOD OF PERFORMANCE IS 06/21/2024 THROUGH 06/20/2025.
80NSSC24F0139,"COMSOL, INC.",50956.0,2024-07-01,THIS BPA CALL IS FOR THE RENEWAL OF COMSOL LICENSES PER QUOTE # 529058 DATED 06/06/2024...THE PERIOD OF PERFORMANCE IS 08/01/2024-07/31/2025.
80NSSC24F0141,"THE MATHWORKS, INC.",951761.18,2024-06-27,THIS IS ORDER 369 FOR MATHWORKS MATLAB SOFTWARE MAINTENANCE AND SUPPORT RENEWAL PER THE ATTACHED QUOTE # 13463794 DATED 05/06/2024. THE PERIOD OF PERFORMANCE IS 08/01/2024 THROUGH 07/31/2025.
80NSSC24F0143,"THE MATHWORKS, INC.",915823.08,2024-06-28,"THIS IS ORDER 370 FOR MATHWORKS MATLAB SOFTWARE MAINTENANCE SUPPORT RENEWAL PER QUOTE # 13495410, DATED  06/14/2024. THE PERIOD OF PERFORMANCE IS 07/01/2024 THROUGH 06/30/2025."
80NSSC24F0144,"THE MATHWORKS, INC.",1135.0,2024-06-28,THIS TASK ORDER IS TO PURCHASE MATHWORKS MATLAB PER QUOTE 13458868 DATED 04/29/2024...THE PERIOD OF PERFORMANCE IS 09/01/2024 THROUGH 08/31/2025.
80NSSC24F0145,"COMSOL, INC.",12050.0,2024-07-01,THIS BPA CALL IS FOR THE RENEWAL OF COMSOL LICENSES PER QUOTE # 527403 DATEDM04/12/2024...THE PERIOD OF PERFORMANCE IS 07/01/2024 - 06/30/2025.
80NSSC24F0146,"THE MATHWORKS, INC.",15265.0,2024-07-03,THIS TASK ORDER IS TO PURCHASE MATHWORKS MATLAB PER QUOTE 13504351 DATED 06/26/2024...THE PERIOD OF COVERAGE IS 07/01/2024- DATE OF AWARD. THE PERIOD OF PERFORMANCE IS DATE OF AWARD TO 06/30/2025.
80NSSC24F0147,"THE MATHWORKS, INC.",6998.0,2024-07-03,THIS TASK ORDER IS TO PURCHASE MATHWORKS MATLAB PER QUOTE 13467104 DATED 05/09/2024...THE PERIOD OF PERFORMANCE IS 09/01/2024 THROUGH 08/31/2025.
80NSSC24F0148,"THE MATHWORKS, INC.",662.0,2024-07-03,THIS TASK ORDER IS TO PURCHASE MATHWORKS MATLAB PER QUOTE 13471647 DATED 05/15/2024...THE PERIOD OF PERFORMANCE IS 09/01/2024 THROUGH 08/31/2025.
80NSSC24F0149,SIEMENS INDUSTRY SOFTWARE INC.,27218.13,2024-07-03,THIS BPA CALL IS FOR SIEMENS SIMCENTER SOFTWARE PER QUOTE # 16941R00 DATED 04/08/2024...THE PERIOD OF PERFORMANCE IS 09/07/2024 THROUGH 09/06/2025.
80NSSC24F0150,COLLIER RESEARCH & DEVELOPMENT CORP,30360.0,2024-08-01,THIS BPA CALL IS FOR HYPERSIZER ACCORDING TO QUOTE # 240529B DATED 05/29/2024...THE PERIOD OF PERFORMANCE DATE IS 07/31/2024 THROUGH 07/30/2025.
80NSSC24F0151,"COMSOL, INC.",27316.0,2024-07-09,THIS BPA CALL IS FOR THE RENEWAL OF COMSOL LICENSES PER QUOTE # 529231 DATED 06/11/2024...THE PERIOD OF PERFORMANCE IS 09/01/2024 THROUGH 08/31/2025.
80NSSC24F0154,"COMSOL, INC.",39036.0,2024-07-16,THIS BPA CALL IS FOR THE RENEWAL OF COMSOL LICENSES PER QUOTE # 528564 DATED 05/21/2024...THE PERIOD OF PERFORMANCE IS 07/16/2024 THROUGH 07/15/2025.
80NSSC24F0155,"THE MATHWORKS, INC.",15228.0,2024-07-23,THIS TASK ORDER IS TO PURCHASE MATHWORKS MATLAB PER QUOTE 13500053 DATED 06/20/2024...THE PERIOD OF PERFORMANCE IS 10/01/2024 THROUGH 09/30/2025.
80NSSC24F0157,"ENVIRONMENTAL SYSTEMS RESEARCH INSTITUTE, INC.",2659.95,2024-07-24,"THIS BPA CALL IS TO PURCHASE ARCGIS ONLINE CREATOR USER TYPE ANNUAL SUBSCRIPTION PER QUOTE 26219909 DATED 06/17/2024,..THE PERIOD OF PERFORMANCE IS 09/17/2024 THROUGH 09/16/2025."
80NSSC24F0158,"THE MATHWORKS, INC.",62874.0,2024-07-23,THIS TASK ORDER IS TO PURCHASE MATHWORKS MATLAB PER QUOTE 13514077 DATED 07/09/2024...THE PERIOD OF PERFORMANCE IS 10/01/2024 THROUGH 09/30/2025.
80NSSC24F0160,"THE MATHWORKS, INC.",12288.0,2024-07-24,THIS TASK ORDER IS TO PURCHASE MATHWORKS MATLAB PER QUOTE 13497971 DATED 06/18/2024. ..THE PERIOD OF PERFORMANCE IS 10/01/2024 THROUGH 09/30/2025.
80NSSC24F0161,"POINTWISE, INC",13613.0,2024-07-25,THIS BPA CALL IS FOR FIDELITY POINTWISE PER QUOTE O-1377290 DATED 06/26/2024...THE PERIOD OF PERFORMANCE IS 08/01/2024 THROUGH 07/31/2025.
80NSSC24F0162,"COMSOL, INC.",15789.0,2024-07-30,THIS BPA CALL IS FOR THE RENEWAL OF COMSOL LICENSES PER QUOTE # 530128 DATED 07/16/2024...THE PERIOD OF PERFORMANCE IS 08/01/2024-07/31/2025.
80NSSC24F0163,"THE MATHWORKS, INC.",3795.5,2024-07-31,THIS TASK ORDER IS TO PURCHASE MATHWORKS LICENSES PER QUOTE 13486810 DATE 06/04/2024...THE PERIOD OF PERFORMANCE IS 08/01/2024-07/31/2025.
80NSSC24F0164,"THE MATHWORKS, INC.",61221.24,2024-08-05,THIS TASK ORDER IS FOR THE REINSTATEMENT OF MATHWORKS MATLAB LICENSES PER QUOTE 13472046 DATED 05/15/2024...REINSTATEMENT COVERAGE IS 12/01/2023 TO DATE OF AWARD...THE PERIOD OF PERFORMANCE IS FROM THE DATE OF AWARD THROUGH 04/30/2025.
80NSSC24F0166,LEGAL FILES SOFTWARE INC,70220.0,2024-08-06,THIS IS CALL # 7 FOR LEGAL FILES SOFTWARE AND SUPPORT PER THE ATTACHED QUOTATION DATED.06/17/2024...THE PERIOD OF PERFORMANCE IS 08/12/2024 THROUGH 08/11/2025.
80NSSC24F0167,"THE MATHWORKS, INC.",15120.0,2024-08-06,THIS TASK ORDER IS FOR MATHWORKS REINFORCEMENT LEARNING TOOLBOX (RL)...THE PERIOD OF PERFORMANCE 12 MONTHS FROM DATE OF AWARD.
80NSSC24F0168,"COMSOL, INC.",95940.0,2024-08-08,THIS BPA CALL IS TO PURCHASE COMSOL LICENSES PER QUOTE 529712 DATED 07/01/2024...THE PERIOD OF PERFORMANCE IS ONE YEAR FROM DATE OF AWARD.
80NSSC24F0169,"THE MATHWORKS, INC.",441.0,2024-08-12,THIS TASK ORDER IS FOR THE RENEWAL OF MATLAB LICENSE PER QUOTE 13526129 DATED 07/26/2024...THE PERIOD OF PERFORMANCE IS 09/01/2024-08/31/2025.
80NSSC24F0170,SIEMENS INDUSTRY SOFTWARE INC.,130270.0,2024-08-21,THIS BPA CALL IS FOR SIEMENS SOFTWARE PER QUOTE # 52578785 DATED 05/29/2025...THE PERIOD OF PERFORMANCE IS 08/30/2024-08/29/2026.
80NSSC24F0172,"THE MATHWORKS, INC.",10187.0,2024-08-16,THIS TASK ORDER IS TO PURCHASE MATHWORKS MATHLAB PER QUOTE 13517783 DATED 07/15/2024...THE PERIOD OF PERFORMANCE IS 10/01/2024-09/30/2025.
80NSSC24F0173,"COMSOL, INC.",20384.0,2024-08-21,THIS BPA CALL IS FOR THE RENEWAL OF COMSOL LICENSES PER QUOTE # 5529971 DATED 07/10/2024. .THE PERIOD OF PERFORMANCE IS 10/01/2024 THROUGH 09/30/2025.
80NSSC24F0174,"COMSOL, INC.",191374.0,2024-08-21,THIS BPA CALL IS FOR COMSOL LICENSES PER QUOTE 530340 DATED 07/25/2024...THE PERIOD OF PERFORMANCE IS 10/01/2024-09/30/2025.
80NSSC24F0176,"THE MATHWORKS, INC.",33054.0,2024-08-20,THIS TASK ORDER IS FOR MATHWORKS MATLAB LICENSE PER QUOTE 13525193 DATED 07/25/2024...THE PERIOD OF PERFORMANCE IS 10/01/2024-09/30/2025.
80NSSC24F0177,"PREVO TECHNOLOGIES, INC.",21000.0,2024-08-22,THIS BPA IS FOR DOCUBRAIN/TECHDOC 1 YEAR BASIC TERM LICENSE WITH BASIC MAINTENANCE AND SUPPORT PER QUOTE NASA-2024-0002 DATED 07/17/2024...THE PERIOD OF PERFORMANCE IS 10/01/2024-09/30/2025.
80NSSC24F0178,"PREVO TECHNOLOGIES, INC.",105000.0,2024-08-21,"THIS BPA IS FOR DOCUBRAIN/TECHDOC 1 YEAR ENTERPRISE TERM LICENSE WITH ENTERPRISE MAINTENANCE AND SUPPORT, BILLED ANNUALLY PER QUOTE NASA-2024-0001 DATED 06/03/2024. THE PERIOD OF PERFORMANCE IS 10/01/2024- 09/30/2025."
80NSSC24F0179,"THE MATHWORKS, INC.",24828.0,2024-08-21,THIS TASK ORDER IS FOR MATHWORKS MATLAB LICENSES PER QUOTE 13518986 DATED 07/16/2024...THE PERIOD OF PERFORMANCE IS 10/01/2024-09/30/2025.
80NSSC24F0180,SIEMENS INDUSTRY SOFTWARE INC.,34690.0,2024-08-21,THIS BPA CALL IS FOR SIEMEN'S SOFTWARE PER QUOTE 17600R00 DATED 05/29/2024...THE PERIOD OF PERFORMANCE IS 10/02/2024-10/01/2025.
80NSSC24F0183,"ANSYS GOVERNMENT INITIATIVES, LLC",62972.74,2024-08-22,"THIS BPA CALL IS TO PURCHASE ANSYS ANNUAL SUPPORT RENEWAL AND UPGRADES OF STK ENGINE PRO RUNTIME, STK DEVELOPER BUNDLE, STK SATPRO, AND STK ANALYSIS WORKBENCH PER QUOTE RN-LT-602399 DATED 08/22/2024.THE PERIOD OF PERFORMANCE IS 09/01/2024-08/31/2025."
80NSSC24F0184,"ANSYS GOVERNMENT INITIATIVES, LLC",14251.75,2024-08-23,THIS BPA CALL IS FOR RT3 EXTENSION FOR STK AND STK VIEWER RENEWAL ANNUAL SUPPORT AND UPGRADES PER QUOTE RN-LT-602671 DATED 08/23/2024...THE PERIOD OF PERFORMANCE IS 09/01/2024-08/31/2025.
80NSSC24F0185,"THE MATHWORKS, INC.",44101.0,2024-08-26,THIS TASK ORDER IS TO PURCHASE MATHWORKS HDL CODER (HD) PER QUOTE 13527322 DATED 07/29/2024...THE PERIOD OF PERFORMANCE IS ONE YEAR FROM DATE OF AWARD.
80NSSC24F0186,"THE MATHWORKS, INC.",136710.0,2024-08-26,THIS TASK ORDER IT TO PURCHASE MATHWORKS 5G TOOLBOX (5G) AND SIGNAL PROCESSING TOOLBOX (SG) PER QUOTE 13538172 DATED 08/13/2024...THE PERIOD OF PERFORMANCE IS ONE YEAR FROM DATE OF AWARD.
80NSSC24F0188,"THE MATHWORKS, INC.",45736.42,2024-08-29,THIS TASK ORDER IS TO PURCHASE MATHWORKS MATLAB LICENSES PER QUOTE 13515047 DATED 07/10/2024...THE PERIOD OF PERFORMANCE IS 10/01/2024-09/30/2025.
80NSSC24F0189,"THE MATHWORKS, INC.",12079.59,2024-08-29,THIS TASK ORDER IS TO PURCHASE MATLAB RENEWAL PER QUOTE 13539684 DATED 08/15/2024. THE PERIOD OF PERFORMANCE IS 10/01/2024-09/30/2025.
80NSSC24F0191,"PREVO TECHNOLOGIES, INC.",336000.0,2024-09-03,THIS IS BPA CALL ORDER # 14 FOR DOCUBRAIN/TECHDOC LICENSE AND MAINTENANCE/SUPPORT RENEWAL PER ATTACHED QUOTE # NASA-2024-0003 DATED 07/29/2024. THE PERIOD OF PERFORMANCE IS 10/01/2024 - 09/30/2025.
80NSSC24F0192,"PREVO TECHNOLOGIES, INC.",42000.0,2024-09-04,THIS BPA CALL IS TO PURCHASE DOCUBRAIN/TECHDOC 1 YEAR STANDARD TERM LICENSE WITH STANDARD MAINTENANCE AND SUPPORT PER QUOTE NASA-2024-0004 DATED 07/29/2024. ..THE PERIOD OF PERFORMANCE IS 10/01/2024-09/30/2025.
80NSSC24F0193,"THE MATHWORKS, INC.",60000.0,2024-09-05,THIS TASK ORDER IS FOR LABOR FOR 200 PERSON-HOURS AT $300/PERSON-HOUR FROM MATHWORKS PER STATEMENT OF WORK # .P16238 V2 DATED 08/15/2024...THE PERIOD OF PERFORMANCE IS ONE YEAR FROM DATE OF AWARD.
80NSSC24F0195,"THE MATHWORKS, INC.",34875.0,2024-09-13,THIS TASK ORDER IS FOR MATHWORKS MATLAB PER QUOTE 13526156 DATED 07/26/2024...PERIOD OF PERFORMANCE IS ONE YEAR FROM DATE OF AWARD.
80NSSC24F0196,"THE MATHWORKS, INC.",2205.0,2024-09-13,THIS TASK ORDER IS FOR MATHWORKS MATLAB PER QUOTE 13546792 DATED 08/26/2024...PERIOD OF PERFORMANCE IS ONE YEAR FROM DATE OF AWARD.
80NSSC24F0197,"THE MATHWORKS, INC.",33547.5,2024-09-16,THIS TASK ORDER IS FOR MATHWORKS MATLAB PER QUOTE 13554209 DATED 09/03/2024...PERIOD OF PERFORMANCE IS ONE YEAR FROM DATE OF AWARD.
80NSSC24F0198,"THE MATHWORKS, INC.",6615.0,2024-09-19,THIS TASK ORDER IS MATHWORKS MATLAB PER QUOTE # 13565606 DATED 09/16/2024...THE PERIOD OF PERFORMANCE IS ONE YEAR FROM DATE OF AWARD.
80NSSC24F0199,"THE MATHWORKS, INC.",35370.0,2024-09-19,THIS TASK ORDER IS FOR MATHWORKS MATLAB PER QUOTE # 13564279 DATED 09/13/2024...THE PERIOD OF PERFORMANCE IS ONE YEAR FROM DATE OF AWARD.
80NSSC24F0201,"ENVIRONMENTAL SYSTEMS RESEARCH INSTITUTE, INC.",3327748.0,2024-09-30,"THIS CALL ORDER IS FOR OPTION YEAR 4 FOR THE ESRI ENTERPRISE LICENSE AGREEMENT ANNUAL RENEWAL PER THE ATTACHED QUOTE # 26219976, DATED 09/19/2024...THE PERIOD OF PERFORMANCE IS 10/01/2024 - 09/30/2025."
80NSSC24FA001,"ADVANCED COMPUTER CONCEPTS, INC.",587713.18,2023-11-16,STANDALONE DO FOR REALTIME INNOVATIONS SOFTWARE MAINTENANCE RENEWAL FOR NASA KSC.
80NSSC24FA002,"THUNDERCAT TECHNOLOGY, LLC",337253.28,2023-12-27,STANDALONE DELIVERY ORDER FOR SPRINKLR SOCIAL MEDIA MANAGEMENT SOFTWARE RENEWAL.
80NSSC24FA011,CARAHSOFT TECHNOLOGY CORP,150822.99,2023-10-03,FY23 NASA OCHCO LINKEDIN WITH RECRUITING CAMPAIGN
80NSSC24FA012,"GOVSMART, INC.",2039324.46,2023-10-27,THIS TASK ORDER IS FOR THE ANNUAL NASA AGENCY-WIDE ADOBE RENEWAL.
80NSSC24FA013,IDSC HOLDINGS LLC,33951.54,2023-10-10,OT : REPLACEMENT TOOLS
80NSSC24FA014,THE ARBINGER COMPANY,30438.92,2023-10-12,TRAINING PURCHASE (GOVERNMENT WORKSHOP FACILITATOR DAY/DEVELOPING AND IMPLEMENTING AN OUTWARD MINDSET (DIOM) PARTICIPANT WORKBOOK)
80NSSC24FA015,FOUR LLC,55379.5,2023-10-04,IVANTI SUPPORT RENEWAL FY23
80NSSC24FA016,"ANSYS GOVERNMENT INITIATIVES, LLC",11175.83,2023-10-04,ANSYS STK RENEWAL
80NSSC24FA017,HUMANIT SOLUTIONS LLC,7808112.0,2023-11-15,TASK ORDER #2 - NASA CONTRACT MANAGEMENT SYSTEM (NCMS) LIFECYCLE OPTIMIZATION
80NSSC24FA018,"IDEAL SYSTEM SOLUTIONS, INC.",50000.0,2023-10-27,THIS TASK ORDER IS FOR NATIONAL INSTRUMENTS ENTERPRISE AGREEMENT PROGRAM PER THE ATTACHED QUOTE # ISSQ57985 DATED 10/17/2023. PERIOD OF PERFORMANCE IS 11/14/2023 THROUGH 11/13/2024.
80NSSC24FA019,"IDEAL SYSTEM SOLUTIONS, INC.",57250.0,2023-10-20,THIS DELIVERY ORDER IS FOR IDEAL SOLUTIONS ENTERPRISE AGREEMENT PROGRAM
80NSSC24FA020,"STANDARD-BLAZAR, LLC",17717.84,2023-10-10,HPE MSA 72TB SAS 12G MIDLINE
80NSSC24FA021,"ABBA TECHNOLOGIES, INC.",15478.95,2023-10-11,DELL 7820 WORKSTATIONS_
80NSSC24FA023,"IDEAL SYSTEM SOLUTIONS, INC.",924119.54,2023-10-13,THIS TASK ORDER IS FOR ENTERPRISE AGREEMENT PROGRAM PER ATTACHED QUOTE ISSQ57017 DATED 10/02/2023.   THE ORDER CONSISTS OF A BASE PERIOD AND TWO 1-YEAR OPTION PERIODS.
80NSSC24FA024,COLOSSAL CONTRACTING LLC,29722.34,2023-10-17,OT : COHESITY SOFTWARE & SUPPORT
80NSSC24FA025,AURORA SYSTEMS CONSULTING INC,153365.0,2023-10-11,OT : 50 PRECISION WORKSTATION 7680/DOCKS
80NSSC24FA026,"DH TECHNOLOGIES, INC.",110084.72,2023-10-11,THIS TASK ORDER IS TO OBLIGATE A 1 YEAR SUBSCRIPTION FOR VMWARE FOR MSFC
80NSSC24FA027,"DH TECHNOLOGIES, INC.",19868.96,2023-10-13,THIS TASK ORDER IS TO OBLIGATE 1 YEAR SUBSCRIPTION OF VMWARE FOR SCC
80NSSC24FA028,"FCN, INC.",860807.0,2023-12-11,THIS TASK ORDER IS FOR RED HAT LICENSES AND SUPPORT RENEWAL PER THE ATTACHED QUOTE # PAWB09252023A DATED 11/21/2023. THE PERIOD OF PERFORMANCE IS 12/15/2023 THROUGH 12/14/2024. NASA'S RED HAT SEWP CATALOG TERMS & CONDITIONS APPLY.
80NSSC24FA030,OGIS COMMUNICATION GROUP INC,10818.17,2023-10-19,TELECONFERENCING HW
80NSSC24FA031,INTERNATIONAL BUSINESS MACHINES CORPORATION,148425.0,2023-10-16,FY24 HPSS ANNUAL STANDARD SUPPORT SERVICES
80NSSC24FA033,"NEW TECH SOLUTIONS, INC.",16403.18,2023-10-16,"APPLE MACBOOK PRO LAPTOPS WITH 14"" SCREEN (QTY 6) AND 16"" SCREEN (QTY 1)"
80NSSC24FA034,PSSC LABS,209995.0,2023-10-16,PURCHASE OF A POWERWULF ACTA CLUSTER COMPUTER SOLUTION
80NSSC24FA036,"THUNDERCAT TECHNOLOGY, LLC",609253.92,2023-10-17,THIS IS A TASK ORDER FOR SERVICENOW SOFTWARE AND MAINTENANCE RENEWAL PER THE ATTACHED QUOTE # EK083223 V1 DATED 09/25/2023.  THE PERIOD OF PERFORMANCE IS 11/01/2023 THROUGH 10/31/2024.
80NSSC24FA038,"DH TECHNOLOGIES, INC.",129808.12,2023-10-16,IBM STORAGE FLASHSYSTEM 5200 - CHRISTOPHER DREYFOUS
80NSSC24FA040,THE KINETIC GROUP SALES LLC,5901.13,2023-10-24,"20,5000 ROUNDS OF 9MM LUGER 147GR G2SR (PN:Z9SR147CBO), 41 CASES X $143.93  $5,901.13"
80NSSC24FA041,TRANSOURCE SERVICES CORP.,12397.0,2023-10-30,REPLACEMENT RAID/DISK ARRAY
80NSSC24FA042,"IDEAL SYSTEM SOLUTIONS, INC.",119291.06,2023-10-26,THIS IS A DELIVERY ORDER AGAINST IDIQ CONTRACT 80NSSC21DA001.
80NSSC24FA043,ANSYS INC,18928.0,2023-10-23,THIS TASK ORDER IS MAKING A PURCHASE AGAINST THE 80NSSC22DA009 CONTRACT.
80NSSC24FA044,ANSYS INC,243315.87,2023-10-27,THIS IS A DELIVERY ORDER AGAINST IDIQ CONTRACT# 80NSSC22DA009 FOR ANSYS STK PREMIUM SPACE AND ODTK LEASES.
80NSSC24FA045,"QUID, LLC",21225.0,2023-10-26,NETBASED QUID DATA ANALYTICS
80NSSC24FA046,"ABBA TECHNOLOGIES, INC.",42825.64,2023-11-03,DELL ULTRA SHARP MONITORS AND PRECISION 3460 WORKSTATION
80NSSC24FA047,THE KINETIC GROUP SALES LLC,2140.08,2023-10-24,AMMUNITION
80NSSC24FA048,REGENCY CONSULTING INC,231420.89,2023-10-26,AFRC DELL DATA DOMAIN RENEWAL NEW SOFTWARE AND HARDWARE SERVICES PURCHASE
80NSSC24FA049,"IGOV TECHNOLOGIES, INC.",112865.0,2023-10-31,JAMA SOFTWARE FOR ARC JET MODERNIZATION GROUP SUBSCRIPTION RENEWAL.
80NSSC24FA050,"INTEGRATION TECHNOLOGIES GROUP, INC.",109650.16,2023-10-26,MICRO FOCUS SOFTWARE MAINTENANCE & SUPPORT RENEWAL
80NSSC24FA051,CONSTELLATION NEWENERGY INC,112336.0,2023-10-30,DESIGN SERVICES FOR PHASE 2 WFF ENERGY MANAGEMENT CONTROL SYSTEM UPGRADE
80NSSC24FA053,"ALLIANCE TECHNOLOGY GROUP, LLC",18409.24,2023-10-31,FORTIGATE 201F BASE APPLIANCE + SUPPORT
80NSSC24FA054,ANSYS INC,18928.0,2023-10-27,"THIS DELIVERY ORDER IS TO PURCHASE ANSYS STK PREMIUM (SPACE) PER QUOTE # RN-LT-599513-A, DATED 07/03/2023. PERIOD OF COVERAGE IS 10/01/2023 TO DATE OF AWARD. PERIOD OF PERFORMANCE IS DATE OF AWARD THROUGH 09/30/2024."
80NSSC24FA055,"DH TECHNOLOGIES, INC.",83740.8,2023-10-27,THIS TASK ORDER IS FOR ATLASSIAN SOFTWARE MAINTENANCE PER QUOTE Q-00055400 DATED 10/06/2023.
80NSSC24FA056,COLOSSAL CONTRACTING LLC,88174.63,2023-11-01,THIS IS A TASK ORDER FOR BMC HELIX IT PER THAT ATTACHED COLOSSAL CONTRACTING QUOTE # Q-46637 DATED 09/19/2023. PERIOD OF PERFORMANCE IS 01/01/2024-12/31/2024.
80NSSC24FA057,COLOSSAL CONTRACTING LLC,36872.92,2023-11-02,THIS TASK ORDER IS FOR BMC REMEDY CUSTOM APPLICATION PER QUOTE # Q-46820 DATED 09/26/2023. PERIOD OF PERFORMANCE IS 01/01/2024 TO 12/31/2024.
80NSSC24FA058,AI SOLUTIONS INC,11007.0,2023-10-31,SW - FREEFYLER
80NSSC24FA059,ANSYS INC,32640.0,2023-11-29,THIS DELIVERY ORDER IS FOR LSTC LS-DYNA LARGE SYSTEM CORE - TECS SOFTWARE LICENSE FOR GRC PER QUOTE # 1- KV3PUP DATED 11/06/2023. PERIOD OF PERFORMANCE IS 01/01/2024 -12/31/2024
80NSSC24FA060,"EXECUTIVE INFORMATION SYSTEMS, L.L.C.",20871.0,2023-10-31,SAS ANALYTICS MAINTENANCE RENEWAL
80NSSC24FA061,COLSA CORP,72270.19,2023-11-15,NTSS OCHCO VIRTUAL AGENT
80NSSC24FA062,"INTEGRATION TECHNOLOGIES GROUP, INC.",68846.87,2023-11-02,HPE TECH CARE ESSENTIAL SW
80NSSC24FA063,"SHIMADZU SCIENTIFIC INSTRUMENTS, INC.",15977.1,2023-11-02,PURCHASE OF HIGH PERFORMANCE LIQUID CHROMATOGRAPH AUTOSAMPLER.
80NSSC24FA064,SOFTWARE INFORMATION RESOURCE CORP.,203885.4,2023-11-16,OPMANTEK SOFTWARE LICENSE RENEWAL
80NSSC24FA065,"ADVANCED COMPUTER CONCEPTS, INC.",44212.36,2023-12-05,JIRA RENEWAL
80NSSC24FA066,"NEW TECH SOLUTIONS, INC.",13791.75,2023-11-02,RAID SUPPORT RENEWAL
80NSSC24FA067,CYKOR LLC,101000.44,2023-11-02,ALTERYX TRIFACTA DESIGNER CLOUD SW RENEWAL
80NSSC24FA068,"THUNDERCAT TECHNOLOGY, LLC",128603.75,2023-11-06,THIS TASK ORDER IS FOR SERVICENOW IMPLEMENTATION AT GSFC PER QUOTE # EK084259V1 DATED 10/23/2023. PERIOD OF PERFORMANCE IS 12 MONTHS FROM DATE OF AWARD
80NSSC24FA069,"FOUR POINTS TECHNOLOGY, L.L.C.",98400.0,2023-11-28,ELMT FY24 AGENCY RENEWAL FOR MAINTENANCE OF RSA SECURID TOKEN LICENSES.
80NSSC24FA070,"DH TECHNOLOGIES, INC.",20592.0,2023-11-21,THIS TASK ORDER IS FOR ATLASSIAN SOFTWARE FOR GSFC PER QUOTE # Q-00055329 DATED 11/06/2023
80NSSC24FA071,FOUR LLC,262242.0,2023-12-11,"THIS TASK ORDER IS FOR THE PURCHASE OF IBM STORAGE SCALE FOR GSFC PER QUOTE # 1216939001, DATED 10/03/2023. THE PERIOD OF PERFORMANCE IS 01/01/2024 THROUGH 12/31/2024."
80NSSC24FA072,"MINBURN TECHNOLOGY GROUP, LLC",49558.7,2023-11-07,THIS TASK ORDER IS FOR MICROSOFT LICENSES PER QUOTE # MTGNASA- MIC-04513 DATED 10/12/2023.
80NSSC24FA073,ARCHITECHTURE SOLUTIONS LLC,11449.76,2023-11-07,ATLASSIAN MARKETPLACE SOFTWARE PLUGINS FOR ATLASSIAN DATACENTER PRODUCTS
80NSSC24FA074,REGENCY CONSULTING INC,82786.52,2023-11-09,DELL STORAGE ARRAY
80NSSC24FA075,"ADVANCED COMPUTER CONCEPTS, INC.",57953.57,2023-11-07,SMARTSHEET SUBSCRIPTION RENEWAL FY23
80NSSC24FA076,FOUR LLC,10900.0,2023-11-09,THIS ORDER IS TO PURCHASE SPLUNK PROFESSIONAL SERVICES FOR GSFC FROM FOUR INC. PER QUOTE # 1217057001 DATED 10/18/2023.
80NSSC24FA077,"LYME COMPUTER SYSTEMS, INC.",25563.12,2023-11-14,DELL PRECISION 3660 TOWER WORKSTATION
80NSSC24FA078,FOUR LLC,17146.0,2023-11-17,PALO ALTO NETWORKS PRISMA CLOUD RENEWAL
80NSSC24FA079,ANSYS INC,121539.6,2023-11-08,THIS DELIVERY ORDER IS TO PURCHASE ANSYS STK AND ODTK PER QUOTE # 1-L73P4A DATED 10/06/2023
80NSSC24FA080,"NEW TECH SOLUTIONS, INC.",71230.35,2023-12-15,HPE APOLLO 6500 GEN 10 PLUS SERVER
80NSSC24FA083,ANSYS INC,56988.2,2023-11-14,THIS DELIVERY ORDER IS FOR ANSYS CFD AND HPC LICENSE RENEWAL FOR GRC PER QUOTE # 1-NUT2JK DATED 09/26/2023
80NSSC24FA084,"TRAINING & CONSULTING, LLC",249561.0,2023-11-13,SMS SHALL DEVELOP THE INITIAL PLANNING DOCUMENTS/PROCEDURES TO POTENTIALLY CONDUCT LOX/LNG TESTS
80NSSC24FA085,"4 STAR TECHNOLOGIES, INC.",521100.0,2023-11-30,THIS TASK ORDER IS TO RENEW THE ANNUAL AGENCY-WIDE MAINTENANCE AND SUPPORT FOR ACTIVID ACTIVCLIENT AND ACTIVID CREDENTIAL MANAGEMENT SYSTEM SOFTWARE LICENSES. PERIOD OF COVERAGE IS 11/26/2023 TO DATE OF AWARD. POP IS DATE OF AWARD TO 11/25/2024.
80NSSC24FA086,"MINBURN TECHNOLOGY GROUP, LLC",2211.46,2023-11-16,THIS DELIVERY ORDER IS TO PURCHASE VISUAL STUDIO PRO MSDN ALNG LSA PER QUOTE# MTG-NASA-MIC-04536 DATED 10/30/2023.
80NSSC24FA087,TRANSOURCE SERVICES CORP.,19726.0,2023-12-01,HP DESIGN JET Z9 PRINTER AND SERVICE
80NSSC24FA088,"FCN, INC.",14855.56,2023-11-20,THIS DELIVERY ORDER IS TO PURCHASE A LINUX SERVER AND HIGH AVAILABILITY PER QUOTE # PAWB10102023C DATED 11/14/2023
80NSSC24FA090,"FCN, INC.",141133.35,2023-11-17,"THIS DELIVERY ORDER IS TO PURCHASE A LINUX DATACENTER, SERVER, AND WORKSTATION PER QUOTE# PAWB10132023A, DATED 11/15/2023."
80NSSC24FA091,"GOVSMART, INC.",9992.06,2023-11-21,"THIS TASK ORDER IS TO PURCHASE ADOBE LICENSE RENEWALS PER QUOTE# GS23110114501, DATED 11/1/2023"
80NSSC24FA093,"THUNDERCAT TECHNOLOGY, LLC",0.0,2023-11-20,"THIS DELIVERY ORDER IS TO PURCHASE SAP SYBASE SUPPORT RENEWAL PER QUOTE# AB084850 V1, DATED 11/7/2023."
80NSSC24FA094,HUMANIT SOLUTIONS LLC,5955993.0,2023-12-13,TASK ORDER 3 - NASA CONTRACT MANAGEMENT SYSTEM (NCMS) LIFECYCLE OPTIMIZATION
80NSSC24FA096,"INTEGRATION TECHNOLOGIES GROUP, INC.",99221.95,2023-11-20,"PENTAHO DATA INTEGRATION PDI SUBSCRIPTION RENEWAL - MARGO BILLINGSLEY (JSC, SA4)"
80NSSC24FA097,COLUMBIA VEHICLE GROUP INC,45663.54,2023-11-20,2 LOW SPEED ELECTRIC VEHICLES
80NSSC24FA098,TRANSLATION EXCELLENCE INC.,73320.0,2023-11-22,THIS IS CALL ORDER 4 ON BPA 80NSSC22AA012 FOR SIGN LANGUAGE INTERPRETERS.
80NSSC24FA099,"LRP PUBLICATIONS, INC.",66851.0,2023-12-21,THIS TASK ORDER IS FOR THE ANNUAL CYBERFEDS SUBSCRIPTION RENEWAL PER THE ATTACHED TECHNICAL AND PRICE QUOTE DATED 12/20/2023.   THE PERIOD OF PERFORMANCE IS 01/01/2024 THROUGH 12/31/2024.
80NSSC24FA100,"PANAMERICA COMPUTERS, INC.",2606000.0,2023-11-21,THIS TASK ORDER IS FOR BOX ENTERPRISE PLUS LICENSES AND SUPPORT PER THE ATTACHED QUOTE # 61712 DATED 11/21/2023.
80NSSC24FA101,"RELIANCE RELOCATION SERVICES, INC",548560.31,2023-11-27,THIS BPA CALL PROVIDES THE VEHICLE FOR FUNDING FY24 EMPLOYEE RELOCATION SERVICES FOR ALL NASA INSTALLATIONS UNDER NASA BPA 80NSSC23AA021.
80NSSC24FA102,"GOVSMART, INC.",15750.0,2023-11-22,"THIS TASK ORDER IS TO PURCHASE ADOBE ACROBAT PRO - ON SERVER LICENSE PER QUOTE# GS23111589ACE, DATED 11/15/2023"
80NSSC24FA103,ANSYS INC,89260.0,2023-11-29,"THIS TASK ORDER IS TO PURCHASE MODEL CENTER LICENSE RENEWAL FOR LARC PER QUOTE# 1-L9E67M DATED,11/01/2023."
80NSSC24FA107,DYNAMIC SYSTEMS INC,34078.24,2023-11-28,ORACLE PREMIER SERVICES AGREEMENT RENEWAL
80NSSC24FA108,"IDEAL SYSTEM SOLUTIONS, INC.",28642.3,2023-12-06,"THIS TASK ORDER IS TO PURCHASE NATIONAL INSTRUMENTS' COMPACTDAQ SYSTEM AND MAINTENANCE FOR JSC. PER QUOTE# ISSQ58406, DATED 11/08/2023."
80NSSC24FA109,OFFICE LEADER CORP,28012.0,2023-11-28,PRICES ON QUOTE ARE ONLY VALID THROUGH MID DECEMBER. PRICES WILL INCREASE AFTER DEC 15TH.
80NSSC24FA110,METGREEN SOLUTIONS INC,29576.0,2023-12-15,IBM POWER SYSTEM S1022S
80NSSC24FA111,"GOVSMART, INC.",1017.28,2023-12-01,"THIS TASK ORDER IS TO PURCHASE ADOBE CREATIVE CLOUD ENTERPRISE TERM LICENSE PER QUOTE# GS23110798E65, DATED 11/07/2023."
80NSSC24FA112,FOUR LLC,23609.21,2023-11-29,FY24 PROOFPOINT ITM - OBSERVEIT RENEWAL
80NSSC24FA113,CELLENTIA INFORMATION TECHNOLOGY COMPANY,8564.16,2023-11-29,SAMSUNG SMART TV'S
80NSSC24FA114,TRANSOURCE SERVICES CORP.,59566.0,2023-12-04,DELL FOR GRAVITY MISSIONS TECH REFRESH
80NSSC24FA115,"NEW TECH SOLUTIONS, INC.",11183.0,2023-12-06,PROLINE JUNIPER TRANSCEIVERS AND CABLES
80NSSC24FA116,BLUE TECH INC.,590945.5,2023-12-04,FY23-FY24 BLUE TECH PIV CARDS
80NSSC24FA117,TRANSOURCE SERVICES CORP.,4683.2,2023-12-04,"REQUIREMENT: SANDISK G-RAID, MICRON SSD, STARTECH PCIE"
80NSSC24FA118,"MINBURN TECHNOLOGY GROUP, LLC",15619.27,2023-12-06,THIS TASK ORDER IS TO PURCHASE SQLSVRENTCORE SNGL LICSAPK MVL 2LIC CORELIC PER QUOTE# MTGNASA- MIC-04525 DATED 11/27/2023.
80NSSC24FA119,ANSYS INC,950000.0,2023-12-05,THIS IS ORDER # 68 FOR ANSYS STK SOFTWARE PER QUOTE # 1-O71117 DATED 12/04/2023. PERIOD OF PERFORMANCE IS 12/08/2023-12/07/2024.
80NSSC24FA120,FOUR LLC,34406.65,2023-12-06,"THIS TASK ORDER IS TO PURCHASE SPLUNK ENTERPRISE LICENSE FOR ARC PER QUOTE# 1217148003 DATED, 11/27/2023."
80NSSC24FA121,"ADVANCED COMPUTER CONCEPTS, INC.",118122.05,2023-12-05,ATLASSIAN JIRA BITBUCKET RENEWAL
80NSSC24FA122,ANSYS INC,185391.02,2023-12-06,THIS TASK ORDER IS TO PURCHASE ANSYS CFD AND HPC SOFTWARE LEASES.
80NSSC24FA124,"ADVANCED COMPUTER CONCEPTS, INC.",104756.41,2023-12-07,INSTRUCTURE CANVAS SW SUBSCRIPTION
80NSSC24FA126,SOFTWARE INFORMATION RESOURCE CORP.,2226.52,2023-12-08,NXP QORIQ T1040 DEVELOPMENT SYSTEM
80NSSC24FA127,"NEW TECH SOLUTIONS, INC.",32246.25,2023-12-11,FY24 CSS BACULA SILVER SUBSCRIPTION RENEWAL
80NSSC24FA130,"ADVANCED COMPUTER CONCEPTS, INC.",22900.8,2023-12-07,SERVICENOW LEARNING CREDITS
80NSSC24FA131,"GOVSMART, INC.",22044.69,2023-12-08,FY24 CHECKMARX RENEWAL
80NSSC24FA132,"GOVERNMENT MARKETING AND PROCUREMENT, LLC",35812.04,2023-12-08,HIGHGEAR PROFESSIONAL SERVICES AND SOFTWARE SUPPORT
80NSSC24FA133,SOFTWARE INFORMATION RESOURCE CORP.,13376.14,2023-12-12,ONE THELIO MEGA COMPUTER
80NSSC24FA134,SOFTWARE INFORMATION RESOURCE CORP.,13695.17,2023-12-18,HCL BIGFIX PATCH ADD-ON & S&S
80NSSC24FA135,ANSYS INC,1580.0,2023-12-13,"THIS TASK ORDER IS TO PURCHASE THE ANSYS DISCOVERY SIMULATION PER QUOTE# 1-O3PNH8, DATED 11/14/2023."
80NSSC24FA136,"GOVSMART, INC.",17325.0,2023-12-12,"THIS TASK ORDER IS TO PURCHASE ADOBE COLD FUSION ENTERPRISE LICENSE PER QUOTE# GS231201B9DFE, DATED 12/01/2023."
80NSSC24FA137,"FCN, INC.",14910.48,2023-12-11,"THIS DELIVERY ORDER IS TO PURCHASE RED HAT ENTERPRISE LINUX SERVER, STANDARD PER QUOTE PAWB09272023A DATED 11/28/2024."
80NSSC24FA138,"MINBURN TECHNOLOGY GROUP, LLC",308927.23,2023-12-15,THIS IS A TASK ORDER FOR MICROSOFT SOFTWARE AND SERVICES RENEWAL PER THE ATTACHED QUOTE # MTG-NASA-MIC-04668 DATED 11/13/2023.  THE PERIOD OF PERFORMANCE IS 01/01/2024-12/31/2024.
80NSSC24FA139,"MINBURN TECHNOLOGY GROUP, LLC",15003.72,2023-12-15,THIS IS A TASK ORDER FOR MICROSOFT SOFTWARE AND SERVICES RENEWAL PER THE ATTACHED QUOTE # MTG-NASA-MIC-04671 DATED 11/13/2023.
80NSSC24FA140,"GOVSMART, INC.",1017.28,2023-12-14,"THIS TASK ORDER IS FOR ADOBE CREATIVE CLOUD ENTERPRISE TERM LICENSE PER QUOTE #GS2311223A47A DATED NOVEMBER 22, 2023. THE PERIOD OF COVERAGE IS 11/24/2023 TO DATE OF AWARD. THE PERIOD OF PERFORMANCE IS DATE OF AWARD TO 10/23/2024."
80NSSC24FA143,"FCN, INC.",29336.82,2023-12-18,"THIS TASK ORDER IS TO PURCHASE RED HAT ENTERPRISE LINUX SERVER PREMIUM PER QUOTE # PAWB11092023A, DATED 12/15/2023."
80NSSC24FA144,"MINBURN TECHNOLOGY GROUP, LLC",32586.16,2023-12-15,THIS IS A TASK ORDER FOR MICROSOFT SOFTWARE AND SERVICES RENEWAL PER THE ATTACHED QUOTE # MTG-NASAMIC- 04674 DATED 11/16/2023.
80NSSC24FA145,ANSYS INC,82144.48,2023-12-13,THIS TASK ORDER IS TO PURCHASE ANSYS SOFTWARE PER QUOTE # 1-KNIMID DATED 12/12/2023. PERIOD OF PERFORMANCE IS 12/29/2023 TO 12/28/2024.
80NSSC24FA146,ANSYS INC,20900.0,2023-12-14,"THIS TASK ORDER IS TO PURCHASE A ANSYS MODEL CENTER RENEWAL FOR LARC PER QUOTE# 1- O1NL1X, DATED 11/01/2023."
80NSSC24FA147,"ENTERPRISE TECHNOLOGY SOLUTIONS, INC.",11959.14,2023-12-13,CST STUDIO SUITE PACKAGE RENEWAL POP: 03/13/2024 - 03/12/2025
80NSSC24FA148,"THUNDERCAT TECHNOLOGY, LLC",48520.0,2023-12-14,MAOF PALO ALTO FIREWALLS
80NSSC24FA149,"ADVANCED COMPUTER CONCEPTS, INC.",11434.26,2023-12-14,"MOVEIT IS A MANAGED FILE TRANSFER SOFTWARE THAT ENCRYPTS FILES AND USES SECURE FILE TRANSFER PROTOCOLS TO TRANSFER DATA WITH AUTOMATION, ANALYTICS AND FAILOVER OPTIONS."
80NSSC24FA150,"4 STAR TECHNOLOGIES, INC.",159636.26,2023-12-14,A10 NETWORKS GOLD SUPPORT PLAN RENEWAL
80NSSC24FA151,"THUNDERCAT TECHNOLOGY, LLC",7928258.79,2023-12-14,"THIS DELIVERY ORDER IS FOR SAP SECURE ENTERPRISE SUPPORT PER QUOTE AB078687 V1 DATED 11/20/2023. THE ORDER CONSISTS OF A BASE PERIOD WITH THREE (3) ONE-YEAR OPTION PERIODS. THE CURRENT OBLIGATION IS $2,505,296.98 FOR THE BASE YEAR."
80NSSC24FA153,"DH TECHNOLOGIES, INC.",14320.0,2023-12-14,NLYTE ASSET OPTIMIZER (ENTERPRISE) SUPPORT AND MAINTENANCE
80NSSC24FA154,"LYME COMPUTER SYSTEMS, INC.",5135.0,2023-12-15,"THIS TASK ORDER IS TO PURCHASE A SOLIDWORKS PREMIUM SERVICE RENEWAL PER QUOTE# 233119-SG, DATED 11/09/2023."
80NSSC24FA155,SOFTWARE INFORMATION RESOURCE CORP.,21990.18,2023-12-20,RS-T2-12 - EXT
80NSSC24FA156,"THUNDERCAT TECHNOLOGY, LLC",1259873.55,2023-12-18,THIS TASK ORDER IS FOR SERVICENOW SOFTWARE AND MAINTENANCE RENEWAL PER THE ATTACHED QUOTE # EK085659 V3 DATED 12/05/2023.THE PERIOD OF PERFORMANCE IS 12/16/2023 THROUGH 12/15/2024.
80NSSC24FA157,"LYME COMPUTER SYSTEMS, INC.",18572.16,2023-12-21,THIS TASK ORDER IS TO PURCHASE A SOLIDWORKS PREMIUM SERVICE RENEWAL PER QUOTE # 233479-LY DATED 11/20/2023. REINSTATEMENT IS INCLUDED FOR THE PERIOD OF 12/01/2023 TO DATE OF AWARD. PERIOD OF PERFORMANCE IS 12/01/2023 TO 11/30/2024.
80NSSC24FA158,"FEDDATA TECHNOLOGY SOLUTIONS, LLC",15836.16,2023-12-20,POWEREDGE SERVERS
80NSSC24FA159,BLACK & DECKER (U.S.) INC.,97308.96,2023-12-19,VIDMAR PRECONFIGURED CABINET AND WORKBENCHES FOR HANGAR
80NSSC24FA160,"ADVANCED COMPUTER CONCEPTS, INC.",2068.16,2023-12-20,"THIS TASK ORDER IS TO PURCHASE AN INTEL PARALLEL STUDIO XE COMPOSER PER QUOTE# 1150234-2, DATED 11/29/2023."
80NSSC24FA161,BAHFED CORP,13851.24,2024-01-10,OT : QUANTUM XCELLIS RENEWAL
80NSSC24FA162,"WESTWIND COMPUTER PRODUCTS, INC.",50870.4,2023-12-20,GITLAB ULTIMATE RENEWAL
80NSSC24FA163,"DH TECHNOLOGIES, INC.",313799.2,2023-12-20,THIS TASK ORDER IS FOR ATLASSIAN SOFTWARE FOR MSFC PER QUOTE # Q-00056022 DATED 12/15/2023. PERIOD OF PERFORMANCE IS 12 MONTHS FROM DATE OF AWARD.
80NSSC24FA164,"GOVSMART, INC.",12747.85,2024-01-04,APPLE MACBOOK PRO AND MAC STUDIO DESKTOP
80NSSC24FA165,"GOVSMART, INC.",1849.6,2023-12-29,"THIS TASK ORDER IS TO PURCHASE AN ADOBE CREATIVE CLOUD ENTERPRISE TERM LICENSE PER QUOTE# GS231108AF31F, DATED BY 11/08/2023. PERIOD OF PERFORMANCE IS DATE OF AWARD THROUGH 10/23/2024."
80NSSC24FA166,AURORA SYSTEMS CONSULTING INC,0.0,2023-12-20,LENEL LNL-X4420 ADVANCED DUAL READER CONTROLLER
80NSSC24FA167,"TELTRIUM, INC.",227079.97,2023-12-20,OT CODE 553 PACKAGING ENGINEERING SUPPORT
80NSSC24FA168,COLOSSAL CONTRACTING LLC,597772.69,2023-12-21,THIS DELIVERY ORDER IS FOR BMC REMEDY PER QUOTE Q-46801 DATED 09/25/2023 AND BMC HELIX PER QUOTE Q-46727 DATED 09/22/2023. THE PERIOD OF PERFORMANCE IS 01/01/2024 THROUGH 12/31/2024.
80NSSC24FA169,"KBR WYLE SERVICES, LLC",248745.0,2023-12-20,SME SUPPORT
80NSSC24FA170,"THUNDERCAT TECHNOLOGY, LLC",414102.42,2023-12-21,THIS DELIVERY ORDER IS FOR SERVICENOW IMPACT ADVANCED FOR LARC PER QUOTE EK085616 V2 DATED 12/05/2023. THE PERIOD OF COVERAGE IS 12/16/2023 TO DATE OF AWARD. THE PERIOD OF PERFORMANCE IS DATE OF AWARD TO 09/15/2024.
80NSSC24FA171,"ENTERPRISE TECHNOLOGY SOLUTIONS, INC.",51570.0,2023-12-21,GITLAB PREMIUM SELF-MANAGED 12 MONTH SUBSCRIPTION
80NSSC24FA172,CYKOR LLC,107457.99,2024-01-02,CISCO CATALYST HW LINECARDS
80NSSC24FA173,"ADVANCED COMPUTER CONCEPTS, INC.",15597.34,2024-01-10,(3) COBALT STRIKE - STANDARD LICENSE SUB
80NSSC24FA174,TRANSOURCE SERVICES CORP.,22169.88,2023-12-28,"EXTRON XTP HARDWARE SCALING RECEIVER, I/O BOARD"
80NSSC24FA176,"MINBURN TECHNOLOGY GROUP, LLC",47572.8,2023-12-28,"THIS TASK ORDER IS TO PURCHASE SIEMENS FLOMASTER FLUID SYSTEM PER QUOTE# MTG-NASA-MIC-04695, DATED 12/15/2023."
80NSSC24FA177,SOFTWARE INFORMATION RESOURCE CORP.,11653.38,2024-01-10,FY24 CLARIS FILEMAKER RENEWAL
80NSSC24FA178,"NEW TECH SOLUTIONS, INC.",48404.25,2024-01-05,WINDRIVER SUBSCRIPTION
80NSSC24FA179,"CONSTELLATION ENERGY SOLUTIONS, LLC",86791.0,2024-01-05,GSFC UESC PHASE II INVESTMENT GRADE AUDIT
80NSSC24FA180,"IDEAL SYSTEM SOLUTIONS, INC.",3475.4,2024-01-10,"THIS TASK ORDER IS TO PURCHASE NI GPIB-USB-HS,WITH NI-488.2 SOFTWARE FOR WINDOWS 7/VISTA/XP PER QUOTE# ISSQ58363, DATED 12/27/2023."
80NSSC24FA182,"MINBURN TECHNOLOGY GROUP, LLC",23527.5,2024-01-05,"THIS TASK ORDER IS TO PURCHASE MICROSOFT WINENT SOFTWARE PER QUOTE# MTG-NASA-MIC-04542, DATED 12/13/2023."
80NSSC24FA183,"DELTA AIR LINES, INC.",58000.0,2024-01-16,RATING TYPE PILOT TRAINING WITH DELTA PROFESSIONAL SERVICES
80NSSC24FA184,"ADVANCED COMPUTER CONCEPTS, INC.",29416.61,2023-12-28,THIS TASK ORDER IS TO PURCHASE INTEL ONEAPI BASE AND HPC TOOLKIT PER QUOTE # 1151094-2 DATED 12/28/2023. THE PERIOD OF PERFORMANCE IS 01/07/2024 THROUGH 01/07/2025.
80NSSC24FA186,"MINBURN TECHNOLOGY GROUP, LLC",48879.24,2024-01-05,"THIS TASK ORDER IS TO PURCHASE AN MICROSOFT SQL SERVER PER QUOTE# MTG-NASA-MIC-04708, DATED 12/13/2023."
80NSSC24FA187,IMMIXTECHNOLOGY INC,68076.0,2023-12-29,TO RENEW MSC UNDER BPA/ETD/CCRS
80NSSC24FA188,G. C. MICRO CORPORATION,9804.0,2023-12-29,RENEWAL OF UNITY SOFTWARE
80NSSC24FA190,"COUNTERTRADE PRODUCTS, INC.",129148.78,2024-01-04,DELL POWERSWITCH
80NSSC24FA191,AERO SPECIALTIES INC,107377.56,2024-01-08,PURCHASE OF TWO 45KVA POWER CARTS.
80NSSC24FA192,"IDEAL SYSTEM SOLUTIONS, INC.",11590.0,2024-01-10,"THIS DELIVERY ORDER IS TO PURCHASE AN CRIO-9048 PER QUOTE# ISSQ58703, DATED 12/18/2023."
80NSSC24FA193,"DH TECHNOLOGIES, INC.",88088.0,2024-01-10,THIS TASK ORDER IS TO PURCHASE ATLASSIAN JIRA SOFTWARE DATA CENTER MAINTENANCE PER QUOTE# Q-00057048 DATED 12/11/2023.
80NSSC24FA194,"NEW TECH SOLUTIONS, INC.",50344.0,2024-01-03,EKAHAU CONNECT SUBSCRIPTION RENEWAL
80NSSC24FA195,OGIS COMMUNICATION GROUP INC,30458.73,2024-01-19,MAINTENANCE RENEWAL FOR LIEBERT POWER DISTRIBUTION UNITS (PDUS)
80NSSC24FA196,ALVAREZ LLC,19361.38,2024-01-04,DELL 7960 WORKSTATION
80NSSC24FA197,"O'REILLY MEDIA, INC.",144046.4,2024-01-04,O'REILLY LEARNING PLATFORM
80NSSC24FA198,ACCESSAGILITY LLC,27591.9,2024-01-04,FY24 PERCONA PLATFORM - PREMIUM SUBSCRIPTION
80NSSC24FA199,"FCN, INC.",10496.56,2024-01-10,THIS TASK ORDER IS TO PURCHASE RED HAT SOFTWARE FOR HQ PER QUOTE# PAWB11172023B DATED 11/17/2023.
80NSSC24FA200,"GOVSMART, INC.",924.8,2024-01-04,"THIS TASK ORDER IS TO PURCHASE AN ADOBE CREATIVE CLOUD ENTERPRISE TERM LICENSE PER QUOTE# GS23122887E25, DATED 12/28/2023."
80NSSC24FA201,"DH TECHNOLOGIES, INC.",27232.06,2024-01-04,"ATLASSIAN/ JIRA CCP ENVIRONMENT RENEWAL - MARK SORGER (KSC, EAST2)"
80NSSC24FA202,"ADVANCED COMPUTER CONCEPTS, INC.",21945.97,2024-01-08,NAGIOS SW MAINT. RENEWAL
80NSSC24FA203,"DH TECHNOLOGIES, INC.",101432.02,2024-01-10,"THIS TASK ORDER IS TO PURCHASE ATLASSIAN JIRA, BITBUCKET, CONFLUENCE MAINTENANCE PER QUOTE# Q-00056876, DATED 12/12/2023."
80NSSC24FA204,"COUNTERTRADE PRODUCTS, INC.",42912.63,2024-01-11,DELL POWEREDGE R650 RACK SERVER
80NSSC24FA205,"COUNTERTRADE PRODUCTS, INC.",11654.44,2024-01-08,DELL PRECISION 7960 RACK WORKSTATION
80NSSC24FA206,IMMIXTECHNOLOGY INC,76801.19,2024-01-10,DELMIA SW MAINT. & SUPPORT
80NSSC24FA207,"STRATEGY CONSULTING TEAM, LLC",166500.47,2024-02-16,THE PURPOSE OF THIS AWARD TO THE NASA ENTERPRISE WIDE HUMAN CAPITAL SUPPORT SERVICES (NEHCSS) STRATEGY CONSULTING TEAM (SCT) CONTRACT 80NSSC23DA003 TASK ORDER 80NSSC24FA207 OCHCO ENTERPRISE ORGANIZATIONAL DEVELOPMENT SUPPORT SERVICES
80NSSC24FA208,"ENTERPRISE TECHNOLOGY SOLUTIONS, INC.",18946.7,2024-01-09,ULTRA SOFTWARE SUPPORT RENEWAL
80NSSC24FA209,SOCIETY OF PHOTO-OPTICAL INSTRUMENTATION ENGINEERS,130947.0,2024-01-09,NASA AGENCY-WIDE SPIE SUBSCRIPTIONS AND TOKENS. BASE YEAR 2024.
80NSSC24FA212,FOUR LLC,10495.96,2024-01-12,THIS TASK ORDER IS FOR IBM STORAGE SCALE FOR GSFC PER QUOTE 1216552001 DATED 11/06/2023. THE PERIOD OF PERFORMANCE IS 02/01/2024 THROUGH 01/31/2025.
80NSSC24FA213,ANSYS INC,29243.01,2024-01-12,THIS IS ORDER # 73 FOR ANSYS HPC PER QUOTE # 1- O44P1B DATED 01/05/2024. PERIOD OF PERFORMANCE IS 01/15/2024 THROUGH 09/29/2024.
80NSSC24FA214,REGENCY CONSULTING INC,52591.54,2024-01-10,DELL POWEREDGE R750 SERVERS
80NSSC24FA215,TRANSOURCE SERVICES CORP.,3762.0,2024-01-17,"CISCO 4 POINT TYPE 1, RACK MOUNTING KIT"
80NSSC24FA216,"ABBA TECHNOLOGIES, INC.",39696.26,2024-01-10,ALLIANCE APPLECARE OS ANNUAL SUPPORT
80NSSC24FA217,"GOVSMART, INC.",20345.6,2024-01-10,THIS TASK ORDER IS FOR ADOBE CREATIVE CLOUD ENTERPRISE TERM LICENSES FOR HQ PER QUOTE# GS24010456D0B DATED 01/04/2024.  PERIOD OF PERFORMANCE IS DATE OF AWARD THROUGH 10/23/2024.
80NSSC24FA219,"AFFIGENT, LLC",4616455.31,2024-04-10,"THIS IS AN FY24 SEWP DELIVERY ORDER FOR AN ORACLE ENTERPRISE LICENSE AGREEMENT, WHICH PROVIDES FOR AN AGENCY-WIDE PERPETUAL SOFTWARE LICENSE MAINTENANCE AND SUPPORT."
80NSSC24FA220,"DH TECHNOLOGIES, INC.",18633.47,2024-01-11,QUANTUM EXPANSION NODE WITH SUPPORT AND DISK DRIVES
80NSSC24FA221,"FCN, INC.",4088.31,2024-01-12,THIS DELIVER ORDER IS FOR RED HAT ENTERPRISE LINUX PER QUOTE PAWB12292023E DATED 01/09/2024. THE PERIOD OF PERFORMANCE IS 04/01/2024 THROUGH 03/31/2025.
80NSSC24FA222,"FCN, INC.",19642.74,2024-01-11,"THIS DELIVERY ORDER IS FOR RED HAT ENTERPRISE LINUX PER QUOTE # PAWB12272023A, DATED 12/27/2023. THE PERIOD OF PERFORMANCE IS 03/31/2024 THROUGH 03/30/2025."
80NSSC24FA223,"APPLIED DEVELOPMENT, LLC",95000.0,2024-01-11,THIS IS CALL ORDER 6 ON BPA 80NSSC22AA010 FOR SIGN LANGUAGE INTERPRETERS.
80NSSC24FA225,TECH SERVICE SOLUTIONS LLC,90905.95,2024-01-18,THSIRU - TERAHERTZ HETERODYN SPECTROMER
80NSSC24FA226,BLUE TECH INC.,162554.19,2024-01-26,"THIS TASK ORDER IS FOR THE FY24 AGENCY-WIDE RENEWAL OF ALTIUM SOFTWARE LICENSES, PER THE ATTACHED BLUE TECH QUOTE SVBQ0077647 DATED 01/26/2024. PERIOD OF PERFORMANCE IS 02/01/2024 TO 01/31/2025."
80NSSC24FA227,"THUNDERCAT TECHNOLOGY, LLC",118939.12,2024-01-11,"THIS DELIVERY ORDER IS TO PURCHASE SAP SYBASE SUPPORT RENEWAL PER QUOTE# AB084850 V1, DATED 11/7/2023."
80NSSC24FA228,ACCESSAGILITY LLC,25843.72,2024-01-17,RENDERMAN & TRACTOR RENEWAL  ELMT STANDALONE
80NSSC24FA229,"FCN, INC.",56510.82,2024-01-19,THIS TASK ORDER IS TO PURCHASE RED HAT ENTERPRISE LINUX FOR VIRTUAL DATACENTERS PER QUOTE# PAWB09122023A DATED 12/11/2023.
80NSSC24FA230,"VETERAN INFORMATION TECHNOLOGIES, LLC",37434.39,2024-02-08,IT HARDWARE - E1 CONTROLS UPGRADE
80NSSC24FA231,FOUR LLC,37220.9,2024-01-18,THIS TASK ORDER IS FOR THE PURCHASE OF IBM ENGINEERING AND RATIONAL FOR GSFC PER QUOTE 1217937001 DATED 01/08/2024. THE PERIOD OF PERFORMANCE IS 04/01/2024 THROUGH 03/31/2025.
80NSSC24FA232,"MACHINE TOOLS USA, INC.",237061.68,2024-01-17,LARC FY24 FLOW MACH 300-3015 WATERJET
80NSSC24FA233,"AMERICAN WORDATA, INC",53758.59,2024-01-16,DELL POWEREDGE R650 SERVER
80NSSC24FA234,"DH TECHNOLOGIES, INC.",86115.5,2024-01-18,THIS TASK ORDER IS FOR VMWARE FOR GSFC PER QUOTE # Q-00048173 DATED 01/04/2024. PERIOD OF PERFORMANCE IS 12 MONTHS FROM DATE OF AWARD.
80NSSC24FA235,"GOVSMART, INC.",1664.64,2024-01-22,THIS TASK ORDER IS TO PURCHASE ADOBE CREATIVE CLOUD ENTERPRISE LICENSE PER QUOTE# GS2401084F227 DATED 01/08/2024. PERIOD OF PERFORMANCE IS DATE OF AWARD THROUGH 10/24/2023.
80NSSC24FA236,"THREE WIRE SYSTEMS, LLC",13293.52,2024-01-31,OT : DELL R740 SERVER SUPPORT
80NSSC24FA237,"ATP GOV, LLC",12625.48,2024-02-26,DELL PRECISION 3660 TOWER WORKSTATIONS OR EQUIVALENT
80NSSC24FA238,"THUNDERCAT TECHNOLOGY, LLC",42832.27,2024-01-19,THIS DELIVERY ORDER IS FOR SERVICENOW FOR GSFC PER QUOTE EK086911 V1 DATED 01/10/2024. THE PERIOD OF PERFORMANCE IS 02/06/2024 THROUGH  10/31/2024.
80NSSC24FA239,ARCHITECHTURE SOLUTIONS LLC,14101.26,2024-01-19,PROSUPPORT DELL HW MAINT
80NSSC24FA240,"ADVANCED COMPUTER CONCEPTS, INC.",46657.41,2024-01-19,FY24 JAMA SUBSCRIPTION AND RENEWAL
80NSSC24FA241,"THUNDERCAT TECHNOLOGY, LLC",28093.75,2024-01-25,RUCKUS WIRELESS TRANSCEIVERS
80NSSC24FA242,JOHN WILEY & SONS INC,216024.51,2024-01-31,"THIS IS A CALL 3 OFF OF AGENCY WIDE BPA FOR JOHN WILEY &SONS, INC. FOR WILEY SUBSCRIPTION SERVICES. PERIOD OF PERFORMANCE: 02/02/2024 - 01/31/2025"
80NSSC24FA245,"LYME COMPUTER SYSTEMS, INC.",17309.57,2024-01-31,THIS TASK ORDER IS TO PURCHASE SOLIDWORKS SIMULATION PROFESSIONAL NETWORK SERVICE RENEWAL PER QUOTE# 235397- LY DATED 01/17/2024.  PERIOD OF PERFORMANCE IS 02/01/2024 - 01/31/2025.
80NSSC24FA246,"DH TECHNOLOGIES, INC.",24578.26,2024-01-23,"ATLASSIAN GLIFFY, COMALA, SCRIPTRUNNER & SCROLLPDF"
80NSSC24FA247,"ADVANCED COMPUTER CONCEPTS, INC.",134744.0,2024-02-05,OT CORE SYSTEMS 2U BUILD
80NSSC24FA248,"MINBURN TECHNOLOGY GROUP, LLC",385.71,2024-02-01,"THIS TASK ORDER IS TO PURCHASE WIN PRO VL UPGRADE 11 SLNG PER QUOTE#MTG-NASA-MIC-04739, DATED 01/18/2024."
80NSSC24FA249,"DH TECHNOLOGIES, INC.",36193.5,2024-01-25,ATLASSIAN PLUG-INS LICENSES AND RENEWAL
80NSSC24FA250,WAYGATE TECHNOLOGIES USA LP,84295.39,2024-01-25,X-59 MX BORESCOPE PROCUREMENT
80NSSC24FA251,"THUNDERCAT TECHNOLOGY, LLC",1232330.0,2024-01-29,THIS IS A TASK ORDER FOR SENTINELONE LICENSING SUBSCRIPTION AND DATA RETENTION. QUOTE JF083318 V2.1 01/11/2024  PERIOD OF PERFORMANCE: THE BASE PERIOD OF COVERAGE IS 09/28/2023 TO DATE OF AWARD THE PERIOD OF PERFORMANCE IS DATE OF AWARD TO 09/27/2024
80NSSC24FA252,ACCESSAGILITY LLC,42945.52,2024-02-01,FLEXERA FLEXNET MANAGER FOR ENGINEERING APPLICATIONS RENEWAL
80NSSC24FA253,"LYME COMPUTER SYSTEMS, INC.",45965.25,2024-01-25,DELL PRECISION 5820 TOWER WORKSTATIONS
80NSSC24FA254,"THUNDERCAT TECHNOLOGY, LLC",85690.43,2024-02-02,JUNIPER EQUIPMENT (EX4400-24T-TAA)
80NSSC24FA255,COLOSSAL CONTRACTING LLC,975.0,2024-01-26,"THIS TASK ORDER IS TO PURCHASE WOLFRAM MATHEMATICA SERVICE PLUS SUBSCRIPTION FEE PER QUOTE# Q-48458, DATED 01/08/2024."
80NSSC24FA256,TRANSOURCE SERVICES CORP.,18419.47,2024-01-30,POWEREDGE R350 SERVER
80NSSC24FA257,"LYME COMPUTER SYSTEMS, INC.",13224.13,2024-01-29,DELL IPDA DP4400S MAINTENANCE ANNUAL RENEWAL
80NSSC24FA258,"DH TECHNOLOGIES, INC.",22462.08,2024-01-30,OT : ARISTA SOFTWARE HARDWARE MAINT
80NSSC24FA259,"STAFFORD CONSULTING COMPANY, INC.",53775.0,2024-02-07,THIS CONSTITUTES BPA CALL #1 FOR VIRTUAL INSTRUCTOR-LED FAC-COR COURSE
80NSSC24FA260,IMMIXTECHNOLOGY INC,38454.11,2024-02-05,DIGIMAT MAINTENANCE RENEWAL
80NSSC24FA261,"FCN, INC.",39852.0,2024-01-29,SIMPLY NUC MOONSTONE R9 COMPUTER
80NSSC24FA262,"GOVSMART, INC.",832.32,2024-02-08,THIS TASK ORDER IS TO PURCHASE ADOBE CREATIVE CLOUD LICENSE PER QUOTE# GS24011114E9B DATED 01/11/2024.
80NSSC24FA263,REGENCY CONSULTING INC,20553.94,2024-01-30,ARISTA HARDWARE SERVICES RENEWAL
80NSSC24FA264,"REDHAWK IT SOLUTIONS, LLC",11982.35,2024-02-05,OT UBUNTU RENEWAL
80NSSC24FA265,"NEW TECH SOLUTIONS, INC.",12324.78,2024-02-05,CLICKSHARE CX-30 (QTY 2) AND CX-50 (QTY 3) TELECONFERENCING HARDWARE
80NSSC24FA266,"GARTNER, INC.",33549.0,2024-01-30,GARTNER SERVICES RENEWAL STANDALONE
80NSSC24FA267,"TYLER FEDERAL, LLC",38000.47,2024-01-30,SOCRATA MAINTENANCE AND SOFTWARE RENEWAL
80NSSC24FA268,CARAHSOFT TECHNOLOGY CORP,2207852.49,2024-01-30,THIS IS A DELIVERY ORDER FOR THE AGENCY-WIDE RENEWAL OF SALESFORCE PRODUCTS AND SERVICES PER THE ATTACHED SALESFORCE QUOTE 42229959 DATED 01/19/2024 AND TABLEAU QUOTE 37567941 DATED 01/24/2024. PERIOD OF PERFORMANCE IS 02/01/2024 - 01/31/2025.
80NSSC24FA269,"ADVANCED COMPUTER CONCEPTS, INC.",283747.64,2024-01-31,THIS IS A TASK ORDER FOR THE FY24 RENEWAL OF RSA ARCHER AND ASSOCIATED SERVICES PER THE ATTACHED QUOTE # 1153304-1 DATED 01/29/2024.
80NSSC24FA270,SPATIAL INTEGRATED SYSTEMS INC,66422.63,2024-01-31,SW - NX UGS
80NSSC24FA271,"GOVSMART, INC.",10909.2,2024-02-08,NETAPP SUPPORT RENEWAL EXTENSION UNTIL 5/31/2024
80NSSC24FA272,GOVERNMENT ACQUISITIONS INC,142979.04,2024-02-06,DELL PRECISION 5860 TOWER XCTO BASE
80NSSC24FA274,SOFTWARE INFORMATION RESOURCE CORP.,10332.39,2024-02-06,RAIDSERV SUPPORT SERVICE
80NSSC24FA275,"FCN, INC.",291792.92,2024-02-05,THIS TASK ORDER IS FOR RED HAT LICENSES AND SUPPORT RENEWAL PER THE ATTACHED QUOTE # PAWB01042024B DATED 01/11/2024.
80NSSC24FA276,"FCN, INC.",15771.9,2024-02-05,THIS TASK ORDER IS TO PURCHASE RED HAT ENTERPRISE LINUX SOFTWARE MAINTENANCE PER QUOTE# PAWB01312023E DATED 01/11/2024.
80NSSC24FA277,"FCN, INC.",10544.0,2024-02-08,VEEAM DATA PLATFORM ADVANCED UNIVERSAL  SUBSCRIPTION LICENSE
80NSSC24FA278,ACCESSAGILITY LLC,24684.08,2024-02-08,ANACONDA SITE LICENSE RENEWAL
80NSSC24FA279,GREENBRIER GOVERNMENT SOLUTIONS INC,63837.25,2024-02-08,FY24 TANIUM SUBSCRIPTION RENEWAL
80NSSC24FA281,"FCN, INC.",26898.14,2024-02-08,THIS TASK ORDER IS TO PURCHASE A RED HAT RENEWAL FOR GSFC PER QUOTE# PAWB01112024A DATED 01/11/2024.
80NSSC24FA282,"4 STAR TECHNOLOGIES, INC.",181323.53,2024-02-20,RENEWAL OF QUALYS/CLOUD SOFTWARE
80NSSC24FA283,"V3GATE, LLC",14907.9,2024-03-07,THIS TASK ORDER IS TO PURCHASE LIFERAY DEVELOPER SUBSCRIPTION PER QUOTE# 1226415001 DATED 03/01/2024.
80NSSC24FA284,AGILENT TECHNOLOGIES INC,69980.72,2024-02-09,AGILENT CARY 4000 UV-VIS BUNDLE
80NSSC24FA285,"V3GATE, LLC",159679.86,2024-02-13,ORACLE HARDWARE & MAINTENANCE
80NSSC24FA286,"MINBURN TECHNOLOGY GROUP, LLC",23258.88,2024-02-23,THIS TASK ORDER IS TO PURCHASE MICROSOFT SECURITY LICENSES FOR GSFC PER QUOTE# MTG-NASA-MIC-04745 DATED 01/23/2024.
80NSSC24FA287,"NEW TECH SOLUTIONS, INC.",31139.0,2024-02-15,OT : NT-ELITE-AMD-RIPPER WORKSTATION
80NSSC24FA288,"STRATEGY CONSULTING TEAM, LLC",309868.4,2024-02-20,80NSSC24FA288 - 2025 NASA NEXT LEADERSHIP DEVELOPMENT PROGRAM
80NSSC24FA289,"LYME COMPUTER SYSTEMS, INC.",18916.93,2024-02-15,THIS TASK ORDER IS TO PURCHASE A SOLIDWORKS SOFTWARE RENEWAL PER QUOTE# 235022-JR DATED 01/05/2024.  PERIOD OF PERFORMANCE IS 12 MONTHS FROM DATE OF AWARD.
80NSSC24FA290,"NATIONAL QUALITY ASSURANCE - U.S.A., INC.",8653.12,2024-02-29,THE PURPOSE OF THIS TASK ORDER IS TO PERFORM A 9001 2ND SURVEILLANCE AUDIT AT KENNEDY SPACE CENTER.
80NSSC24FA291,"NATIONAL QUALITY ASSURANCE - U.S.A., INC.",7892.13,2024-02-21,THE PURPOSE OF THIS TASK ORDER IS TO PERFORM A 9001 SURVEILLANCE AUDIT AT NASA'S SSC FACILITY.
80NSSC24FA292,"DH TECHNOLOGIES, INC.",10524.8,2024-02-13,THIS TASK ORDER IS TO PURCHASE ATLASSIAN DATA CENTER SOFTWARE MAINTENANCE PER QUOTE# Q-00057938 DATED 01/24/2024.
80NSSC24FA293,OGIS COMMUNICATION GROUP INC,29750.39,2024-02-13,VOUND INTELLA SOFTWARE MAINTENANCE
80NSSC24FA294,OGIS COMMUNICATION GROUP INC,11235.34,2024-02-14,FY24 VECTORCAST LICENSE MAINTENANCE RENEWAL
80NSSC24FA295,FEDERAL RESOURCES CORPORATION,58320.0,2024-02-23,THIS TASK ORDER IS TO PURCHASE SKYHIGH SECURITY CLOUD FOR ARC PER QUOTE# 122490002 DATED 12/4/2023.  PERIOD OF PERFORMANCE IS 02/23/2024 - 02/18/2025.
80NSSC24FA296,REGENCY CONSULTING INC,18987.56,2024-02-15,SOLARWINDS RENWAL
80NSSC24FA298,"DH TECHNOLOGIES, INC.",54111.2,2024-02-15,THIS TASK ORDER IS TO PURCHASE ATLASSIAN MAINTENANCE RENEWAL PER QUOTE# Q-00057867 DATED 02/14/2024.  PERIOD OF PERFORMANCE IS 02/15/2024 - 02/15/2025.
80NSSC24FA299,"AMERICAN WORDATA, INC",68981.54,2024-02-16,TOSHIBA AND KIOXIA HARD DRIVE
80NSSC24FA301,"V3GATE, LLC",42373.47,2024-02-16,THIS TASK ORDER IS TO PURCHASE A LIFERAY SOFTWARE RENEWAL PER QUOTE# 1226235001 DATED 01/18/2024.
80NSSC24FA302,BLUE TECH INC.,229849.53,2024-02-20,SIEMENS STAR CCM PRODUCTS
80NSSC24FA303,REWIRE LEADERSHIP INSTITUTE,38418.15,2024-02-16,THE HUMAN ELEMENT WORKSHOP
80NSSC24FA304,COLOSSAL CONTRACTING LLC,499993.8,2024-02-21,THIS TASK ORDER IS FOR THE ANNUAL LICENSE RENEWAL OF CRIBL SOFTWARE PER QUOTE Q-49042 DATED 02/02/2024 IN SUPPORT OF THE ECL TEAM AND NASA KENNEDY SPACE CENTER. THE PERIOD OF PERFORMANCE IS 03/09/2024 THROUGH 03/08/2025.
80NSSC24FA305,DATALOCK CONSULTING GROUP LLC,160014.42,2024-02-20,TO PROVIDE PERSONAL IDENTITY VERIFICATION /DERIVED CREDENTIALS ASSESSMENT SERVICES SUPPORT
80NSSC24FA306,"GOVSMART, INC.",78093.84,2024-02-20,SOLARWINDS RENEWAL 2/22/2024 - 4/26/2025
80NSSC24FA307,"NEW TECH SOLUTIONS, INC.",27572.8,2024-02-26,VEEAM SW UPGRADE/RENEWAL 2/27/24 - 2/26/25
80NSSC24FA308,TECHANAX LLC,56599.5,2024-02-22,SDV 3RD PARTY MAINTENANCE RENEWAL
80NSSC24FA309,"MINBURN TECHNOLOGY GROUP, LLC",16585.95,2024-03-07,"THIS TASK ORDER IS TO PURCHASE VISUAL STUDIO PRO PER QUOTE # MTG-NASA-MIC-04761, DATED 01/31/2024. THE PERIOD OF PERFORMANCE IS 12 MONTHS FROM DATE OF AWARD WITH TWO YEARS OF SOFTWARE ASSURANCE. MAINTENANCE WILL NEED TO BE RENEWED ON XX/XX/2027."
80NSSC24FA310,"LYME COMPUTER SYSTEMS, INC.",4313.88,2024-02-22,"THIS TASK ORDER IS TO PURCHASE SOLIDWORKS RENEWAL PER QUOTE # 235481-SG, DATED 01-19-2024.  PERIOD OF PERFORMANCE IS 04/01/2024 THROUGH 03/31/2025."
80NSSC24FA311,"NEW TECH SOLUTIONS, INC.",19125.0,2024-02-20,RENEWAL OF DOCKERV SOFTWARE LICENSE
80NSSC24FA312,"INTEGRATION TECHNOLOGIES GROUP, INC.",16262.0,2024-02-22,FY24 OPEN TEXT ENCASE FORENSIC RENEWAL
80NSSC24FA314,"FCN, INC.",49007.0,2024-02-21,MAINTENANCE RENEWAL FOR SFA7701
80NSSC24FA316,"GOVERNMENT RETIREMENT & BENEFITS, INC.",174678.0,2024-02-22,THE GRB FULL PLATFORM IS A COMPLETE SOFTWARE-AS-A-SERVICE (SAAS) CLOUD-BASED FEDERAL RETIREMENT AND BENEFITS ADMINISTRATION SOLUTION THAT MEETS THE GOALS AND OBJECTIVES OF THE HR LINE OF BUSINESS (HRLOB).
80NSSC24FA317,"NEW TECH SOLUTIONS, INC.",54102.86,2024-03-06,FY24 ASANA ENTERPRISE RENEWAL
80NSSC24FA319,"4 STAR TECHNOLOGIES, INC.",26352.67,2024-02-26,FY24 DRUVA SOFTWARE RENEWAL
80NSSC24FA320,"DH TECHNOLOGIES, INC.",122980.0,2024-02-27,"THIS TASK ORDER IS TO PURCHASE JIRA, CRUCIBLE & CONFLUENCE MAINTENANCE PER QUOTE# Q-00059131, DATED 02/06/2024. PERIOD OF COVERAGE IS 02/14/2024 - DATE OF AWARD. PERIOD OF PERFORMANCE IS DATE OF AWARD - 02/14/2025."
80NSSC24FA321,"SEVENTH SENSE, LLC",47373.18,2024-02-28,CALL ORDER FOR CONTINUITY OF CLOSEOUT SERVICES UNDER AGENCYWIDE ACQUISITION SUPPORT SERVICES (AWASS) 2.0 BLANKET PURCHASE AGREEMENT (BPA) 80NSSC24AA016.
80NSSC24FA322,"DH TECHNOLOGIES, INC.",32718.4,2024-02-27,"THIS TASK ORDER IS TO PURCHASE JIRA SERVICE DESK PER QUOTE# Q-00059117, DATED 02/22/2024.  PERIOD OF PERFORMANCE IS 12 MONTHS FROM DATE OF AWARD."
80NSSC24FA323,AURORA SYSTEMS CONSULTING INC,82505.61,2024-03-21,(40 DELL SERVERS
80NSSC24FA324,"MINBURN TECHNOLOGY GROUP, LLC",21814.68,2024-03-06,"THIS TASK ORDER IS TO PURCHASE MICROSOFT VISUAL STUDIO LICENSES PER QUOTE# MTG-NASAMIC- 04737, DATED 01/18/2024. THE PERIOD OF PERFORMANCE IS 12 MONTHS FROM DATE OF AWARD WITH TWO YEARS OF SOFTWARE ASSURANCE."
80NSSC24FA325,METGREEN SOLUTIONS INC,54625.0,2024-02-28,SYMANTEC WEB PROTECTION SUITE SUBSCRIPTION RENEWAL
80NSSC24FA326,"DH TECHNOLOGIES, INC.",92435.2,2024-02-28,"THIS TASK ORDER IS FOR ATLASSIAN SOFTWARE MAINTENANCE PER QUOTE# Q-00057672, DATED 02/27/2024.  PERIOD OF PERFORMANCE IS 12 MONTHS FROM DATE OF AWARD."
80NSSC24FA327,METGREEN SOLUTIONS INC,220781.0,2024-02-28,FY24 MCAFEE RENEWAL
80NSSC24FA328,PARAGON MICRO INC,85608.0,2024-02-27,6 HIGH-END CUSTOMIZED HP Z8 G5 WORKSTATION DESKTOP SYSTEMS
80NSSC24FA329,"DH TECHNOLOGIES, INC.",11270.26,2024-02-28,CCS CLOUD ATLASSIAN JIRA SOFTWARE LICENSE
80NSSC24FA330,GOVERNMENT SCIENTIFIC SOURCE INC,17477.06,2024-02-28,KEYENCE VH-Z500T ZOOM LENS AND ACCESSORIES
80NSSC24FA331,"COUNTERTRADE PRODUCTS, INC.",68345.94,2024-03-08,(3) DELL POWEREDGE R750 RACK SERVERS
80NSSC24FA332,"NEW TECH SOLUTIONS, INC.",27541.04,2024-02-28,DELL EMC NW SOFTWARE MAINTENANCE FY24
80NSSC24FA333,"MINBURN TECHNOLOGY GROUP, LLC",22145.58,2024-02-28,"THIS TASK ORDER IS TO PURCHASE MICROSOFT WINDOW SERVERS LICENSES PER QUOTE# MTG-NASA-MIC-04752, DATED 01/29/2024. PERIOD OF PERFORMANCE 12 MONTHS FROM DATE OF AWARD."
80NSSC24FA334,"INTEGRATION TECHNOLOGIES GROUP, INC.",8728.53,2024-03-05,HPE HARDWARE SUPPORT
80NSSC24FA335,ALVAREZ LLC,20398.6,2024-02-29,AXIS CAMERAS
80NSSC24FA336,"THUNDERCAT TECHNOLOGY, LLC",18700.0,2024-02-28,"GITLAB PREMIUM, SELF-MANAGED SUBSCRIPTION"
80NSSC24FA337,"DH TECHNOLOGIES, INC.",37393.72,2024-02-28,FY24 ER DIVISION ATLASSIAN RENEWAL
80NSSC24FA338,IMMIXTECHNOLOGY INC,167120.42,2024-02-28,ABAQUS SOFTWARE LICENSE RENEWAL
80NSSC24FA339,"LYME COMPUTER SYSTEMS, INC.",55537.24,2024-03-01,"THIS TASK ORDER IS TO PURCHASE SOLIDWORKS SUBSCRIPTION SERVICES RENEWAL PER QUOTE# 235390-SG, DATED 01/17/2024.  PERIOD OF PERFORMANCE IS 04/01/2024 - 03/31/2025."
80NSSC24FA340,"LYME COMPUTER SYSTEMS, INC.",11146.97,2024-02-29,TO RENEW EMC/LEGATO/ETD
80NSSC24FA342,"DH TECHNOLOGIES, INC.",14323.61,2024-03-18,"THIS TASK ORDER IS TO PURCHASE ATLASSIAN JIRA SOFTWARE RENEWAL PER QUOTE# Q-00056174, DATED 03/11/2024. PERIOD OF PERFORMANCE IS DATE OF AWARD THROUGH 06/07/2024."
80NSSC24FA343,"GARTNER, INC.",243599.98,2024-02-29,GARTNER / AETC PARTNERSHIP RENEWAL
80NSSC24FA344,"ADVANCED COMPUTER CONCEPTS, INC.",17435.51,2024-03-01,REQUIREMENT: INVICTI ENTERPRISE - ON PREMISE ELMT STANDALONE
80NSSC24FA345,"MINBURN TECHNOLOGY GROUP, LLC",839648.71,2024-03-01,THIS TASK ORDER IS FOR MICROSOFT SOFTWARE AND SERVICES RENEWAL PER ATTACHED QUOTE MTG-NASA-MIC-04729 DATED 02/25/2024. THE ORDER CONSISTS OF A BASE PERIOD AND TWO ONE-YEAR OPTION PERIODS.
80NSSC24FA346,"DH TECHNOLOGIES, INC.",10410.4,2024-03-07,"THIS TASK ORDER IS TO PURCHASE ATLASSIAN JIRA SOFTWARE RENEWAL PER QUOTE# Q-00057729, DATED 02/12/2024.  PERIOD OF PERFORMANCE IS 12 MONTHS AFTER DATE  OF AWARD."
80NSSC24FA347,"HEALTHEQUITY, INC.",149889.81,2024-03-01,THIS IS A TASK ORDER FOR HC FSA ACCOUNTS & DC FSA ACCOUNTS.
80NSSC24FA348,"DH TECHNOLOGIES, INC.",24710.4,2024-03-01,"THIS TASK ORDER IS TO PURCHASE ATLASSIAN JIRA, CONFLUENCE, BAMBOO, BITBUCKET SOFTWARE RENEWAL PER QUOTE# Q-00059000, DATED 03/01/2024. PERIOD OF PERFORMANCE IS 12 MONTHS AFTER DATE OF AWARD."
80NSSC24FA349,APOLLO SUNGUARD SYSTEMS INC,41014.9,2024-03-01,CHARGEPOINT - ELECTRIC VEHICLE CHARGING STATIONS
80NSSC24FA350,"DH TECHNOLOGIES, INC.",18876.0,2024-03-01,"THIS TASK ORDER IS TO PURCHASE ATLASSIAN JIRA, CONFLUENCE, BAMBOO, BITBUCKET SOFTWARE RENEWAL PER QUOTE# Q-00058025, DATED 03/01/2024.  PERIOD OF PERFORMANCE IS 03/10/2024 - 03/10/2025."
80NSSC24FA351,COLOSSAL CONTRACTING LLC,975.0,2024-03-05,"THIS TASK ORDER IS TO PURCHASE WOLFRAM MATHEMATICA SERVICE PLUS SUBSCRIPTION FEE PER QUOTE# Q-49075, DATED 03/04/2024.  PERIOD OF PERFORMANCE IS 03/29/2024- 03/28/2025."
80NSSC24FA352,"DH TECHNOLOGIES, INC.",96096.0,2024-03-05,"THIS TASK ORDER IS TO PURCHASE ATLASSIAN TECHNICAL ACCOUNT MANAGEMENT RENEWAL PER QUOTE# Q-00059545, DATED 02/13/2024.  PERIOD OF PERFORMANCE IS 12 MONTHS FROM DATE OF AWARD."
80NSSC24FA353,"PANAMERICA COMPUTERS, INC.",20535.1,2024-03-05,DELL WORKSTATIONS
80NSSC24FA354,"B-LINE EXPRESS, INC.",13667.0,2024-03-06,B-LINE CAREER PATH MAINTENANCE
80NSSC24FA356,"DH TECHNOLOGIES, INC.",10410.4,2024-03-06,"THIS TASK ORDER IS TO PURCHASE ATLASSIAN JIRA CONFLUENCE RENEWAL PER QUOTE#Q-00059939, DATED 02/21/2024. PERIOD OF PERFORMANCE IS 12 MONTHS FROM DATE OF AWARD."
80NSSC24FA357,BAHFED CORP,1117541.36,2024-03-08,"THIS IS A FIRM-FIXED PRICE TASK ORDER FOR THE FY24 AGENCY WIDE RENEWAL OF AUTODESK SUBSCRIPTION SOFTWARE AND SERVICES PER ATTACHED QUOTE # 118415 DATED 02/23/2024.  PERIOD OF PERFORMANCE: 03/18/2024 - 03/17/2025 TOTAL OBLIGATED AMOUNT: $1,117,541.36"
80NSSC24FA358,VAISALA INC.,21286.78,2024-03-13,FY24 VAISALA TWX300 RENEWAL
80NSSC24FA360,"COUNTERTRADE PRODUCTS, INC.",26170.54,2024-03-08,DELL POWEREDGE R760XS SERVER
80NSSC24FA515,"THREE WIRE SYSTEMS, LLC",25497.45,2024-04-22,DELL POWERSWITCHES
80NSSC24FA516,DELL FEDERAL SYSTEMS L.P,48599.91,2024-04-22,DELL UNITY XT FIELD RACKS
80NSSC24FA517,"ENERGYCAP, LLC",144723.06,2024-04-25,UTILITY SERVICES ALLOCATION SYSTEM (USAS) POP 06/01/2024 - 05/31/2025
80NSSC24FA518,"ENTERPRISE TECHNOLOGY SOLUTIONS, INC.",12637.6,2024-04-19,SPECTRAGUARD RENEWAL
80NSSC24FA519,OGIS COMMUNICATION GROUP INC,10523.86,2024-04-23,DECISIONTOOLS SUITE INDUSTRY DESKTOP SUBSCRIPTION
80NSSC24FA520,"MINBURN TECHNOLOGY GROUP, LLC",167093.44,2024-04-23,THIS TASK ORDER IS FOR THE RENEWAL OF MICROSOFT WIN ENTERPRISE DEVICE AND WIN SERVER STANDARD CORE FOR KSC PER QUOTE MTG-NASA-MIC-04692 DATED 04/19/2024. THE PERIOD OF PERFORMANCE IS 12 MONTHS FROM DATE OF AWARD.
80NSSC24FA521,ANSYS INC,206278.8,2024-04-30,"THIS TASK ORDER IS FOR THE SOFTWARE RENEWAL OF ANSYS STK ENTERPRISE, PREMIUM SPACE AND PRO PER QUOTE,1-M11LXF, DATED 04/29/2024."
80NSSC24FA523,"FCN, INC.",13526.46,2024-04-22,"THIS TASK ORDER IS FOR RED HAT ENTERPRISE LINUX SERVER ENTRY LEVEL, SELF-SUPPORT RENEWAL PER QUOTE PAWB03252024B DATED 03/25/2024. THE PERIOD OF PERFORMANCE IS 04/23/2024 TO 04/22/2025."
80NSSC24FA525,"RIOS PARTNERS, LLC",284436.06,2024-06-05,CALL ORDER 1 UNDER CMSS SUPPORT SERVICES MULTIPLE AWARD BPAS FOR OCFO COST TRANSFORMATION.
80NSSC24FA526,ACCESSAGILITY LLC,25386.88,2024-04-22,FY24 ATA SUITE TOKEN RENEWAL
80NSSC24FA527,"MINBURN TECHNOLOGY GROUP, LLC",52059.34,2024-04-23,THIS TASK ORDER IS FOR THE RENEWAL OF MICROSOFT PRODUCTS FOR JSC PER QUOTE MTG-NASA-MIC-04680 DATED 03/27/2024. THE PERIOD OF PERFORMANCE IS 05/01/2024 - 04/30/2025
80NSSC24FA528,BLUE TECH INC.,20823.3,2024-04-22,SPECTRAGUARD NEXT BUSINESS DAY ON SITE SUPPORT
80NSSC24FA529,"DH TECHNOLOGIES, INC.",12190.08,2024-04-23,"THIS TASK ORDER IS FOR VMWARE FOR JSC PER QUOTE # Q-00061632, DATED 04/05/2024. PERIOD OF PERFORMANCE IS 12 MONTHS FROM DATE OF AWARD."
80NSSC24FA530,"DH TECHNOLOGIES, INC.",30216.96,2024-04-23,"THIS TASK ORDER IS FOR VMWARE CLOUD FORMATION FOR JSC PER QUOTE Q-00061682, DATED 04/19/2024."
80NSSC24FA532,"IDEAL SYSTEM SOLUTIONS, INC.",10055.73,2024-04-24,"THIS DELIVER ORDER IS TO PURCHASE NI PXI EXPRESS CHASS PER QUOTE # ISSQ59537, DATED 04/23/2024."
80NSSC24FA533,"NEW TECH SOLUTIONS, INC.",80891.71,2024-04-23,ALFRESCO CONTENT SERVICES ENTERPRISE SUBSCRIPTION RENEWAL POP 06/24/2024 - 06/23/2025.
80NSSC24FA534,"STAFFORD CONSULTING COMPANY, INC.",34770.0,2024-04-24,"THIS CONSTITUTES BPA CALL #3 PER THE ATTACHED PRICE QUOTE DATED 04/19/2024,"
80NSSC24FA535,ANSYS INC,615227.4,2024-04-25,"THIS IS ORDER # 81 FOR ANSYS SOFTWARE FOR GSFC PER QUOTE # 1-M4L6ZI, DATED 03/07/2024. THE PERIOD OF PERFORMANCE IS 05/01/2024 TO 04/30/2025."
80NSSC24FA536,"DH TECHNOLOGIES, INC.",40268.8,2024-04-25,"THIS TASK ORDER IS FOR JIRA SOFTWARE JIRAD100 FOR GRC PER QUOTE, Q00059802, DATED 04/23/2024."
80NSSC24FA537,"IDEAL SYSTEM SOLUTIONS, INC.",14433.08,2024-04-26,THIS TASK ORDER IS FOR THE RENEWAL OF LABVIEW STANDARD SERVICE PROGRAM PRODUCTS FOR JSC PER QUOTE ISSQ59770 DATED 04/08/2024.
80NSSC24FA538,"NEW TECH SOLUTIONS, INC.",58608.0,2024-04-24,ALTAIR SW RENEWAL
80NSSC24FA539,ANSYS INC,108338.48,2024-04-26,THIS TASK ORDER IS TO PURCHASE A ANSYS CHARGE PLUS RENEWAL FOR MSFS PER QUOTE#1-JW07OC DATED 03/15/2024.
80NSSC24FA540,"MINBURN TECHNOLOGY GROUP, LLC",88985.28,2024-04-30,THIS TASK ORDER IS FOR THE RENEWAL OF MICROSOFT PRODUCTS FOR GSFC PER QUOTE MTG-NASA-MIC-04792 DATED 03/28/2024.
80NSSC24FA541,"GOVSMART, INC.",41136.11,2024-05-01,NETAPP MINI SAS & DISK SHELF
80NSSC24FA542,"V3GATE, LLC",29872.24,2024-04-26,OKTA LICENSE RENEWAL MAINTENANCE
80NSSC24FA543,AI SOLUTIONS INC,66216.0,2024-04-26,RENRW FREE FLYER
80NSSC24FA545,THE COMPUTER WORKSHOP INC,33960.0,2024-04-25,COMPUTER WORKSHOP MS OFFICE COURSE OFFERINGS
80NSSC24FA546,"ABBA TECHNOLOGIES, INC.",45366.99,2024-04-26,DELL POWEREDGE R650 RACK SERVER
80NSSC24FA547,ANSYS INC,737531.1,2024-05-02,"THIS DELIVERY ORDER RENEWS MAINTENANCE AND SUPPORT FOR PERPETUAL AUTOCAD SOFTWARE LICENSES IN-USE AT MULTIPLE CENTERS AND FOR AGENCY WIDE THERMAL DESKTOP, SINDA FLUINT, RADCAD, FLOCAD, AND SPACECLAIM ENGINEERING SOFTWARE LICENSES."
80NSSC24FA548,"STANDARD-BLAZAR, LLC",166867.38,2024-04-29,DELL POWEREDGE R660 SERVER
80NSSC24FA549,KPAUL PROPERTIES LLC,10357.89,2024-05-01,REQUIREMENT: RAIDSERV RENEWAL
80NSSC24FA550,"DH TECHNOLOGIES, INC.",49249.2,2024-04-26,"THIS TASK ORDER IS TO PURCHASE ATLASSIAN SOFTWARE SYSTEMS RENEWAL PER QUOTE # Q-00062012, DATED 04/17/2024."
80NSSC24FA551,"BRYCE SPACE AND TECHNOLOGY, LLC",2428142.9,2024-04-29,BPA CALL ORDER 2 UNDER CMSS SUPPORT SERVICES MULTIPLE AWARD BPAS FOR CMSS CYBERSECURITY POLICY.
80NSSC24FA552,"ENTERPRISE TECHNOLOGY SOLUTIONS, INC.",24057.65,2024-05-01,TYLER EEO ANNUAL SUPPORT & UPGRADE SUBSCRIPTION
80NSSC24FA553,"REDHAWK IT SOLUTIONS, LLC",105839.82,2024-04-29,CELLEBRITE RENEWALS
80NSSC24FA554,"COUNTERTRADE PRODUCTS, INC.",97412.6,2024-05-20,DELL POWEREDGE R7625 SERVER
80NSSC24FA555,TRANSOURCE SERVICES CORP.,33600.0,2024-04-29,LENEL LNL-X4420 DUAL READER CONTROLLER
80NSSC24FA556,REGENCY CONSULTING INC,11374.0,2024-05-03,SYMANTEC ENDPOINT ENCRYPTION & FILE SHARE ENCRYPTION SUBSCRIPTION
80NSSC24FA557,ANSYS INC,46733.51,2024-04-30,THIS IS ORDER #83 FOR ANSYS SOFTWARE FOR GRC PER QUOTE # 1-OLYLAP DATED 04/01/2024. THE PERIOD OF PERFORMANCE IS 05/01/2024 THROUGH 04/30/2025.
80NSSC24FA558,"THREE WIRE SYSTEMS, LLC",17400.0,2024-05-09,STOR- ONE SOFTWARE RENEWAL
80NSSC24FA559,"MINBURN TECHNOLOGY GROUP, LLC",183483.0,2024-04-30,THIS TASK ORDER IS FOR MICROSOFT RENEWAL OF GITHUB ENTERPRISE PER QUOTE # MTG-NASA-MIC-04824 DATED 03/18/2024. THE PERIOD OF PERFORMANCE IS 05/01/2024 THROUGH 04/30/2025.
80NSSC24FA561,"MINBURN TECHNOLOGY GROUP, LLC",228000.0,2024-04-30,"THIS TASK ORDER IS FOR MICROSOFT RENEWAL OF O365 EXTRA FILE STORAGE PER QUOTE #MTG-NASA-MIC-04840, DATED 04/24/2024."
80NSSC24FA562,"DH TECHNOLOGIES, INC.",44044.0,2024-04-30,THIS TASK ORDER IS FOR ATLASSIAN SOFTWARE RENEWAL FOR ARC PER QUOTE # Q-00061476 DATED 04/02/2024. THE PERIOD OF PERFORMANCE IS 12 MONTHS FROM DATE OF AWARD.
80NSSC24FA564,"FOUR POINTS TECHNOLOGY, L.L.C.",28533.6,2024-05-01,OVERLEAF SOFTWARE RENEWL
80NSSC24FA565,"MINBURN TECHNOLOGY GROUP, LLC",67372.42,2024-05-01,"THIS TASK ORDER IS FOR MICROSOFT HQ RENEWAL PER QUOTE # MTG-NASA-MIC-04491-OY1, DATED 03/14/2024."
80NSSC24FA567,"IDEAL SYSTEM SOLUTIONS, INC.",1733.37,2024-05-20,"THIS PROGRAM IS TO PURCHASE NATIONAL INSTRUMENTS OPC SERVERS SUBSCRIPTION LICENSE FOR GSFC PER QUOTE # ISSQ59946, DATED 04/25/2024. PERIOD OF PERFORMANCE IS 08/11/2024 TO 08/10/2025."
80NSSC24FA568,"NEW TECH SOLUTIONS, INC.",11378.85,2024-05-01,JT TRANSLATOR SOFTWARE RENEWAL
80NSSC24FA569,INTERNATIONAL BUSINESS MACHINES CORPORATION,194999.0,2024-05-01,HPSS ANNUAL STANDARD SUPPORT SERVICES FY24
80NSSC24FA570,COLOSSAL CONTRACTING LLC,56054.29,2024-05-02,COMMVAULT SOFTWARE LICENSE MAINTENANCE RENEWAL
80NSSC24FA571,"FCN, INC.",53235.0,2024-05-03,"THIS TASK ORDER IS FOR THE RENEWAL OF RED HAT ANSIBLE AUTOMATION PLATFORM, PREMIUM, CONFIRMED STATESIDE SUPPORT PER QUOTE PAWB01262024A, DATED 03/12/2024."
80NSSC24FA572,"THUNDERCAT TECHNOLOGY, LLC",45995.84,2024-05-02,"JUNIPER NETWORK SRX1600, SDIL FIREWALL UPGRADE"
80NSSC24FA573,"NEW TECH SOLUTIONS, INC.",31680.0,2024-05-06,CFIS RENEWAL
80NSSC24FA574,"DH TECHNOLOGIES, INC.",92664.0,2024-05-06,"THIS TASK ORDER IS FOR ATLASSIAN SOFTWARE RENEWAL FOR MSFC PER QUOTE # Q-00062110, DATED 04/19/2024."
80NSSC24FA575,"UNICOM GOVERNMENT, INC.",27926.28,2024-05-14,WOLFSPEED XM3 INVERTERS-300 KW INVERTERKIT FOR XM3 CPM3
80NSSC24FA576,ALVAREZ LLC,17021.69,2024-05-07,MELLANOX INFINIBAND QSFP56 MANAGED SWITCH
80NSSC24FA578,"NEW TECH SOLUTIONS, INC.",11214.9,2024-05-06,RAMS GATEWAY NX MACH SIEMENS SW MAINT
80NSSC24FA580,"MINBURN TECHNOLOGY GROUP, LLC",20020.0,2024-05-06,THIS TASK ORDER IS FOR MICROSOFT GSFC RENEWAL PER QUOTE MTG-NASA-MIC-04875 DATED 04/22/2024. THE PERIOD OF PERFORMANCE IS 12 MONTHS FROM DATE OF AWARD WITH TWO YEARS OF SOFTWARE ASSURANCE. MAINTENANCE WILL NEED TO BE RENEWED ON 05/05/2027.
80NSSC24FA581,FOUR LLC,0.0,2024-05-06,"THIS TASK ORDER IS FOR THE RENEWAL OF IBM SOFTWARE FOR JSC PER QUOTE 1219578001, DATED 04/15/2024."
80NSSC24FA582,"NATIONAL QUALITY ASSURANCE - U.S.A., INC.",12276.9,2024-05-14,THE PURPOSE OF THIS TASK ORDER IS TO PERFORM AN ISO AUDIT AT WSTF'S NASA FACILITY
80NSSC24FA583,REGENCY CONSULTING INC,89032.65,2024-05-28,LARC WIRELESS CONFERENCE SYSTEM
80NSSC24FA584,"MINBURN TECHNOLOGY GROUP, LLC",126638.02,2024-05-06,THIS TASK ORDER IS FOR MICROSOFT HQ RENEWAL PER QUOTE # MTG-NASA-MIC-04877 DATED 04/23/2024. THE PERIOD OF PERFORMANCE IS 12 MONTHS FROM DATE OF AWARD WITH TWO YEARS OF SOFTWARE ASSURANCE. MAINTENANCE WILL NEED TO BE RENEWED ON 05/05/2027.
80NSSC24FA586,"IDEAL SYSTEM SOLUTIONS, INC.",15714.57,2024-05-07,"THIS TASK ORDER IS TO PURCHASE NATIONAL INSTRUMENTS SERVICE PROGRAM FOR HARDWARE FOR LARC PER QUOTE # ISSQ59924, DATED 04/23/2024."
80NSSC24FA587,STRUERS INC,66603.72,2024-05-07,PRECISION CUTTING MACHINE
80NSSC24FA588,"MINBURN TECHNOLOGY GROUP, LLC",26287.62,2024-05-06,"THIS TASK ORDER IS FOR ADDITIONAL MICROSOFT JSC LICENSES PER QUOTE, MTG-NASA-MIC-04853, DATED 4/11/2024. THE PERIOD OF PERFORMANCE IS 5/6/2024-5/5/2025 WITH TWO YEARS OF SOFTWARE ASSURANCE. MAINTENANCE WILL BE RENEWED 5/5/2027."
80NSSC24FA589,"NEW TECH SOLUTIONS, INC.",47838.88,2024-05-08,FY24 MAGNET FORENSICS RENEWAL
80NSSC24FA590,DISTRIBUTED TECHNOLOGY GROUP LLC,7081.19,2024-05-07,"THIS TASK ORDER IS TO PURCHASE CREO VIEW MASSIVE ASSEMBLY SUBSCRIPTION PER QUOTE# 12124001, DATED 04/26/2024.    PERIOD OF PERFORMANCE IS 05/07/2024-05/06/2025."
80NSSC24FA591,"FOUR POINTS TECHNOLOGY, L.L.C.",14421.75,2024-05-07,"THIS TASK ORDER IS TO PURCHASE RSA SECURID SOFTWARE TOKEN SEEDS PER QUOTE # 114384-1, DATED 04/24/2024. PERIOD OF PERFORMANCE IS 12 MONTHS FROM DATE OF AWARD."
80NSSC24FA592,"MINBURN TECHNOLOGY GROUP, LLC",38899.92,2024-05-06,THIS TASK ORDER IS FOR MICROSOFT MSFC ENEWAL PER QUOTE MTG-NASA-MIC-04829 DATED 05/06/2024. THE PERIOD OF PERFORMANCE IS 05/07/2024-05/06/2025.
80NSSC24FA593,"NEW TECH SOLUTIONS, INC.",12015.0,2024-05-08,TO RENEW FORTIFY/ETD
80NSSC24FA594,"BETTER DIRECT, LLC",10401.26,2024-05-08,HP Z8 G5 WORKSTATION
80NSSC24FA595,"NEW TECH SOLUTIONS, INC.",15766.92,2024-05-15,FY24 EXTERRO
80NSSC24FA596,"FCN, INC.",69679.56,2024-05-13,"THIS TASK ORDER IS FOR RED HAT ENTERPRISE LINUX SERVER RENEWAL PER QUOTE PAWB05082024A, DATED 05/08/2024.  THE PERIOD OF PERFORMANCE IS 05/31/2024-05/30/2025."
80NSSC24FA597,"ENTERPRISE TECHNOLOGY SOLUTIONS, INC.",12231.31,2024-05-08,ALDEC RENEWAL 7/1/24 - 6/30/25
80NSSC24FA598,"NEW TECH SOLUTIONS, INC.",22347.38,2024-05-16,DELL EMC RENEWAL 3/18/24 - 3/17/25
80NSSC24FA599,"ENTERPRISE TECHNOLOGY SOLUTIONS, INC.",41108.86,2024-05-09,RARITAN SYNCHRONIZED EXTENDED WARRANTY
80NSSC24FA600,FOUR LLC,42582.86,2024-05-10,THIS TASK ORDER IS FOR THE PURCHASE OF IBM TRIRIGA REPORTING SOFTWARE SUBSCRIPTIONS & SUPPORT FOR HQ PER QUOTE # 1218901004.  THE PERIOD OF PERFORMANCE IS 12 MONTHS FROM DATE OF AWARD.
80NSSC24FA601,OGIS COMMUNICATION GROUP INC,12800.0,2024-05-09,"(2) SHARP E988 98"" ULTRA HIGH DEFINITION COMMERCIAL DISPLAYS"
80NSSC24FA602,"NEW TECH SOLUTIONS, INC.",49314.24,2024-05-09,DELL POWER EDGE R750 SERVERS
80NSSC24FA603,"STANDARD-BLAZAR, LLC",172013.1,2024-05-13,ASDC - CERES PROCESSING HARDWARE - DELL POWEREDGE R660
80NSSC24FA604,"TYLER FEDERAL, LLC",76449.67,2024-05-09,SOCRATA MAINTENANCE AND SOFTWARE RENEWAL.
80NSSC24FA605,"FCN, INC.",20309.23,2024-05-09,"THIS TASK ORDER IS FOR RED HAT ENTERPRISE LINUX SERVER RENEWAL PER QUOTE PAWB03142024C, DATED 05/09/2024. THE PERIOD OF PERFORMANCE IS 04/02/2024-06/30/2025."
80NSSC24FA606,"GOVSMART, INC.",12100.44,2024-05-09,NETAPP HARDWARE MAINTENANCE RENEWAL
80NSSC24FA607,"DH TECHNOLOGIES, INC.",29438.14,2024-05-10,FY24 JIRA LICENSE ADD-ONS
80NSSC24FA608,I3 FEDERAL LLC,45000.0,2024-05-14,PURCHASE OF APC SMART-UPS
80NSSC24FA609,"NEW TECH SOLUTIONS, INC.",62453.16,2024-05-10,FY24 ASDC BACULA SOFTARE SUBSCRIPTION RENEWAL
80NSSC24FA610,COLOSSAL CONTRACTING LLC,78263.46,2024-05-15,MMOC NETAPP SUPPORT RENEWAL
80NSSC24FA611,METGREEN SOLUTIONS INC,66516.0,2024-05-15,FY24 VERITAS NETBACKUP SUPPORT RENEWAL
80NSSC24FA612,"NEW TECH SOLUTIONS, INC.",37615.74,2024-05-15,MAGNET AXIOM TERM SUBSCRIPTION FY24
80NSSC24FA614,"REGIS & ASSOCIATES, PC",89762.18,2024-06-17,TO 64 TO ACQUIRE INCURRED COST AUDIT SERVICES IN SUPPORT OF NASA'S COGNIZANT FEDERAL AGENCY OFFICE MANDATES.
80NSSC24FA617,ARCHITECHTURE SOLUTIONS LLC,12508.1,2024-05-16,FY24 SDIL - EMBARCADERO RAD STUDIO PRO SUPPORT RENEWAL
80NSSC24FA618,"MINBURN TECHNOLOGY GROUP, LLC",23375.91,2024-05-14,THIS TASK ORDER IS FOR MICROSOFT JSC RENEWAL PER QUOTE MTG-NASA-MIC-04833.  THE PERIOD OF PERFORMANCE 07/14/2024 THROUGH 07/13/2025.
80NSSC24FA619,"NEW TECH SOLUTIONS, INC.",10475.5,2024-05-14,SECRET SERVER
80NSSC24FA620,ACCESSAGILITY LLC,33283.2,2024-05-14,FY24 ZAERO SUITE RENEWAL
80NSSC24FA622,"NEW TECH SOLUTIONS, INC.",171270.31,2024-05-21,NI ENTERPRISE AGREEMENT PROGRAM YEAR 1
80NSSC24FA623,"MINBURN TECHNOLOGY GROUP, LLC",36973.24,2024-05-14,"THIS TASK ORDER IS FOR MICROSOFT MSFC RENEWAL PER QUOTE MTG-NASA-MIC-04789, DATED 04/23/2024. THE PERIOD OF COVERAGE IS 05/01/2024-04/30/2025. THE PERIOD OF PERFORMANCE IS 05/14/2024-04/30/2025."
80NSSC24FA624,"V3GATE, LLC",17620.11,2024-05-15,VMRAY SUBSCRIPTIONS
80NSSC24FA625,OGIS COMMUNICATION GROUP INC,12379.74,2024-05-16,TIME CODE SWITCH
80NSSC24FA627,"NEW TECH SOLUTIONS, INC.",64496.18,2024-05-14,FY24 UBUNTU RENEWA
80NSSC24FA628,FOUR LLC,97704.08,2024-05-14,THIS TASK ORDER IS TO PURCHASE SPLUNK ASSIGNED EXPERT SERVICE PER QUOTE # 1219578001 DATED 04/15/2024. THE PERIOD OF PERFORMANCE IS 12 MONTHS FROM DATE OF AWARD.
80NSSC24FA629,BLUE TECH INC.,10651.35,2024-05-14,NETZOOM ENTERPRISE 1 READ-WRITE USER
80NSSC24FA630,"INTEGRATION TECHNOLOGIES GROUP, INC.",45319.64,2024-05-15,VERITAS NETBACKUP APPLIANCE MAINT. RENEWAL
80NSSC24FA632,"ALLIANCE TECHNOLOGY GROUP, LLC",8653.68,2024-05-20,FORTINET RENEWAL
80NSSC24FA633,"TECHNICAL COMMUNITIES, INC.",81795.0,2024-05-17,GEN60-167-LAN-3P208 TDK-LAMBDA AMERICAS
80NSSC24FA634,"REDHAWK IT SOLUTIONS, LLC",11766.75,2024-05-20,FY24 AUTOCAD LT 2024
80NSSC24FA635,"THUNDERCAT TECHNOLOGY, LLC",9302.4,2024-05-28,(8) JUNIPER  QSFP TRANSCEIVERS
80NSSC24FA636,"STRATEGY CONSULTING TEAM, LLC",245122.22,2024-05-21,TASK ORDER 80NSSC24FA636 IS FOR THE NASA EMERGING LEADERS PROGRAM (NELP) IN ACCORDANCE WITH CONTRACT TERMS AND CONDITIONS FOR THE NASA OFFICE OF THE CHIEF HUMAN CAPITAL OFFICER (OCHCO)(NEHCSS) CONTRACT # 80NSSC23DA003
80NSSC24FA638,"ENTERPRISE TECHNOLOGY SOLUTIONS, INC.",79073.4,2024-05-20,IRG DELL WORKSTATIONS
80NSSC24FA639,"EXECUTIVE INFORMATION SYSTEMS, L.L.C.",39294.0,2024-05-20,JMP LIVE WHEN ON-PREMISES - ANNUAL FEE
80NSSC24FA640,"NEW TECH SOLUTIONS, INC.",16816.83,2024-05-21,TO RENEW SYSAID
80NSSC24FA641,AURORA SYSTEMS CONSULTING INC,173233.8,2024-06-17,CITM: DELL EMC POWER SWITCHES 54148F-ON SWITCHES
80NSSC24FA642,"WILDFLOWER INTERNATIONAL, LTD.",47500.0,2024-05-17,"VXWORKS 7 LICENSE RENEWAL VXWORKS 21.07 AND EARLIER, SUBSCRIPTION"
80NSSC24FA643,"LYME COMPUTER SYSTEMS, INC.",1661.43,2024-05-17,"THIS TASK ORDER IS TO PURCHASE SOLIDWORKS PREMIUM SERVICE RENEWAL PER QUOTE # 239376-SG, DATED 04/23/2024."
80NSSC24FA645,TRANSLATION EXCELLENCE INC.,18717.67,2024-06-11,THIS IS CALL ORDER 7 UNDER THE SLI PROGRAM FOR SIGN LANGUAGE INTERPRETERS.  POP: 06/11/2024-06/10/2025
80NSSC24FA646,ANSYS INC,15642.3,2024-05-20,"THIS TASK ORDER IS TO PURCHASE TECS/ANNUAL - ANSYS DISCOVERY MODELING, MECHANICAL ENTERPRISE, AND HPC PER QUOTE # 1-M7GG1E, DATED 04/08/2024. THE PERIOD OF PERFORMANCE IS 07/01/2024 - 06/30/2025."
80NSSC24FA647,"EXECUTIVE INFORMATION SYSTEMS, L.L.C.",15033.0,2024-05-21,PCJMP AND JMP PRO MAINTENANCE
80NSSC24FA648,"FCN, INC.",17206.0,2024-05-20,THIS TASK ORDER IS FOR RED HAT ENTERPRISE LINUX SERVER RENEWAL PER QUOTE PAWB04162024A DATED 04/16/2024.  THE PERIOD OF PERFORMANCE IS 05/24/2024-09/30/2024.
80NSSC24FA649,"ENTERPRISE TECHNOLOGY SOLUTIONS, INC.",43938.12,2024-05-20,NINTEX WORKFLOW (ENTERPRISE) & NINTEX FORMS (ENTERPRISE) RENEWAL FY24
80NSSC24FA650,"FCN, INC.",72401.93,2024-05-20,"THIS TASK ORDER IS FOR REDHAT ENTERPRISE LINUX SERVER RENEWAL PER QUOTE # PAWB04192024A, DATED 5/20/2024. THE PERIOD OF PERFORMANCE IS 8/8/2024 TO 8/7/2025."
80NSSC24FA651,"AMERICAN MATERIAL HANDLING, INC.",78032.0,2024-05-21,FORKLIFTS
80NSSC24FA652,"ALLIANCE TECHNOLOGY GROUP, LLC",22850.44,2024-05-20,FY24 HPE UPDATES AND SERVICE RENEWAL
80NSSC24FA653,ARCHITECHTURE SOLUTIONS LLC,50247.23,2024-05-20,ATLASSIAN MP ITEMS RENEWAL
80NSSC24FA654,"ADVANCED COMPUTER CONCEPTS, INC.",33227.7,2024-05-20,CRFS RFEYE SOFTWARE SUPPORT
80NSSC24FA656,FOUR LLC,45318.0,2024-05-20,"THIS TASK ORDER IS TO PURCHASE IBM TOKENS PER QUOTE # 1219065001, DATED 04/17/2024. THE PERIOD OF PERFORMANCE IS 24 MONTHS FROM DATE OF AWARD."
80NSSC24FA657,FOUR LLC,21091.49,2024-05-21,FY24 PROOFPOINT MAINTENANCE RENEWAL
80NSSC24FA658,DYNAMIC SYSTEMS INC,48229.07,2024-05-21,ORACLE PREMIER SUPPORT SERVICES AGREEMENT RENEWAL
80NSSC24FA659,"STANDARD-BLAZAR, LLC",29801.36,2024-05-21,SPECTRA TERAPACK BUNDLE
80NSSC24FA660,COLOSSAL CONTRACTING LLC,119047.56,2024-05-29,"FY24 NETAPP E2812, FAS8200A, AND A220 SUPPORT RENEWAL"
80NSSC24FA661,"COUNTERTRADE PRODUCTS, INC.",20013.32,2024-05-21,DELL LTO-9 TAPE DRIVES
80NSSC24FA662,ANSYS INC,14881.96,2024-05-22,"THIS TASK ORDER IS TO PURCHASE ANSYS ELECTRONICS PREMIUM HFSS - TECS PER QUOTE # 1-NFW00Z, DATED 02/07/2024.  THE PERIOD OF PERFORMANCE IS 06/30/2024 - 06/29/2025."
80NSSC24FA663,"THUNDERCAT TECHNOLOGY, LLC",22231.05,2024-05-21,THIS TASK ORDER IS FOR SAP SECURE ENTERPRISE SUPPORT PER QUOTE AB090824 V1 DATED 04/02/2024.  THE PERIOD OF PERFORMANCE IS 06/30/2024 - 06/29/2025.
80NSSC24FA664,"DH TECHNOLOGIES, INC.",13041.6,2024-05-22,"THIS TASK ORDER IS FOR ATLASSIAN SOFTWARE RENEWAL FOR GSFC PER QUOTE # Q-00060165, DATED 05/14/2024.  THE PERIOD OF PERFORMANCE IS 05/22/2024-05/22/2025."
80NSSC24FA665,CARAHSOFT TECHNOLOGY CORP,10815.12,2024-05-21,DELL WARRANTY EXTENSION FOR HYPERVISORS
80NSSC24FA666,OGIS COMMUNICATION GROUP INC,70866.94,2024-05-22,SINGLEWIRE INFORMACAST ADVANCED NOTIFICATION RENEWAL
80NSSC24FA669,CGTECH,68850.0,2024-05-22,THIS TASK ORDER IS FOR THE VERICUT MAINTENANCE RENEWAL FOR LRC PER QUOTE 00244550 DATED 04/05/2024.  THE PERIOD OF PERFORMANCE IS 06/04/2024 - 06/03/2025.
80NSSC24FA670,"LYME COMPUTER SYSTEMS, INC.",13440.44,2024-05-24,"THIS TASK ORDER IS FOR THE PURCHASE OF SOLIDWORKS PROFESSIONAL NETWORK, PREMIUM NETWORK, AND SIMULATION PROFESSIONAL NETWORK SERVICES PER QUOTE # 239166-LY DATED 04/18/2024. PERIOD OF PERFORMANCE IS 07/01/2024 - 06/30/2025."
80NSSC24FA671,ACCESSAGILITY LLC,18342.52,2024-05-22,FY24 LIVEACTION OMNIPEEK SUPPORT AND MAINTENANCE RENEWAL
80NSSC24FA672,"INTEGRATION TECHNOLOGIES GROUP, INC.",41788.02,2024-05-23,FY24 ELASTICSEARCH LICENSE RENEWAL
80NSSC24FA673,METGREEN SOLUTIONS INC,12984.53,2024-05-23,VERITAS NETBACKUP APPLIANCE & ESSENTIAL APPLIANCE SUPPORT RENEWAL
80NSSC24FA674,COSMED USA INC,92330.38,2024-05-28,"2 UNITS - K5 WEARABLE METABOLIC TECHNOLOGY WITH ECG, AND SPO2"
80NSSC24FA675,"COUNTERTRADE PRODUCTS, INC.",38458.77,2024-05-23,GITLAB ADDITIONAL LICENSES
80NSSC24FA676,"FCN, INC.",10761.96,2024-05-28,THIS TASK ORDER IS FOR RED HAT ENTERPRISE LINUX FOR VIRTUAL DATACENTERS RENEWAL PER QUOTE # PAWB04202024L DATED 05/24/2024. THE PERIOD OF PERFORMANCE IS 07/06/2024 - 07/05/2025.
80NSSC24FA677,"GOVSMART, INC.",25054.8,2024-05-24,SOLAR WINDS RENEWAL
80NSSC24FA678,"ADVANCED COMPUTER CONCEPTS, INC.",33619.39,2024-05-28,AXIS CAMERAS
80NSSC24FA679,ANSYS INC,133497.21,2024-05-29,THIS TASK ORDER IS TO PURCHASE ANSYS STK PREMIUM SPACE FOR JSC PER QUOTE # 1-OOL96B DATED 04/30/2024. THE PERIOD OF PERFORMANCE IS 07/01/2024 - 06/30/2025.
80NSSC24FA680,VARI SALES CORP,149520.03,2024-05-29,"FURNITURE DESIGN, DELIVERY AND INSTALLATION"
80NSSC24FA681,ANSYS INC,105296.11,2024-05-28,"THIS TASK ORDER IS TO PURCHASE ANSYS STK PREMIUM SPACE, STK PRO, STK SOLIS, AND STK ENTERPRISE FOR MSFC PER QUOTE # Q-187302 DATED 05/21/2024. THE PERIOD OF PERFORMANCE IS 06/01/2024 - 05/31/2025."
80NSSC24FA682,"NEW TECH SOLUTIONS, INC.",18129.5,2024-05-30,TILE FLOW SOFTWARE MAINT.
80NSSC24FA683,"ENTERPRISE TECHNOLOGY SOLUTIONS, INC.",17773.92,2024-05-29,FY24 OBSERVEIT RENEWAL
80NSSC24FA684,DS GOVERNMENT SOLUTIONS CORP,20410.61,2024-05-29,THIS TASK ORDER IS TO PURCHASE DS SOFTWARE RENEWAL PER QUOTE# RN0001039385 DATED 05/15/2024. PERIOD OF PERFORMANCE IS 07/13/2024-07/12/2025.
80NSSC24FA685,"NEW TECH SOLUTIONS, INC.",29678.85,2024-05-30,FLASHPOINT INTELLIGENCE PLATFORM SUBSCRIPTION RENEWAL
80NSSC24FA686,AURORA SYSTEMS CONSULTING INC,22376.91,2024-05-30,APPLE MAC BOOKS
80NSSC24FA687,ANSYS INC,1067304.73,2024-05-30,THIS TASK ORDER IS FOR ANSYS SOFTWARE RENEWAL PER QUOTE # Q-98455 DATED 05/23/2024. THE PERIOD OF PERFORMANCE IS 06/01/2024 - 05/31/2025.
80NSSC24FA688,ANSYS INC,217118.91,2024-05-31,"THIS TASK ORDER IS TO PURCHASE ANSYS CFD PREMIUM, GEOMETRY INTERFACE, HPC WORKGROUP, DISCOVERY MODELING AND CFD ENTERPRISE FOR JSC PER QUOTE # Q-100844 DATED 05/08/2024. THE PERIOD OF PERFORMANCE IS 07/15/2024 - 07/14/2025."
80NSSC24FA689,"WHITAKER BROTHERS BUSINESS MACHINES, INC.",10999.0,2024-06-10,HD DEGAUSSER
80NSSC24FA690,"CTG FEDERAL, LLC",28101.29,2024-06-10,EXFO FTBX-945 FIBER CERTIFIER OLTS
80NSSC24FA692,"LYME COMPUTER SYSTEMS, INC.",132818.0,2024-05-30,DELL 7680 LAPTOPS
80NSSC24FA693,"THUNDERCAT TECHNOLOGY, LLC",57412.0,2024-05-30,TALENT NEURON REGIONAL AND ADD ONS
80NSSC24FA695,"NEW TECH SOLUTIONS, INC.",120934.01,2024-05-31,SIEMENS SIMCENTER RENEWAL
80NSSC24FA696,ALVAREZ LLC,53400.0,2024-05-30,"THIS IS A SOFTWARE LICENSE RENEWAL FOR HQ OCFO, A PERFORMANCE MANAGEMENT TRACKING SOFTWARE WE USE TO TRACK THE AGENCY'S PERFORMANCE GOALS THAT GET REPORTED TO OMB AND CONGRESS."
80NSSC24FA697,"MINBURN TECHNOLOGY GROUP, LLC",12040.92,2024-05-31,THIS TASK ORDER IS FOR VISUAL STUDIO PRO AND MDSN PLATFORMS PER QUOTE MTG-NASA MIC-04897 DATED 05/08/2024. THE PERIOD OF PERFORMANCE IS 05/31/2024 -05/30/2025 WITH TWO YEARS OF SOFTWARE ASSURANCE. MAINTENANCE WILL NEED TO BE RENEWED ON 05/29/2027
80NSSC24FA698,"ADVANCED COMPUTER CONCEPTS, INC.",102586.76,2024-05-31,PALO ALTO RENEWAL FY24
80NSSC24FA699,"NEW TECH SOLUTIONS, INC.",91414.37,2024-05-31,TRUESIGHT SERVER AND TRUESIGHT SMART REPORTING
80NSSC24FA700,"FCN, INC.",61320.0,2024-06-18,OT : RAID PRODUCTS
80NSSC24FA701,"AFFIGENT, LLC",19889.6,2024-05-31,FY24 MYSQL ENTERPRISE EDITION SUBSCRIPTION RENEWAL
80NSSC24FA702,GOVERNMENT ACQUISITIONS INC,11886.43,2024-05-31,SUPERSERVER
80NSSC24FA704,WRIGGLESWORTH ENTERPRISES INC,23864.0,2024-05-31,RESCUE LITTERS
80NSSC24FA705,"COUNTERTRADE PRODUCTS, INC.",23199.56,2024-06-03,"DELL ULTRASHARP 34"" CURVED USB-C HUB MONITORS"
80NSSC24FA706,"COUNTERTRADE PRODUCTS, INC.",48867.48,2024-06-03,NEXSAN STORAGE ARRAY OR EQUIVALENT
80NSSC24FA708,"MINBURN TECHNOLOGY GROUP, LLC",18244.24,2024-06-05,THIS TASK ORDER IS FOR THE RENEWAL OF MICROSOFT SOFTWARE APPLICATIONS PER QUOTE MTG-NASA-MIC-04907 DATED 05/14/2025. THE PERIOD OF PERFORMANCE IS 6/03/2024-6/02/2025 WITH 2 YEARS OF SOFTWARE ASSURANCE.MAINTENANCE WILL NEED TO BE RENEWED ON 6/02/2027.
80NSSC24FA709,"FCN, INC.",18351.36,2024-06-03,THIS TASK ORDER IS FOR RED HAT ENTERPRISE LINUX SERVERS PER QUOTE # PAWB08042023J DATED 05/14/2024. THE PERIOD OF PERFORMANCE IS 11/14/2023 - 11/24/2024.
80NSSC24FA710,"DH TECHNOLOGIES, INC.",34794.4,2024-06-03,THIS TASK ORDER IS FOR FEDERAL VMWARE CLOUD FOUNDATION RENEWAL PER QUOTE Q-00061911 DATED 05/29/2024. THE PERIOD OF PERFORMANCE IS 06/03/2024-06/02/2025.
80NSSC24FA711,ACCESSAGILITY LLC,75749.0,2024-06-04,PENLINK TANGLES BRONZE PLATFORM
80NSSC24FA713,ANSYS INC,668070.31,2024-06-06,"THIS IS ORDER #93 FOR ANSYS SOFTWARE RENEWAL PER QUOTE # Q-187247, DATED 05/23/2024. THE PERIOD OF COVERAGE IS 06/01/2024 TO DATE OF AWARD. THE PERIOD OF PERFORMANCE IS DATE OF AWARD TO 05/31/2025."
80NSSC24FA714,"NEW TECH SOLUTIONS, INC.",71735.71,2024-06-06,"BMC SUCCESS SUBSCRIPTION, STARTER SERVICE"
80NSSC24FA715,"IDEAL SYSTEM SOLUTIONS, INC.",10019.61,2024-06-05,"THIS PROGRAM IS TO PURCHASE NATIONAL INSTRUMENTS HARDWARE FOR MSFC PER QUOTE # IISSQ59371, DATED 06/04/2024. PERIOD OF PERFORMANCE IS 06/04/2024 TO 06/03/2025."
80NSSC24FA716,"ADVANCED COMPUTER CONCEPTS, INC.",11234.06,2024-06-05,THIS TASK ORDER IS TO PURCHASE INTEL ONEAPI BASE AND HPC TOOLKIT (MULTI-NODE) ENTERPRISE EDITION SMALL - COMMERCIAL (ESD) PER QUOTE # 1157584-1 DATED 05/17/2024. THE PERIOD OF PERFORMANCE IS 08/01/2024 THROUGH 07/31/2025.
80NSSC24FA717,"NV5 GEOSPATIAL SOLUTIONS, INC.",426810.0,2024-08-27,"THIS IS CALL #6 FOR THE AGENCY-WIDE RENEWAL OF ENVI AND IDL LICENSES. QUOTE # Q-25075 DATED 08/09/2024 IS ATTACHED. THE PERIOD OF PERFORMANCE IS 09/01/2024 THROUGH 08/31/2025. THE TOTAL OBLIGATED AMOUNT IS $426,810.00"
80NSSC24FA718,ANSYS INC,17225.0,2024-06-06,THIS TASK ORDER IS TO PURCHASE ANSYS MENTORING EXPERT PER QUOTE Q-102201 DATED 05/23/2024. THE PERIOD OF PERFORMANCE IS 06/06/2024 - 09/29/2024.
80NSSC24FA719,"AMIGO IMPLEMENT COMPANY, INC.",26985.82,2024-06-06,NASA BALLOON PROGRAM OFFICE HAS A REQUIREMENT FOR THE PROCUREMENT OF AN UTILITY TERRAIN VEHICLE (UTV).  THE UTV IS A ONE-FOR-ONE REPLACEMENT OF A NASA VEHICLE THAT HAS BEEN EXCESSED.
80NSSC24FA721,"REDHAWK IT SOLUTIONS, LLC",11618.05,2024-06-10,"FY24 BURP SUITE ENTERPRISE & PROFESSIONAL LICENSE RENEWAL POP:  ENTERPRISE 7/24/24-7/23/25, PROFESSIONAL 11/8/24-11/7/25"
80NSSC24FA722,WEST PUBLISHING CORPORATION,125058.96,2024-06-24,OPTION PERIOD 2
80NSSC24FA723,"ADVANCED COMPUTER CONCEPTS, INC.",21635.72,2024-06-10,IGRAFX ANNUAL MAINTENANCE RENEWAL
80NSSC24FA725,"ADVANCED COMPUTER CONCEPTS, INC.",190089.11,2024-06-13,FY24 NETBRAIN MAINTENANCE RENEWAL
80NSSC24FA726,DS GOVERNMENT SOLUTIONS CORP,2016.1,2024-06-11,THIS TASK ORDER IS TO PURCHASE DS SOFTWARE RENEWAL PER QUOTE# RN0001284155 DATED 05/10/2024. PERIOD OF PERFORMANCE IS 08/18/2024 THROUGH 08/17/2025.
80NSSC24FA727,"ADVANCED COMPUTER CONCEPTS, INC.",43493.6,2024-06-11,GRAYSHIFT
80NSSC24FA728,"NEW TECH SOLUTIONS, INC.",23772.32,2024-06-18,OT : DELL POWERVAULT MD1400 SUPPORT RENEWAL
80NSSC24FA729,FOUR LLC,64564.18,2024-06-13,"THIS TASK ORDER IS TO PURCHASE IBM SOFTWARE PER QUOTE # 1219560001, DATED 04/15/2024. PERIOD OF PERFORMANCE IS 07/01/2024 THROUGH 06/30/2025."
80NSSC24FA730,CDW GOVERNMENT LLC,44395.0,2024-07-03,NEX SAN RENEWAL FY24
80NSSC24FA731,"FCN, INC.",17168.8,2024-06-12,"THIS TASK ORDER IS TO PURCHASE RED HAT ENTERPRISE LINUX WORKSTATION, STANDARD 9X5 PHONE AND WEB SUPPORT PER QUOTE PAWB05142024A DATED 05/14/2024.  THE PERIOD OF PERFORMANCE IS 08/23/2024-08/22/2025."
80NSSC24FA733,"LYME COMPUTER SYSTEMS, INC.",114980.26,2024-06-12,ATDP R660 SERVER UPGRADE
80NSSC24FA734,"IDEAL SYSTEM SOLUTIONS, INC.",37615.04,2024-06-12,"THIS PROGRAM IS TO PURCHASE NATIONAL INSTRUMENTS HARDWARE FOR MSFC PER QUOTE # ISSQ60113, DATED 05/13/2024. DELIVERY DATE: STANDARD SHIPPING TIME 30-40 DAYS"
80NSSC24FA735,SOFTWARE INFORMATION RESOURCE CORP.,76672.42,2024-08-05,HST PACKET FILLER COMPUTER TECH REFRESH - IT3-92-7B1 20323-2U004-02 CORE SYSTEMS ELMT STANDALONE
80NSSC24FA736,"DH TECHNOLOGIES, INC.",137280.0,2024-06-12,"THIS TASK ORDER IS FOR JIRA SOFTWARE (DATA CENTER) FOR GSFC PER QUOTE # Q-00062945, DATED 05/14/2024. THE PERIOD OF PERFORMANCE IS 08/25/2024-08/24/2025."
80NSSC24FA737,"GARTNER, INC.",227582.25,2024-06-12,GARTNER ADVISORY SERVICES
80NSSC24FA739,DS GOVERNMENT SOLUTIONS CORP,15788.49,2024-06-12,THIS TASK ORDER IS TO PURCHASE DS SOFTWARE RENEWAL PER QUOTE # PO_DSG0005967DATED 03/13/2024. THE PERIOD OF COVERAGE IS 04/12/2024 THROUGH 06/11/2024. PERIOD OF PERFORMANCE IS 06/12/2024 THROUGH 04/11/2025.
80NSSC24FA740,"FCN, INC.",32452.28,2024-06-13,"THIS TASK ORDER IS TO PURCHASE RED HAT OPENSHIFT PLATFORM PLUS, STANDARD (2 CORES OR 4 VCPU) PER QUOTE PAWB05282024Z DATED 06/05/2024. THE PERIOD OF PERFORMANCE IS 06/15/2024 - 05/09/2025."
80NSSC24FA741,"IDEAL SYSTEM SOLUTIONS, INC.",14433.08,2024-06-18,THIS ORDER IS FOR THE RENEWAL OF LABVIEW STANDARD SERVICE PROGRAM FOR JSC PER QUOTE # ISSQ60314 DATED 06/04/2024. THE PERIOD OF PERFORMANCE IS 06/27/2024 THROUGH 06/26/2026.
80NSSC24FA742,STEELCASE INC.,18541.76,2024-06-20,CONF ROOM TABLES
80NSSC24FA743,"CTG FEDERAL, LLC",61350.0,2024-06-14,FY24 NETAPP FAS900A RENEWAL
80NSSC24FA744,BLUE TECH INC.,830257.7,2024-06-14,"THIS DELIVERY ORDER IS FOR TENABLE LICENSE SUBSCRIPTION RENEWAL PER THE ATTACHED QUOTE # SVBQ0080480, DATED 05/13/2024. THE PERIOD OF PERFORMANCE IS 06/25/2023 - 06/24/2024."
80NSSC24FA745,STRATEGIC COMMUNICATIONS LLC,37988.28,2024-06-14,WIRELESS CONFERENCE UNIT
80NSSC24FA746,"ENTERPRISE TECHNOLOGY SOLUTIONS, INC.",22944.48,2024-06-24,THINKMATE HPX COMPUTER
80NSSC24FA747,"ADVANCED COMPUTER CONCEPTS, INC.",41013.0,2024-06-17,HPE DATA MANAGEMENT RENEWAL - DMF LICENSES
80NSSC24FA748,"COUNTERTRADE PRODUCTS, INC.",207149.2,2024-06-17,DELL POWEREDGE R760 RACK SERVERS
80NSSC24FA750,DYNAMIC SYSTEMS INC,14041.6,2024-06-18,FY24 ORACLE T8-2 SERVER MEMORY PREMIER SUPPORT RENEWAL
80NSSC24FA751,AURORA SYSTEMS CONSULTING INC,22876.12,2024-06-27,DELL 5860 WORKSTATION
80NSSC24FA752,KIPPER TOOL COMPANY,11586.57,2024-06-24,"LINCOLN ELECTRIC K4797-3 MAGNUM PRO AL FC 225 AIR, 12-PIN, FRONT TRIGGER, 35 FT"
80NSSC24FA753,"MINBURN TECHNOLOGY GROUP, LLC",0.0,2024-06-20,THIS TASK ORDER IS FOR THE RENEWAL OF MICROSOFT SOFTWARE APPLICATIONS PER QUOTE MTG-NASA-MIC-04738 DATED 06/18/2024. THE PERIOD OF PERFORMANCE IS 06/18/2024 -06/17/2025 WITH 2 YEARS OF SOFTWARE ASSURANCE. MAINTENANCE WILL BE RENEWED ON 06/17/2027.
80NSSC24FA754,"INTEGRATION TECHNOLOGIES GROUP, INC.",95070.7,2024-06-18,VERITAS NETBACKUP SUBSCRIPTION AND SUPPORT RENEWAL
80NSSC24FA755,"THUNDERCAT TECHNOLOGY, LLC",75665.59,2024-06-27,QUANTAM LIBRARY TAPE SYSTE
80NSSC24FA756,DISTRIBUTED TECHNOLOGY GROUP LLC,7889.15,2024-06-24,"THIS TASK ORDER IS TO PURCHASE GENERATIVE TOPOLOGY OPTIMIZATION SUBSCRIPTION PER QUOTE # 12194001, DATED 05/29/2024. PERIOD OF PERFORMANCE IS 06/20/2024 - 03/14/2025."
80NSSC24FA757,"ADVANCED COMPUTER CONCEPTS, INC.",12398.03,2024-06-18,FY24 SHAREGATE RENEWAL
80NSSC24FA758,ALVAREZ LLC,26588.96,2024-06-18,FY24 FORTINET RENEWAL
80NSSC24FA759,"PANAMERICA COMPUTERS, INC.",90840.0,2024-06-28,DELL LATITUDE 7450 LAPTOP
80NSSC24FA760,"NEW TECH SOLUTIONS, INC.",50352.12,2024-06-24,15 MAC BOOK COMPUTERS
80NSSC24FA761,SHI INTERNATIONAL CORP,59294.12,2024-06-24,NIPPER SOFTWARE RENEWAL
80NSSC24FA762,CARAHSOFT TECHNOLOGY CORP,108000.0,2024-07-09,CHATGPT ENTERPRISE LICENSE ANNUAL
80NSSC24FA763,"LYME COMPUTER SYSTEMS, INC.",31636.95,2024-06-27,DELL MEMORY
80NSSC24FA764,"DH TECHNOLOGIES, INC.",49077.54,2024-06-21,"THIS TASK ORDER IS FOR JIRA SERVICE DESK (DATA CENTER), 12 MONTHS MAINTENANCE,100 USER TIER FOR GSFC PER QUOTE #Q-00062890, DATED 05/13/2024. THE PERIOD OF PERFORMANCE IS 05/10/2024-11/27/2025."
80NSSC24FA765,"LYME COMPUTER SYSTEMS, INC.",17986.17,2024-06-20,DELL POWEREDGE R750XS SERVER
80NSSC24FA766,AI SOLUTIONS INC,22014.0,2024-06-24,A.I. SOLUTIONS FREEFLYER MAINTENANCE
80NSSC24FA767,"DH TECHNOLOGIES, INC.",541684.0,2024-06-21,"THIS IS A TASK ORDER FOR ATLASSIAN SOFTWARE PRODUCTS AND SERVICES PER THE ATTACHED QUOTE # Q-00063092, DATED 06/21/2024. THE PERIOD OF PERFORMANCE IS 06/30/2024 THROUGH 06/29/2025."
80NSSC24FA768,"THUNDERCAT TECHNOLOGY, LLC",1368398.08,2024-06-25,"THIS TASK ORDER IS FOR THE RENEWAL OF SAP SUCCESSFACTORS PER QUOTE AB093895 V1 DATED 06/18/2024. THE TASK ORDER INCLUDES A ONE-YEAR BASE PERIOD AND TWO (2) ONE-YEAR OPTION PERIODS. TOTAL OBLIGATED AMOUNT IS $672,271.67"
80NSSC24FA769,AURORA SYSTEMS CONSULTING INC,60375.7,2024-06-23,(14) DELL PRECISION 3680 TOWER WORKSTATIONS
80NSSC24FA770,FOUR LLC,103996.74,2024-06-21,THIS TASK ORDER IS TO PURCHASE IBM ENGINEERING SOFTWARE PER QUOTE # 11219051001 DATED 03/20/2024. THE PERIOD OF PERFORMANCE IS 07/01/2024 - 06/30/2025.
80NSSC24FA772,"NEW TECH SOLUTIONS, INC.",26430.0,2024-06-21,CONFERENCE IO ANNUAL SUBSCRIPTION RENEWAL
80NSSC24FA773,"N+1 TECHNOLOGIES, LLC",26319.48,2024-06-24,DELL MOBILE PRECISION 7680 WORKSTATION & WD SSD
80NSSC24FA774,ALVAREZ LLC,132595.0,2024-06-24,PROOFPOINT SUBSCRIPTIONS
80NSSC24FA775,AI SOLUTIONS INC,25938.0,2024-06-24,FREEFLYER SOFTWARE RENEWAL.
80NSSC24FA776,"LYME COMPUTER SYSTEMS, INC.",131454.56,2024-07-17,DELL POWEREDGE R660 RACK SERVERS - PATRICIA ESTES - JSC - OP
80NSSC24FA777,COLOSSAL CONTRACTING LLC,30940.99,2024-06-26,COHESITY RENEWAL
80NSSC24FA778,GOTHAM GOVERNMENT SERVICES LLC,7800.0,2024-06-25,CON 270 INTERMEDIATE COST AND PRICE ANALYSIS TRAINING COURSE
80NSSC24FA779,ARCHITECHTURE SOLUTIONS LLC,21896.0,2024-06-24,TOBII PRO SPARK EYE TRACKERS
80NSSC24FA780,FEDERAL RESOURCES CORPORATION,35420.0,2024-06-26,THIS TASK ORDER MVISION CLOUD FOR SAAS POOLED (GOVCLOUDDATACENTER) FOR JSC PER QUOTE # 12246001 DATED 06/12/2024.  PERIOD OF COVERAGE IS 06/25/2025-/7/11/2025 AND PERIOD OF PERFORMANCE IS 1 YEAR FROM DATE OF AWARD.
80NSSC24FA781,TRANSOURCE SERVICES CORP.,31100.0,2024-06-28,(2) DELL PRECISION 7960 WORKSTATIONS WITH ADDITONAL RAM.
80NSSC24FA782,"LYME COMPUTER SYSTEMS, INC.",33586.21,2024-06-25,THIS TASK ORDER IS FOR THE PURCHASE OF SOLIDWORKS SOFTWARE PER QUOTE # 240412-LY DATE 05/17/2024. PERIOD OF COVERAGE 06/01/2024-06/25/2024. PERIOD OF PERFORMANCE IS AWARD DATE TO 05/31/2025.
80NSSC24FA784,IRON MOUNTAIN INFORMATION MANAGEMENT LLC,8398.08,2024-06-25,IRON MOUNTAIN SERVICES BASE YEAR
80NSSC24FA785,"MINBURN TECHNOLOGY GROUP, LLC",125400.0,2024-06-25,THIS TASK ORDER IS FOR O365 EXTRA FILE STORAGE GCC SUB ADD-ON EXTRA STORAGE 1 GB PER QUOTE MTG-NASA-MIC-04938 DATED 06/10/2024. THE PERIOD OF PERFORMANCE IS 07/01/2024 -04/30/2025.
80NSSC24FA786,FEDERAL RESOURCES CORPORATION,227586.78,2024-06-25,THIS TASK ORDER IS TO PURCHASE SKYHIGH SAAS POOLED (UM) 1:1 BZ TRELLIX FOR MSFC PER QUOTE # 122254002 DATED 06/25/2024. THE PERIOD OF PERFORMANCE IS 07/08/2024-07/07/2025.
80NSSC24FA787,AURORA SYSTEMS CONSULTING INC,56736.01,2024-07-09,DELL POWEREDGE R760 SERVER
80NSSC24FA788,"FCN, INC.",490207.48,2024-06-26,THIS DELIVERY ORDER IS FOR RED HAT LICENSES AND SUPPORT RENEWAL PER ATTACHED QUOTE # PAWB04042024B DATED 06/21/2024. THE PERIOD OF PERFORMANCE IS 07/01/2024 THROUGH 06/30/2025. NASA'S RED HAT SEWP CATALOG 80NSSC19Q0833 TERMS AND CONDITIONS APPLY.
80NSSC24FA789,"REDHAWK IT SOLUTIONS, LLC",12114.6,2024-06-28,VEEAM SOFTWARE RENEWAL
80NSSC24FA790,"NEW TECH SOLUTIONS, INC.",50224.69,2024-06-26,WINDRIVER SIMICS RENEWAL
80NSSC24FA791,ANSYS INC,110901.0,2024-06-26,THIS TASK ORDER IS TO PURCHASE LSTC LS-DYNA LARGE SYSTEM CORE - TECS PER QUOTE Q-213774 DATED 06/19/2024. THE PERIOD OF PERFORMANCE IS 06/30/2024 - 06/29/2025.
80NSSC24FA792,BLUE TECH INC.,75523.73,2024-06-25,FY24 VARONIS SOFTWARE RENEWAL
80NSSC24FA793,"NEW TECH SOLUTIONS, INC.",71053.38,2024-06-25,DELL FOPS DESKTOP AND LAPTOP
80NSSC24FA795,TECHANAX LLC,16519.64,2024-06-26,RENEW VERITAS SOFTWARE MAINTENANCE/DSCOVR PROJECT
80NSSC24FA796,ALVAREZ LLC,55760.0,2024-06-26,SNOW COMMANDER MAINTENANCE SUPPORT RENEWAL
80NSSC24FA797,"INTEGRATION TECHNOLOGIES GROUP, INC.",26756.73,2024-06-26,TREND MICRO DEEP SECURITY - MALWARE PREVENTION RENEWAL FY24
80NSSC24FA798,"NEW TECH SOLUTIONS, INC.",21880.4,2024-06-28,RED RACK STANDARDIZATION PROCUREMENT
80NSSC24FA799,"REI SYSTEMS, INC.",282834.87,2024-06-29,"ESIP CALL ORDER 13 FOR PRIZES, CHALLENGES, AND CROWDSOURCING (PCC) ADVISORY AND PROGRAM SUPPORT"
80NSSC24FA800,G. C. MICRO CORPORATION,18808.0,2024-06-26,UNITY INDUSTRY ANNUAL SUBSCRIPTION
80NSSC24FA801,"COUNTERTRADE PRODUCTS, INC.",213296.71,2024-07-03,OT : POWEREDGE SERVER
80NSSC24FA802,"V3GATE, LLC",112608.37,2024-06-27,"NETAPP DS460C DISK SHELF, SERVICES & ACCESSORIES"
80NSSC24FA803,ALVAREZ LLC,153230.0,2024-06-27,ACHIEVEIT RENEWAL
80NSSC24FA804,"ADVANCED COMPUTER CONCEPTS, INC.",11399.46,2024-06-27,SRT VERITAS MAINTENANCE SUPPORT RENEWAL
80NSSC24FA805,"ADVANCED COMPUTER CONCEPTS, INC.",13462.68,2024-06-27,SOCIALNET IDENTITY MANAGEMENT SECURED LINK ANALYSIS BUNDLED WITH HORIZON
80NSSC24FA806,"GOVSMART, INC.",78351.64,2024-06-27,FY24 SOLARWINDS MAINTENANCE RENEWAL
80NSSC24FA807,"NEW TECH SOLUTIONS, INC.",79145.82,2024-06-27,PERLE IOLAN SCG50 S CONSOLE SERVER
80NSSC24FA808,"ABBA TECHNOLOGIES, INC.",63806.38,2024-06-27,VERITAS NETBACKUP MAINTENANCE RENEWAL
80NSSC24FA809,"DH TECHNOLOGIES, INC.",26771.16,2024-06-27,NETAPP SUPPORT AND WARRANTY EXTENSION RENEWAL
80NSSC24FA810,"AMERICAN WORDATA, INC",13823.54,2024-07-29,"OT : DELL, BITWARDEN AND BAMBU PRODUCTS"
80NSSC24FA811,BLUE TECH INC.,32874.14,2024-06-28,ORACLE RENEWAL
80NSSC24FA812,ANSYS INC,41334.83,2024-07-01,THIS TASK ORDER IS TO PURCHASE ANSYS STK LICENSES FOR GRC PER QUOTE # Q-103122 DATED 06/12/2024. THE PERIOD OF COVERAGE IS 6/14/2024-09/13/2025 AND THE PERIOD OF PERFORMANCE IS 06/28/2024-09/13/2025.
80NSSC24FA813,"DH TECHNOLOGIES, INC.",111654.4,2024-06-28,"THIS TASK ORDER IS FOR JIRA SOFTWARE, JIRA SERVICE DESK (DATA CENTER), AND CONFLUENCE (DATA CENTER) FOR GSFC PER QUOTE # Q-00063240, DATED 06/26/2024. THE PERIOD OF PERFORMANCES ARE 07/03/2024-07/02/2025 AND 08/06/2024-08/05/2025."
80NSSC24FA814,"TECHNICAL COMMUNITIES, INC.",18333.26,2024-06-28,EQUIPMENT FOR OUR CONTROLS OF RESEARCH-LEVEL RECYCLING OF IN SPACE WASTE
80NSSC24FA815,"GOVSMART, INC.",18683.06,2024-06-28,F5 BIG SUBSCRIPTIONS
80NSSC24FA816,"MINBURN TECHNOLOGY GROUP, LLC",710918.25,2024-06-28,THIS TASK ORDER IS FOR MICROSOFT UNIFIED SUPPORT SERVICES PER QUOTE # MTG-NASA-MIC-04963 DATED 06/25/2024.
80NSSC24FA817,"NEW TECH SOLUTIONS, INC.",180053.56,2024-06-28,FY24 BENTLY PUBLIC SECTOR RENEWAL
80NSSC24FA818,"FCN, INC.",19135.89,2024-07-01,THIS TASK ORDER IS TO PURCHASE RED HAT ENTERPISE LINUX SERVER AND WORKSTATION PER QUOTE PAWB06062024B DATED 06/06/2024. THE PERIOD OF PERFORMANCE IS 08/27/2024 - 08/26/2025.
80NSSC24FA820,"IDEAL SYSTEM SOLUTIONS, INC.",286995.0,2024-07-01,"THIS TASK ORDER IS FOR ARC'S ENTERPRISE AGREEMENT PROGRAM PER ATTACHED QUOTE # ISSQ60523, DATED 06/26/2024."
80NSSC24FA821,"GOVSMART, INC.",245805.61,2024-07-01,NUTANIX G9 NX8170G9 HW PLATFORM (CODE 700)
80NSSC24FA822,"NEW TECH SOLUTIONS, INC.",194633.0,2024-07-03,"FY24 GITLAB PREMIUM, SELF-MANAGED, 1 YEAR SUBSCRIPTION RENEWAL"
80NSSC24FA823,"DH TECHNOLOGIES, INC.",78936.0,2024-07-02,"THIS TASK ORDER IS FOR JIRA SOFTWARE, JIRA SERVICE DESK (DATA CENTER), AND CONFLUENCE (DATA CENTER) FOR GSFC PER QUOTE # Q-00063948, DATED 06/14/2024. THE PERIOD OF PERFORMANCES ARE 08/24/2024-08/23/2025."
80NSSC24FA824,"ABBA TECHNOLOGIES, INC.",89475.14,2024-07-02,OT : NUTANIX SOFTWARE LICENSE SUBSCRIPTION RENEWAL
80NSSC24FA825,REGENCY CONSULTING INC,14680.48,2024-07-02,CISCO LEARNING CREDITS
80NSSC24FA826,ALVAREZ LLC,138674.81,2024-07-02,QUANTUM SCALAR I3 LIBRARY
80NSSC24FA827,ALVAREZ LLC,88807.92,2024-07-02,FY24 NUTANIX G7 LICENSE AND SUPPORT RENEWAL
80NSSC24FA828,"COUNTERTRADE PRODUCTS, INC.",74452.59,2024-07-03,DELL POWEREDGE SERVERS QTY OF 3
80NSSC24FA829,"TEAL, LLC",20057.0,2024-07-17,PREFABRICATED STORAGE BUILDING
80NSSC24FA830,"COUNTERTRADE PRODUCTS, INC.",75366.64,2024-07-03,DELL HARDWARE SERVICES
80NSSC24FA831,"GOVSMART, INC.",245886.12,2024-07-03,NUTANIX G9 NX8170G9 HW PLATFORM (ORA GLEN)
80NSSC24FA832,BLUE TECH INC.,15570.48,2024-07-17,FY24 QUANTUM SCALAR MAINTENANCE
80NSSC24FA833,"INTEGRATION TECHNOLOGIES GROUP, INC.",190918.66,2024-07-02,DELINEA (CENTRIFY) LICENSES RENEWAL
80NSSC24FA834,"ADVANCED COMPUTER CONCEPTS, INC.",67896.42,2024-07-02,FY24 ENTRUST (HSM) MAINTENANCE RENEWAL
80NSSC24FA835,"NEW TECH SOLUTIONS, INC.",53522.83,2024-07-02,FY24 ANNUAL RENEWAL OF TIBCO JASPERSOF SUBSCRIPTIONS
80NSSC24FA836,"LYME COMPUTER SYSTEMS, INC.",23649.28,2024-07-31,THIS TASK ORDER IS FOR THE PURCHASE OF SOLIDWORKS SOFTWARE PER QUOTE # 237902-LY DATED 03/15/2024. PERIOD OF PERFORMANCE IS 08/01/2024-07/31/2025.
80NSSC24FA837,FOUR LLC,73264.14,2024-07-02,THIS TASK ORDER IS TO PURCHASE IBM TRIRIGA SOFTWARE PER QUOTE # 1219716001 DATED 04/23/2024. THE PERIOD OF PERFORMANCE IS 09/01/2024 - 08/31/2025.
80NSSC24FA838,"ADVANCED COMPUTER CONCEPTS, INC.",14655.6,2024-07-08,INVICICTI ENTERPRISE RENEWAL
80NSSC24FA839,METGREEN SOLUTIONS INC,84095.0,2024-07-03,FOPS ESX HOST HARDWARE REFRESH
80NSSC24FA840,"VINSYS INFORMATION TECHNOLOGY, INC.",90663.93,2024-07-03,"OPEXUS FOIAXPRESS, FOIAXPRESS PAL & HELP DESK"
80NSSC24FA841,"NEW TECH SOLUTIONS, INC.",26255.5,2024-07-03,VOXIDA PS RENEWAL
80NSSC24FA842,REGAN TECHNOLOGIES CORP,16632.95,2024-07-03,RARITAN HARDWARE DEVICES
80NSSC24FA844,REGENCY CONSULTING INC,249999.8,2024-07-03,DELL POWEREDGE R660 SERVER REPLACEMENT
80NSSC24FA845,"NEW TECH SOLUTIONS, INC.",14663.25,2024-07-08,HPE DL380 SERVER
80NSSC24FA846,"NEW TECH SOLUTIONS, INC.",46115.56,2024-07-08,KLOCKWORK SOFTWARE SUPPORT RENEWAL
80NSSC24FA847,REGENCY CONSULTING INC,117221.65,2024-07-03,DELL POWEREDGE R760 RACK SERVER
80NSSC24FA848,"NEW TECH SOLUTIONS, INC.",33363.5,2024-07-05,WIND RIVER VXWORKS 6.9 SUPPORT RENEWAL FY24
80NSSC24FA849,"NEW TECH SOLUTIONS, INC.",223167.82,2024-07-09,FY24 DELL AVAMAR G DPS RENEWAL
80NSSC24FA850,"LYME COMPUTER SYSTEMS, INC.",35387.3,2024-07-10,QTY 22 DELL PRECISION 3680 TOWER WORKSTATION
80NSSC24FA851,ARCHITECHTURE SOLUTIONS LLC,15498.0,2024-07-26,OCTOPUS DEPLOY RENEWAL FY24 8/20/24 - 8/19/25
80NSSC24FA852,"COUNTERTRADE PRODUCTS, INC.",34002.72,2024-07-16,RACKSEVER
80NSSC24FA853,ANSYS INC,11568.51,2024-07-10,THIS TASK ORDER IS TO PURCHASE ANSYS CFD PREMIUM - TECS FOR GSFC PER QUOTE # Q-100377 DATED 07/03/2024. THE PERIOD OF COVERAGE IS 09/01/2024 THROUGH 08/31/2025.
80NSSC24FA854,"COUNTERTRADE PRODUCTS, INC.",71880.64,2024-07-08,DELL POWEREDGE R760 SERVERS
80NSSC24FA855,"ENTERPRISE TECHNOLOGY SOLUTIONS, INC.",10492.09,2024-07-09,DELL POWEREDGE R740 EXTENDED SERVICE MAINTENANCE
80NSSC24FA856,COLOSSAL CONTRACTING LLC,122035.12,2024-07-08,COHESITY SUPPORT RENEWAL
80NSSC24FA858,PSSC LABS,22300.0,2024-07-08,PSSC LABS POWERWULF II HPC CLUSTER UPGRADE
80NSSC24FA859,"NEW TECH SOLUTIONS, INC.",10324.0,2024-07-09,HP Z6 G5 WORKSTATION DESKTOP PC
80NSSC24FA860,"REDHAWK IT SOLUTIONS, LLC",14468.93,2024-07-09,INFORMACAST MAINTENANCE SUBSCRIPTION
80NSSC24FA861,"FCN, INC.",19792.08,2024-07-09,THIS TASK ORDER IS TO PURCHASE RED HAT LEARNING SUBSCRIPTION STANDARD PER QUOTE PAWB06052024C DATED 06/12/2024. THE PERIOD OF COVERAGE IS 07/01/2024-07/09/2024. THE PERIOD OF PERFORMANCE IS 07/09/2024-06/30/2025.
80NSSC24FA862,"ENTERPRISE TECHNOLOGY SOLUTIONS, INC.",14396.22,2024-07-09,PROCUREMENT OF SLX-500 AND ATTACHMENT
80NSSC24FA863,"THREE WIRE SYSTEMS, LLC",14775.92,2024-07-09,XSI SUPPORT RENEWAL FOR NETAPP HW
80NSSC24FA864,"ENTERPRISE TECHNOLOGY SOLUTIONS, INC.",20275.7,2024-07-09,KOCKWORK DEVOPS SOFTWARE MAINTENANCE SUPPORT
80NSSC24FA865,"IDEAL SYSTEM SOLUTIONS, INC.",30030.26,2024-07-09,"THIS PROGRAM IS TO PURCHASE NATIONAL INSTRUMENTS LABVIEW SUBSCRIPTIONS FOR ARC PER QUOTE # ISSQ60274, DATED 06/24/2024. THE PERIOD OF PERFORMANCE IS 08/13/2024-08/12/2025."
80NSSC24FA866,ACCESSAGILITY LLC,93770.34,2024-07-09,VEVA SOFTWARE MAINTENANCE SUPPORT RENEWAL
80NSSC24FA867,"NV5 GEOSPATIAL SOLUTIONS, INC.",11934.0,2024-08-27,THIS IS CALL #7 TO PURCHASE IDL MAINTENANCE SOFTWARE FOR GSFC PER QUOTE Q-25194 DATED 07/08/2024. THE PERIOD OF PERFORMANCE IS 09/01/2024-08/31/2025.
80NSSC24FA868,"DH TECHNOLOGIES, INC.",93177.35,2024-07-09,ARISTA SWITCHES
80NSSC24FA869,"LYME COMPUTER SYSTEMS, INC.",35997.4,2024-07-15,THIS TASK ORDER IS FOR THE PURCHASE OF SOLIDWORKS SOFTWARE PER QUOTE # 240340-SG DATED 05/16/2024. PERIOD OF PERFORMANCE IS 09/01/2024-08/31/2025.
80NSSC24FA870,"LYME COMPUTER SYSTEMS, INC.",11768.93,2024-07-11,CITC DELL SERVER MAINTENANCE RENEWAL
80NSSC24FA871,"IDEAL SYSTEM SOLUTIONS, INC.",41682.03,2024-07-11,"THIS ORDER IS TO PURCHASE NATIONAL INSTRUMENTS HARDWARE FOR MSFC PER QUOTE # ISSQ60416, DATED 06/18/2024. DELIVERY DATE: STANDARD SHIPPING TIME 30-65 BUSINESS DAYS."
80NSSC24FA872,"GOVSMART, INC.",708677.24,2024-07-12,"THIS TASK ORDER IS FOR ADOBE SMD PROFESSIONAL SERVICES RENEWAL PER THE ATTACHED QUOTE # GS24062845B22 DATED JUNE 28, 2024.  TOTAL ORDER VALUE IS $708,677.24. THE PERIOD OF PERFORMANCE IS 07/15/2024 - 07/14/2025."
80NSSC24FA873,"4 STAR TECHNOLOGIES, INC.",24879.01,2024-07-18,CONFLUENT PLATFORM BASICS DEVELOPMENT & PRODUCT NODES
80NSSC24FA874,"NEW TECH SOLUTIONS, INC.",20542.8,2024-07-10,"VERISIGN (DIGICERT) PROVIDES SECURE SOCKETS LAYER (SSL) CERTIFICATES ARE ISSUED BY CERTIFICATE AUTHORITIES (CAS), ORGANIZATIONS THAT ARE TRUSTED TO VERIFY THE IDENTITY AND LEGITIMACY OF ANY ENTITY REQUESTING A CERTIFICATE."
80NSSC24FA875,DESIGN-BUILD INSTITUTE OF AMERICA,39042.95,2024-07-10,"TRAINING PURCHASE OVER $25,000.00"
80NSSC24FA876,ANSYS INC,109373.79,2024-07-10,THIS TASK ORDER IS TO PURCHASE ANSYS SOFTWARE FOR GSFC PER QUOTE # Q-211901 DATED 06/11/2024. THE PERIOD OF COVERAGE IS 07/01/2024-07/10/2024. THE PERIOD OF PERFORMANCE IS 07/10/2024-6/30/2025.
80NSSC24FA877,PARAGON MICRO INC,36152.21,2024-07-12,CHECKPOINT LICENSE AND MAINTENANCE RENEWAL
80NSSC24FA878,AMERICON,41886.0,2024-07-10,TO PURCHASE SOME INDUSTRIAL CONSOLES FOR THE DIRECT CONNECT CONTROL ROOM
80NSSC24FA879,"FCN, INC.",20276.93,2024-07-11,THIS TASK ORDER IS TO PURCHASE RED HAT SOFTWARE SUBSCRIPTIONS PER QUOTE PAWB06062023C DATED 07/10/2024. THE PERIOD OF PERFORMANCE IS 08/13/2024-08/12/2025.
80NSSC24FA880,"NEW TECH SOLUTIONS, INC.",91593.45,2024-07-11,HP Z4 G5 WORKSTATIONS FOR OPS SUITE 5 BUILDUP IN SUPPORT OF HUMAN LANDER SYSTEM (HLS)
80NSSC24FA881,"FCN, INC.",15780.87,2024-07-11,"THIS TASK ORDER IS TO PURCHASE RED HAT ENTERPRISE LINUX SERVER ENTRY LEVEL, SELF-SUPPORT PER QUOTE PAWB06032024A DATED 07/11/2024.  THE PERIOD OF PERFORMANCE IS 07/23/2024-07/22/2025."
80NSSC24FA882,"NEW TECH SOLUTIONS, INC.",21096.66,2024-07-11,FY24 DATACORE SANSYMPHONY-V ANNUAL SUPPORT
80NSSC24FA883,"DH TECHNOLOGIES, INC.",294047.92,2024-07-18,"THIS IS A TASK ORDER FOR ATLASSIAN SOFTWARE MAINTENANCE SERVICES PER THE ATTACHED QUOTE # Q-00062695, DATED 07/11/2024. THE PERIOD OF PERFORMANCE IS 10/01/2024 THROUGH 09/30/2025."
80NSSC24FA884,ARCHITECHTURE SOLUTIONS LLC,11032.44,2024-07-16,FY24 ZABBIX PROFESSIONAL SERVICES RENEWAL
80NSSC24FA885,SKILLSOFT (US) LLC,1964330.0,2024-07-12,THIS TASK ORDER IS FOR THE ANNUAL RENEWAL OF SKILLSOFT ELEARNING MANAGEMENT SYSTEM PER THE ATTACHED STATEMENT OF WORK AND PRICE SCHEDULE DATED 07/01/2024.
80NSSC24FA887,"GOVSMART, INC.",237142.75,2024-07-15,DATADOG RENEWAL
80NSSC24FA888,"NATIONAL QUALITY ASSURANCE - U.S.A., INC.",13604.4,2024-07-15,THE PURPOSE OF THIS TASK ORDER IS TO PERFORM AN ISO AUDIT AT NASA'S GSFC FACILITY.
80NSSC24FA889,"DH TECHNOLOGIES, INC.",13824.08,2024-07-16,SW - JIRA/ATLASSIAN
80NSSC24FA890,"MINBURN TECHNOLOGY GROUP, LLC",66965.65,2024-07-15,THIS TASK ORDER IS FOR MICROSOFT LICENSES PER QUOTE # MTG-NASA-MIC- 04936 DATED 07/15/2024. THE PERIOD OF PERFORMANCE IS ONE YEAR FROM DATE OF AWARD.
80NSSC24FA891,GOVERNMENT ACQUISITIONS INC,64122.4,2024-09-03,SUPER MICRO MAINT SERVICE FOR (40) SERVERS
80NSSC24FA892,"NEW TECH SOLUTIONS, INC.",11332.44,2024-07-15,DATACORE SOFTWARE RENEWAL
80NSSC24FA893,BLUE TECH INC.,606465.69,2024-07-15,TASK ORDER TO RENEW SUBSCRIPTION AND SERVICES FOR SIEMENS NX SOFTWARE LICENSES PER THE ATTACHED QUOTE NUMBER SVBQ0081655 DATED 06/27/2024. THE PERIOD OF COVERAGE FOR THIS ORDER IS 06/01/2024 THROUGH 05/31/2025.
80NSSC24FA894,"STANDARD-BLAZAR, LLC",137516.74,2024-07-16,IXSYSTEMS M40 4U TRUENAS ENTERPRISE
80NSSC24FA895,"NEW TECH SOLUTIONS, INC.",47785.0,2024-07-16,FY24 VXWORKS RENEWAL (JSTAR)
80NSSC24FA896,"THREE WIRE SYSTEMS, LLC",13465.21,2024-07-16,SYSTEM76 THELIO MAJOR
80NSSC24FA897,"DH TECHNOLOGIES, INC.",63887.97,2024-07-22,OT : AUTOMOX SOFTWARE AND SUPPORT
80NSSC24FA898,ARCHITECHTURE SOLUTIONS LLC,75206.8,2024-07-17,SOFTWARE TOOLS THAT INTERFACE WITH VSA AND VSG EQUIPMENT
80NSSC24FA899,"DH TECHNOLOGIES, INC.",70684.3,2024-07-17,NLYTE SOFTWARE SUPPORT RENEWAL
80NSSC24FA901,"COUNTERTRADE PRODUCTS, INC.",36342.7,2024-07-19,ADVANCED CLUSTERING TECHNOLOGY - HIGH CAPACITY/LOW COST STORAGE SERVER
80NSSC24FA902,"DH TECHNOLOGIES, INC.",18738.12,2024-07-17,FY24 ATLASSIAN MP
80NSSC24FA903,D2D IT SERVICES LLC,18617.13,2024-07-18,WDS400T2X0E WD_BLACK SN850X NVME SSD GAMING STORAGE 4TB W/O HEATSINK
80NSSC24FA904,"PANAMERICA COMPUTERS, INC.",50953.74,2024-07-17,ASH RENEWAL
80NSSC24FA906,"THREE WIRE SYSTEMS, LLC",18826.52,2024-08-05,OT IXIA MAINTENANCE AND SUPPORT
80NSSC24FA907,ACCESSAGILITY LLC,26889.28,2024-07-18,OT : AUTOMOX SOFTWARE & SUPPORT
80NSSC24FA908,"MINBURN TECHNOLOGY GROUP, LLC",65946.84,2024-07-18,THIS TASK ORDER IS FOR MICROSOFT LICENSES PER QUOTE MTG-NASA- MIC-04947 DATED 06/19/2024. THE PERIOD OF PERFORMANCE IS THREE YEARS FROM DATE OF AWARD.
80NSSC24FA909,STRUCTURED SOLUTIONS INCORPORATED,10628.46,2024-07-18,SSI TOOLS BUNDLED PACKAGE
80NSSC24FA910,"NEW TECH SOLUTIONS, INC.",85745.52,2024-07-22,ROHDE AND SCHWARZ SIGNAL GENERATOR
80NSSC24FA911,"GOVSMART, INC.",34769.42,2024-07-18,STRATASYS DIMENSION SST PRINTERS AND MAINTENANCE
80NSSC24FA912,SOFTWARE INFORMATION RESOURCE CORP.,15933.91,2024-07-18,TDK LAMBDA POWER SUPPLIES
80NSSC24FA913,"BRYCE SPACE AND TECHNOLOGY, LLC",1288572.4,2024-07-25,ESIP SUPPORT SERVICES MULTIPLE AWARD BPAS CALL ORDER 14 FOR NIAC CIF ECI PROGRAM OFFICE SUPPORT.
80NSSC24FA914,"NEW TECH SOLUTIONS, INC.",135584.21,2024-07-18,FY24 ATLASSIAN MP RENEWAL
80NSSC24FA915,TRANSOURCE SERVICES CORP.,60280.84,2024-07-19,HONEYBADGER AUDIO/VIDEO EXTENSION PLATFORM
80NSSC24FA916,"TECHNICAL COMMUNITIES, INC.",43670.4,2024-07-31,PRECISION POWER ANALYZER
80NSSC24FA917,G. C. MICRO CORPORATION,28050.0,2024-07-21,SPACEWIRE PCIE BOARDS
80NSSC24FA918,"MANAGEMENT CONCEPTS, INC",12427.0,2024-07-19,PROGRAM AND PROJECT MANAGEMENT TRAINING
80NSSC24FA919,"CARON EAST, INC.",50137.94,2024-07-19,WINGTRA ONE GEN II UAS
80NSSC24FA920,"MINBURN TECHNOLOGY GROUP, LLC",74060.94,2024-07-19,THIS TASK ORDER IS FOR MICROSOFT LICENSES PER MTG-NASA- MIC-04953 DATED 06/21/2024. THE PERIOD OF COVERAGE IS 06/17/2024-07/18/2024. THE PERIOD OF PERFORMANCE IS 07/19/2024-06/16/2025 WITH TWO YEARS OF SOFTWARE ASSURANCE. MAINTENANCE WILL NEED TO BE
80NSSC24FA921,"MINBURN TECHNOLOGY GROUP, LLC",13965.52,2024-07-19,THIS TASK ORDER IS FOR MICROSOFT LICENSES PER QUOTE MTG-NASA- MIC-04952 DATED 06/20/2024. THE PERIOD OF PERFORMANCE IS 07/19/2024-07/18/2025 WITH TWO YEARS OF SOFTWARE ASSURANCE. MAINTENANCE WILL NEED TO BE RENEWED ON 07/18/2027.
80NSSC24FA923,"RIOS PARTNERS, LLC",2888272.4,2024-07-21,CALL ORDER 3 FOR CMSS COST TRANSPARENCY & TRANSFORMATION SUPPORT FOR INFORMATION TECHNOLOGY (IT)
80NSSC24FA924,"NEW TECH SOLUTIONS, INC.",30187.68,2024-07-19,DELL MSFC_KSC DATA DOMAIN MAINTENANCE 1Y RENEWAL
80NSSC24FA925,SOFTWARE INFORMATION RESOURCE CORP.,83915.0,2024-07-24,VXRAIL MAINTENANCE RENEWAL
80NSSC24FA927,ANSYS INC,96998.75,2024-07-19,THIS TASK ORDER IS TO PURCHASE ANSYS LUMERICAL SOFTWARE PER QUOTE # Q-219192 DATED 07/17/2024. THE PERIOD OF PERFORMANCE IS 07/19/2024-07/18/2025.
80NSSC24FA928,"CTG FEDERAL, LLC",36274.76,2024-07-25,NETAPP HW SUPPORT RENEWAL FY24
80NSSC24FA929,ARCHITECHTURE SOLUTIONS LLC,10541.7,2024-07-25,OT : GEMINI ENTERPRISE 480 USER LICENSE RENEWAL
80NSSC24FA930,"NEW TECH SOLUTIONS, INC.",31238.34,2024-07-22,FY24 DELL SERVER SUPPORT
80NSSC24FA931,"NEW TECH SOLUTIONS, INC.",12990.0,2024-07-22,SUPER MICRO CLOUDDC SUPERSERVER
80NSSC24FA933,"THUNDERCAT TECHNOLOGY, LLC",203822.08,2024-07-23,JUNIPER QFX5120-48Y SWITCHES AND SUPPORT
80NSSC24FA934,"COUNTERTRADE PRODUCTS, INC.",20339.1,2024-08-01,OT : DELL 2THUNDERBOLT DOCK/7 PRECISION 3460/6 XPS 15
80NSSC24FA936,"JEPPESEN FOREFLIGHT, INC.",24361.52,2024-07-22,FOREFLIGHT RENEWAL
80NSSC24FA937,"MINBURN TECHNOLOGY GROUP, LLC",11088.0,2024-07-24,THIS TASK ORDER IS FOR MICROSOFT LICENSES PER QUOTE MTG-NASA- MIC-04780 DATED 07/19/2024. THE PERIOD OF PERFORMANCE IS 07/24/2024-07/23/2025 WITH TWO YEARS OF SOFTWARE ASSURANCE. MAINTENANCE WILL NEED TO BE RENEWED ON 07/23/2027.
80NSSC24FA938,SIEMENS GOVERNMENT TECHNOLOGIES INC,26578.4,2024-07-23,SIEMENS PROCESS SIMULATE SUPPORT RENEWAL
80NSSC24FA939,"CTG FEDERAL, LLC",142002.0,2024-07-25,GH200 SYSTEM
80NSSC24FA940,"METRO GOLF CARS, INC.",16476.51,2024-07-22,"METRO GOLF CARS, INC. / YAMAHA ELECTRIC GOLF CART"
80NSSC24FA942,"NEW TECH SOLUTIONS, INC.",13801.14,2024-07-23,BROCADE MAINTENANCE SUPPORT RENEWAL
80NSSC24FA943,DS GOVERNMENT SOLUTIONS CORP,15591.74,2024-07-23,THIS BPA CALL IS TO PURCHASE DS SOFTWARE RENEWAL PER QUOTE# RN0001357647DATED 05/10/2024. PERIOD OF PERFORMANCE IS 10/01/2024-09/30/2025.
80NSSC24FA944,ACCESSAGILITY LLC,43350.0,2024-07-25,DOCAVE CONNECTOR FOR SHAREPOINT
80NSSC24FA945,METGREEN SOLUTIONS INC,158540.0,2024-07-25,FY24 CLARITY PPM LICENSE RENEWAL
80NSSC24FA946,"COUNTERTRADE PRODUCTS, INC.",25850.41,2024-07-24,EMC/DELL UNITY RENEWAL
80NSSC24FA947,TRANSOURCE SERVICES CORP.,3140.4,2024-07-24,SEWP CONTRACT    P/N: 010-02544-21 GARMIN GSB 15 USB CHARGING PORT QTY 6
80NSSC24FA949,"REDHAWK IT SOLUTIONS, LLC",23941.38,2024-07-24,MANGAGEENGINE OPS MANAGER SOFTWARE RENEWAL
80NSSC24FA950,"ATLANTIC DIVING SUPPLY, INC.",58859.89,2024-07-24,PURCHASE OF DRONES
80NSSC24FA952,STORSOFT TECHNOLOGY CORP,34185.0,2024-07-26,PURCHASE OF APC SMART-UPS UNITS
80NSSC24FA953,GOVERNMENT ACQUISITIONS INC,677233.77,2024-08-05,"THIS DELIVERY ORDER IS FOR TIBCO SOFTWARE MAINTENANCE, AS PROVIDED BY QUOTE # 172600-2, DATED 07/26/2024.THE PERIOD OF PERFORMANCE IS AS FOLLOWS:  BASE YEAR: 08/01/24-07/31/25 OPTION YEAR 1: 08/01/25-07/31/26 OPTION YEAR 2: 08/01/26-07/31/27"
80NSSC24FA954,"MINBURN TECHNOLOGY GROUP, LLC",12442.8,2024-07-29,THIS TASK ORDER IS FOR MICROSOFT LICENSES PER QUOTE MTGNASA- MIC-04883 DATED 07/25/2024. THE PERIOD OF PERFORMANCE IS 07/25/2024 - 07/24/2025 WITH TWO YEARS OF SOFTWARE ASSURANCE. MAINTENANCE WILL NEED TO BE RENEWED ON 07/24/2027.
80NSSC24FA955,"DH TECHNOLOGIES, INC.",44090.6,2024-07-25,ATLASSIAN MARKETPLACE SOFTWARE PLUGINS FOR JIRA
80NSSC24FA956,"COUNTERTRADE PRODUCTS, INC.",95349.0,2024-07-25,(60) DELL OPTIPLEX TOWER PLUS 7020
80NSSC24FA957,"MINBURN TECHNOLOGY GROUP, LLC",110635.2,2024-07-26,THIS TASK ORDER IS FOR MICROSOFT LICENSES PER QUOTE MTG-NASA- MIC-04787 DATED 07/24/2024. THE PERIOD OF COVERAGE IS 04/11/2024 - 04/10/2025. THE PERIOD OF PERFORMANCE IS 07/26/2024-04/10/2025 WITH TWO YEARS OF SOFTWARE ASSURANCE. MAINTENANCE WILL NEE
80NSSC24FA958,REGAN TECHNOLOGIES CORP,52524.4,2024-08-06,"APPLE MAC BOOK, SMART CARD READER STAR TECH SWITCH"
80NSSC24FA959,"AFFIGENT, LLC",249909.06,2024-07-25,ORACLE SERVERS X9-2  & SUPPORT
80NSSC24FA960,"IDEAL SYSTEM SOLUTIONS, INC.",29172.64,2024-07-29,"THIS PROGRAM IS TO PURCHASE NATIONAL INSTRUMENTS HARDWARE FOR LARC PER QUOTE # ISSQ60712, DATED 07/16/2024.DELIVERY DATE: STANDARD SHIPPING TIME 20-25 BUSINESS DAYS."
80NSSC24FA961,"MINBURN TECHNOLOGY GROUP, LLC",34834.36,2024-07-26,THIS TASK ORDER IS FOR MICROSOFT LICENSES PER QUOTE MTG-NASA- MIC-04935 DATED 07/22/2024. THE PERIOD OF PERFORMANCE IS 07/26/2024-07/25/2025 WITH TWO YEARS OF SOFTWARE ASSURANCE. MAINTENANCE WILL NEED TO BE RENEWED ON 07/25/2027.
80NSSC24FA962,GOVERNMENT ACQUISITIONS INC,213064.94,2024-07-30,DELL POWEREDGE R760XD2 SERVER
80NSSC24FA963,"MINBURN TECHNOLOGY GROUP, LLC",25427.04,2024-07-26,THIS TASK ORDER IS FOR WIN SERVER DC CORE 2022 SLNG 2L PER QUOTE MTG-NASA-MIC-04939 DATED 07/22/2024. THE PERIOD OF PERFORMANCE IS ONE YEAR FROM DATE OF AWARD.
80NSSC24FA964,"FCN, INC.",149306.4,2024-07-26,"THIS TASK ORDER IS FOR REDHAT SERVICES PER QUOTE # PAWB07122024A, DATED 07/12/2024. THE PERIOD OF PERFORMANCE IS 08/30/2024 THROUGH 08/29/2025."
80NSSC24FA966,"IDEAL SYSTEM SOLUTIONS, INC.",45352.77,2024-07-26,"THIS PROGRAM IS TO PURCHASE NATIONAL INSTRUMENTS HARDWARE FOR MSFC PER QUOTE # ISSQ60316, DATED 07/23/2024. DELIVERY DATE: STANDARD SHIPPING TIME 30-35 BUSINESS DAYS."
80NSSC24FA967,"GOVPLACE, LLC",160198.73,2024-07-25,DDN ANNUAL MAINTENANCE RENEWAL
80NSSC24FA968,"CTG FEDERAL, LLC",119179.23,2024-07-30,SUPER MICRO BLADES AND LAB OR EQUIVALENT
80NSSC24FA969,"NEW TECH SOLUTIONS, INC.",60822.86,2024-07-31,PURCHASE OF 2 UNIVERSAL SERIAL RADIO PERIPHERAL X410 UNITS
80NSSC24FA970,I3 FEDERAL LLC,17600.0,2024-07-26,PURCHASE OF APC SMART-UPS UNITS
80NSSC24FA971,"SATCOM DIRECT GOVERNMENT, LLC",10121.0,2024-08-01,AIRCRAFT SATELLITE RENEWAL - N426NA 10/1/24-9/30/25
80NSSC24FA972,"V3GATE, LLC",67261.41,2024-07-26,THIS TASK ORDER IS TO PURCHASE LIFERAY PORTAL ENTERPRISE PRODUCTION AND NON-PRODUCTION INSTANCE: SIZING 1 PER QUOTE# 1228068001 DATED 06/26/2024. THE PERIOD OF PERFORMANCE IS 09/09/2024-09/08/2025.
80NSSC24FA973,"BETTER DIRECT, LLC",20060.3,2024-07-26,AXIS Q6010-E NETWORK CAMERA & AXIS-Q6075-E PURCHASE
80NSSC24FA974,"FCN, INC.",106391.79,2024-07-29,"THIS TASK ORDER IS FOR RED HAT SERVICES PER QUOTE # PAWB04302024A, DATED 07/09/2024.  THE PERIOD OF PERFORMANCE IS 08/31/2024 THROUGH 08/30/2026."
80NSSC24FA975,"BRYCE SPACE AND TECHNOLOGY, LLC",807406.36,2024-07-29,COORDINATION AND INTEGRATION OF VARIOUS TECHNOLOGY DEVELOPMENT NEEDS WITHIN ESDMD TO ENSURE AN EFFECTIVE AND BALANCED RESPONSE TO MEET ESDMDS MOON TO MARS NEEDS GOALS AND OBJECTIVES.
80NSSC24FA976,DISTRIBUTED TECHNOLOGY GROUP LLC,38899.71,2024-07-30,"THIS TASK ORDER IS TO PURCHASE CREO DESIGN ADVANCED PLUS (NESTED BUNDLE #2),CREO DESIGN PREMIUM PLUS (NO PLM INCLUDED),WINDCHILL ADVANCED,WINDCHILL CREO DATA MANAGEMENT & VISUALIZATION PER QUOTE 12251001 DATED 07/10/2024. THE PERIOD OF PERFORMANCE IS"
80NSSC24FA977,"V3GATE, LLC",26870.66,2024-07-26,SDV 3RD PARTY MAINTENANCE RENEWAL POP: 08/01/2024 - 07/31/2025
80NSSC24FA978,"NEW TECH SOLUTIONS, INC.",51376.0,2024-07-31,FIDELIS CYBER SECURITY MAINTENANCE RENEWAL
80NSSC24FA979,"BRYCE SPACE AND TECHNOLOGY, LLC",645125.14,2024-07-30,"TO PROVIDE NASA LEADERSHIP WITH INDEPENDENT DIAGNSOTICS AND STRATEGIC ADVISORY WORK ON MATTERS INVOLVING, TECHNOLOGY POLICY AND ECONOMICS THROUGH INDEPENDENT RESEARCH AND ANALYSIS THAT ANSWERS SPECIFIC QUESTIONS ON TOPICS OF INTEREST."
80NSSC24FA980,BAHFED CORP,19896.92,2024-07-26,TELERICK PROGRESS DEVCRAFT RENEWAL LICENSE
80NSSC24FA981,AI SOLUTIONS INC,22970.0,2024-07-28,FREEFLYER RENEWAL
80NSSC24FA982,GOVERNMENT ACQUISITIONS INC,29689.3,2024-07-29,DELL SERVERS
80NSSC24FA983,GOVERNMENT ACQUISITIONS INC,39916.85,2024-07-30,DELL POWEREDGE R660XS RACK SERVER
80NSSC24FA984,"LYME COMPUTER SYSTEMS, INC.",106968.75,2024-08-13,OT : 35 PRECISION 5860 TOWER
80NSSC24FA985,FISHER SCIENTIFIC COMPANY L.L.C.,13565.6,2024-07-31,COOLER
80NSSC24FA986,AURORA SYSTEMS CONSULTING INC,9512.58,2024-07-29,DELL PROSUPPORTPLUS RENEWAL
80NSSC24FA987,"IDEAL SYSTEM SOLUTIONS, INC.",57250.0,2024-07-30,THIS TASK ORDER IS TO PURCHASE AN ENTERPRISE AGREEMENT PROGRAM PER QUOTE ISSQ60568 DATED 07/01/2024. THE PERIOD OF PERFORMANCE IS 09/24/2024-09/23/2025.
80NSSC24FA988,"ADVANCED COMPUTER CONCEPTS, INC.",20371.4,2024-07-30,CIENA MAINT RENEWAL
80NSSC24FA989,"CTG FEDERAL, LLC",178158.08,2024-07-29,FY24 JSC NETAPPS STORAGE ANNAUL MAINTENENCE AND SUPPORT
80NSSC24FA990,COLOSSAL CONTRACTING LLC,104758.86,2024-08-05,COHESITY LICENSE MAINT SUPPORT
80NSSC24FA991,"DH TECHNOLOGIES, INC.",87664.5,2024-07-29,THIS TASK ORDER IS FOR JIRA SOFTWARE (DATA CENTER) AND CONFLUENCE (DATA CENTER) PER QUOTE Q-00065329 DATED 07/25/2024. THE PERIOD OF COVERAGE IS 07/11/2024-07/29/2024. THE PERIOD OF PERFROMANCE IS 07/29-07/102025.
80NSSC24FA992,"MINBURN TECHNOLOGY GROUP, LLC",249908.32,2024-07-30,THIS TASK ORDER IS FOR MICROSOFT LICENSES MTG-NASAMIC- 04991 DATED 07/17/2024. THE PERIOD OF PERFORMANCE IS 07/30/2024-07/29/2025 WITH TWO YEARS OF SOFTWARE ASSURANCE. MAINTENANCE WILL NEED TO BE RENEWED ON 07/29/2027.
80NSSC24FA993,"FOUR POINTS TECHNOLOGY, L.L.C.",134428.13,2024-08-02,THIS TASK ORDER IS TO PURCHASE FOUR POINTS RSA SOFTWARE PER QUOTE # 112891-7 DATED 07/12/2024. PERIOD OF PERFORMANCE IS 12 MONTHS FROM DATE OF AWARD.
80NSSC24FA994,ALVAREZ LLC,18750.73,2024-07-30,HPE STORE EASY EXPANSION AND DATALAB REPLACEMENT
80NSSC24FA995,"NATIONAL QUALITY ASSURANCE - U.S.A., INC.",1694.0,2024-07-30,THE PURPOSES OF THIS TASK ORDER IS COMPLETE A SPECIAL VISIT TO CLOSE NCR'S THAT WERE RECEIVED AT AFRC'S NASA FACILITY.
80NSSC24FA996,PARAGON MICRO INC,12205.86,2024-07-30,RUCKUS WATCHDOG SUPPORT RENEWAL
80NSSC24FA997,"FCN, INC.",15618.35,2024-07-30,"THIS TASK ORDER IS FOR RED HAT ENTERPRISE LINUX WORKSTATION, RED HAT ENTERPRISE LINUX SERVER ENTRY LEVEL, SELF-SUPPORT, AND RED HAT ENTERPRISE LINUX SERVER, STANDARD (PHYSICAL OR VIRTUAL NODES) PER QUOTE PAWB07232024C DATED 07/23/2024. THE PERIOD OF"
80NSSC24FA998,SOFTWARE INFORMATION RESOURCE CORP.,18744.29,2024-07-30,CAFTA RENEWAL
80NSSC24FA999,"IDEAL SYSTEM SOLUTIONS, INC.",17466.5,2024-08-02,"THIS PROGRAM IS TO PURCHASE NATIONAL INSTRUMENTS HARDWARE FOR LARC PER QUOTE # ISSQ60724, DATED 07/16/2024. DELIVERY DATE: STANDARD SHIPPING TIME 30-35 BUSINESS DAYS. (PARTIAL DELIVERY, INVOICES AND PAYMENT ARE AUTHORIZED FOR THIS ORDER)"
80NSSC24FB001,"V3GATE, LLC",55834.26,2024-07-30,FY24 SECURELOGIX MAINTENANCE RENEWAL
80NSSC24FB002,SOFTWARE INFORMATION RESOURCE CORP.,20828.8,2024-07-31,TDK LAMBDA POWER SUPPLIES
80NSSC24FB003,"REED & ASSOCIATES, CPAS, INC.",128777.5,2024-08-13,TASK ORDER # 65 TO ACQUIRE INCURRED COST AUDIT SERVICES IN SUPPORT OF NASA'S HEADQUARTERS OFFICE OF PROCUREMENT.
80NSSC24FB004,BLUE TECH INC.,61498.83,2024-08-01,THIS TASK ORDER IS FOR ALTIUM SOFTWARE RENEWAL PER QUOTE SVBQ0081059 DATED 08/01/2024. THE PERIOD OF PERFORMANCE FOR LINE 1 IS 08/01/2024 THROUGH 01/31/2025. THE PERIOD OF PERFORMANCE FOR LINE 3 IS 08/01/2024 THROUGH 01/31/2026.
80NSSC24FB005,"GOVSMART, INC.",87784.61,2024-07-31,INMARSAT SERVICE FOR NASA SMD AIRBORNE SCIENCE PROGRAM AIRCRAFT
80NSSC24FB006,METGREEN SOLUTIONS INC,24379.0,2024-07-31,FY24 FORTINET FEDERAL
80NSSC24FB007,"REGIS & ASSOCIATES, PC",58301.06,2024-08-14,TASK ORDER # 66 TO ACQUIRE INCURRED COST AUDIT SERVICES IN SUPPORT OF NASA'S HEADQUARTERS OFFICE OF PROCUREMENT.
80NSSC24FB008,ARCHITECHTURE SOLUTIONS LLC,208193.74,2024-07-31,ATLASSIAN PLUGINS FOR CONFLUENCE DATA CENTER
80NSSC24FB009,"LYME COMPUTER SYSTEMS, INC.",102620.93,2024-07-31,THIS TASK ORDER IS FOR THE PURCHASE OF SOLIDWORKS SOFTWARE PER QUOTE 242178-SG DATED 07/01//2024. PERIOD OF PERFORMANCE IS 08/01/2024-07/31/2025.
80NSSC24FB010,"DH TECHNOLOGIES, INC.",51582.31,2024-08-02,THIS TASK ORDER IS FOR ATLASSIAN SOFTWARE AND MAINTENANCE SERVICES PER THE ATTACHED QUOTE # Q-00065324 DATED 07/25/2024. THE PERIOD OF PERFORMANCE FOR LINES 1-4 IS 08/10/24 - 08/09/25. THE PERIOD OF PERFORMANCE FOR LINES 5-6 IS 01/22/25 - 08/09/25.
80NSSC24FB011,BLUE TECH INC.,47724.9,2024-08-01,KEYSIGHT 3458A-002 DIGITAL MULTIMETER X 3 PURCHASE
80NSSC24FB013,"AMERICAN WORDATA, INC",13298.86,2024-07-01,OT :  AMNET MAINTENANCE SUPPORT FOR SUPERMICRO
80NSSC24FB013,"NEW TECH SOLUTIONS, INC.",30235.29,2024-08-01,OT : ATLASSIAN PLUG-INS RENEWAL
80NSSC24FB014,"V3GATE, LLC",104909.6,2024-08-07,JAVA SE SUBSCRIPTION
80NSSC24FB015,AURORA SYSTEMS CONSULTING INC,29068.14,2024-08-01,DELL POWEREDGE R760 RACK SERVER
80NSSC24FB016,"CSP ENTERPRISES, LLC",210265.66,2024-08-13,DELL POWER EDGE R7615 RACK SERVER
80NSSC24FB017,WEST PUBLISHING CORPORATION,56624.4,2024-08-01,"WEST LEGALEDCENTER CALL ORDER 3, OPTION YEAR 2"
80NSSC24FB018,"APPLICA SOLUTIONS, INC.",11682.71,2024-07-31,"CUBICLE WORKSTATIONS AND CHAIRS, INSTALLATION AT KSC"
80NSSC24FB019,"STANDARD-BLAZAR, LLC",102994.19,2024-08-01,HITACHI SUPPORT RENEWAL
80NSSC24FB020,"DH TECHNOLOGIES, INC.",11584.25,2024-08-01,ATLASSIAN LICENSING
80NSSC24FB022,"NEW TECH SOLUTIONS, INC.",36130.96,2024-08-05,BATTERIES FOR UPS SYSTEMS
80NSSC24FB025,HUMANIT SOLUTIONS LLC,18749633.0,2024-09-20,HUMANIT IDIQ - TASK ORDER 4
80NSSC24FB026,"REDHAWK IT SOLUTIONS, LLC",17427.6,2024-08-02,GITLAB ULTIMATE SOFTWARE  RENEWAL
80NSSC24FB027,"DH TECHNOLOGIES, INC.",49808.3,2024-08-05,JIRA PLUGIN RENEWAL
80NSSC24FB028,ACCESSAGILITY LLC,13887.45,2024-08-05,SCITOOLS UNDERSTAND DEVOPS LAB
80NSSC24FB029,"COUNTERTRADE PRODUCTS, INC.",22310.48,2024-08-02,DELL POWEREDGE R6615 RACK SERVERS
80NSSC24FB030,REGENCY CONSULTING INC,47052.52,2024-08-07,SPECIAL COMPUTATIONAL ELECTROMAGNETICS (CEM) DELL 7960 WORKSTATIONS
80NSSC24FB031,COLOSSAL CONTRACTING LLC,77208.51,2024-08-05,F5 NETWORK PROFESSIONAL SERVICES & MAINT. RENEWAL
80NSSC24FB032,"MINBURN TECHNOLOGY GROUP, LLC",29862.72,2024-08-08,THIS TASK ORDER IS FOR MICROSOFT LICENSES PER QUOTE MTG-NASA- MIC-04995 DATED 07/18/2024. THE PERIOD OF PERFORMANCE IS 08/08/2024-08/07/2025 WITH TWO YEARS OF SOFTWARE ASSURANCE. MAINTENANCE WILL NEED TO BE RENEWED ON 08/07/2027.
80NSSC24FB033,"NEW TECH SOLUTIONS, INC.",45505.8,2024-08-09,MAINTENANCE RENEWAL FOR DELL R7425 SERVERS
80NSSC24FB036,"THUNDERCAT TECHNOLOGY, LLC",94250.0,2024-08-06,RECORDED FUTURE SOFTWARE RENEWAL
80NSSC24FB037,"FCN, INC.",15113.2,2024-08-07,"THIS TASK ORDER IS FOR HIGH AVAILABITLY, RED HAT ENTERPRISE LINUX SERVER, STANDARD (PHYSICAL OR VIRTUAL NODES), AND RED HAT ENTERPRISE LINUX FOR VIRTUAL DATACENTERS, STANDARD. THE PERIOD OF PERFORMANCE IS 08/16/2024-08/15/2025."
80NSSC24FB038,ANSYS INC,96000.0,2024-08-06,THIS TASK ORDER IS TO PURCHASE ANSYS STK PREMIUM SPACE PER QUOTE Q-231787 DATED 08/06/2024. THE PERIOD OF PERFORMANCE IS 08/15/2024-08/14/2025.
80NSSC24FB039,VANA SOLUTIONS LLC,904322.0,2024-09-12,SBIR PHASE III - TASK/DELIVERY UNDER VANA IDIQ 80NSSC23DA007
80NSSC24FB040,"DH TECHNOLOGIES, INC.",0.0,2024-08-07,THIS TASK ORDER IS FOR VMWARE CLOUD FOUNDATION 5 AND VMWARE DESKTOP HYPERVISOR PRO PER QUOTE Q-00065491 DATED 07/29/2024. PERIOD OF COVERAGE FOR VCF IS 07/23/2024 TO DATE OF AWARD AND PERIOD OF PERFORMANCE IS DATE OF AWARD TO 07/22/2025. PERIOD OF PE
80NSSC24FB041,"V3GATE, LLC",33128.92,2024-08-08,OT : MAINTENANCE RENEWAL POWEREDGE R7425 SERVERS
80NSSC24FB042,"ADVANCED COMPUTER CONCEPTS, INC.",30380.0,2024-08-06,2 - SERVERLIFT ONE-TOUCH DATA CENTER LIFTS 1 - LIFT EXTENSION ATTACHMENT 1 - PLATFORM & LIFT EXTENSION ATTACHMENT
80NSSC24FB043,MCP COMPUTER PRODUCTS INC,133406.76,2024-08-08,OT MICROFOCUS MAINTENANCE RENEWAL
80NSSC24FB044,"FCN, INC.",34427.03,2024-08-07,"THIS TASK ORDER IS FOR RED HAT ENTERPRISE LINUX WORKSTATION, SELF-SUPPORT AND RED HAT ENTERPRISE LINUX FOR REAL TIME AND PREMIUM (PHYSICAL NODE) PER QUOTE PAWB07232024D DATED 07/23/2024. THE PERIOD OF PERFORMANCE IS ONE YEAR FROM DATE OF AWARD."
80NSSC24FB045,"IDEAL SYSTEM SOLUTIONS, INC.",32365.31,2024-08-08,"THIS PROGRAM IS TO PURCHASE NATIONAL INSTRUMENTS HARDWARE PER QUOTE # ISSQ60880, DATED 07/30/2024. DELIVERY DATE: STANDARD SHIPPING TIME 30-35 BUSINESS DAYS. (PARTIAL DELIVERY, INVOICES AND PAYMENT ARE AUTHORIZED FOR THIS ORDER)"
80NSSC24FB046,"V3GATE, LLC",174070.0,2024-08-07,RENEW GITLAB/ETD
80NSSC24FB047,"THUNDERCAT TECHNOLOGY, LLC",30499.17,2024-08-12,JUNIPER ADVANCED GOVERNMENT & NETWORKS CARE CORE SUPPORT
80NSSC24FB048,"THUNDERCAT TECHNOLOGY, LLC",33616.58,2024-08-09,THIS TASK ORDER IS FOR SERVICENOW FOR HQ PER QUOTE EK096885 V2 DATED 07/22/2024. THE PERIOD OF COVERAGE IS 07/16/2024 THROUGH DATE OF AWARD. THE PERIOD OF PERFORMANCE IS DATE OF AWARD THROUGH 12/15/2024.
80NSSC24FB049,"V3GATE, LLC",62169.0,2024-08-07,THIS TASK ORDER IS TO PURCHASE LIFERAY PORTAL ENTERPRISE PRODUCTION AND NON-PRODUCTION INSTANCE: SIZING 1 PER QUOTE# 1228067001 DATED 08/07/2024. THE PERIOD OF PERFORMANCE IS 09/09/2024-09/08/2025.
80NSSC24FB050,"ADVANCED COMPUTER CONCEPTS, INC.",151481.94,2024-08-07,JAMA SUBSCRIPTIONS
80NSSC24FB051,"NEW TECH SOLUTIONS, INC.",126456.06,2024-08-08,OT : DELL MAINTENANCE
80NSSC24FB052,"ADVANCED COMPUTER CONCEPTS, INC.",15053.6,2024-08-15,THIS TASK ORDER IS TO PURCHASE INTEL PARALLEL STUDIO XE COMPOSER EDITION FOR FORTRAN AND C++ LINUX PER QUOTE # 1160638-2 DATED 08/13/2024.  THE PERIOD OF PERFORMANCE IS 08/22/2024-08/21/2026.
80NSSC24FB053,FEDERAL RESOURCES CORPORATION,101200.0,2024-08-08,CHAINGUARD SUBSCRIPTION 1 YEAR
80NSSC24FB054,"COUNTERTRADE PRODUCTS, INC.",45622.2,2024-08-08,CURTISS-WRIGHT ETHERNET SWITCH AND BREAKOUT CABLE
80NSSC24FB055,"GOVSMART, INC.",10673.56,2024-08-08,RAPID7 METASPLOIT SUBSCRIPTION RENEWAL
80NSSC24FB056,"COMPUTER EVIDENCE SPECIALISTS, LLC",150000.0,2024-08-08,EQUAL EMPLOYMENT OPPORTUNITY (EEO) SUPPORT SERVICES CALL ORDER 2. POP 09/01/2024 - 08/31/2025
80NSSC24FB057,ANSYS INC,22099.94,2024-08-09,THIS TASK ORDER IS TO PURCHASE ANSYS CFD PREPPOST AND ANSYS DISCOVERY MODELING PER QUOTE Q-213197 DATED 07/29/2024. THE PERIOD OF PERFORMANCE IS 09/25/2024-09/24/2025.
80NSSC24FB058,"NEW TECH SOLUTIONS, INC.",91438.16,2024-08-08,JAMA SOFTWARE RENEWAL
80NSSC24FB059,"NEW TECH SOLUTIONS, INC.",42663.74,2024-08-09,FY24 RARITAN SUPPORT RENEWAL
80NSSC24FB060,"DH TECHNOLOGIES, INC.",46510.64,2024-08-09,THIS TASK ORDER IS FOR VMWARE CLOUD FOUNDATION 5 VMWARE PER QUOTE Q-00065614 DATED 07/31/2024. PERIOD OF PERFORMANCE IS 09/19/2024-09/18/2025.
80NSSC24FB062,"NEW TECH SOLUTIONS, INC.",56187.89,2024-08-08,FY24 DELL UNITY MAINTENANCE RENEWAL
80NSSC24FB063,"BOOTH MANAGEMENT CONSULTING, LLC",83815.19,2024-09-09,THIS IS TASK ORDER # 67 TO ACQUIRE INCURRED COST AUDIT SERVICES IN SUPPORT OF NASA'S HEADQUARTERS OFFICE OF PROCUREMENT.
80NSSC24FB064,"NEW TECH SOLUTIONS, INC.",20910.0,2024-08-08,PPS DB SERVER MAINTENANCE
80NSSC24FB066,"NEW TECH SOLUTIONS, INC.",15319.63,2024-08-12,SYSAID SOFTWARE MAINTENANCE RENEWAL
80NSSC24FB067,GOTHAM GOVERNMENT SERVICES LLC,7600.0,2024-08-14,CON 270 INTERMEDIATE COST AND PRICE ANALYSIS TRAINING COURSE
80NSSC24FB068,"MINBURN TECHNOLOGY GROUP, LLC",21774.9,2024-08-08,THIS TASK ORDER IS FOR THE RENEWAL OF MICROSOFT SOFTWARE APPLICATIONS PER QUOTE MTG-NASA-MIC-04738 DATED 08/08/2024.
80NSSC24FB069,"NEW TECH SOLUTIONS, INC.",30505.3,2024-08-09,HPE NETWORKING HARDWARE UPGRADE
80NSSC24FB070,"V3GATE, LLC",33128.92,2024-08-09,OT : MAINTENANCE RENEWAL POWEREDGE R7425 SERVERS
80NSSC24FB072,METGREEN SOLUTIONS INC,152169.0,2024-08-09,VERITAS NETBACKUP SUPPORT
80NSSC24FB074,DS GOVERNMENT SOLUTIONS CORP,35265.15,2024-08-08,"THIS TASK ORDER IS TO PURCHASE DS SOFTWARE RENEWAL PER QUOTE# PO_DSG0006461 DATED 07/25/2024. PERIOD OF PERFORMANCE IS 09/04/2024-09/03/2025,"
80NSSC24FB075,"DH TECHNOLOGIES, INC.",57299.55,2024-08-12,"THIS TASK ORDER IS TO PURCHASE CONFLUENCE (DATA CENTER), AND JIRA SERVICE DESK (DATA CENTER), PER QUOTE Q-00065234 DATED 08/09/2024. THE PERIOD OF PERFROMANCE IS 08/25/2024-08/24/2025,"
80NSSC24FB076,"HAMILTON ENTERPRISES, LLC",93495.53,2024-09-09,THIS IS TASK ORDER #68 TO ACQUIRE INCURRED COST AUDIT SERVICES IN SUPPORT OF NASA'S HEADQUARTERS OFFICE OF PROCUREMENT.
80NSSC24FB077,ANSYS INC,24166.9,2024-08-12,THIS TASK ORDER IS TO PURCHASE LSTC LS-DYNA SMALL SYSTEM ADDED CORES AND LSTC LS-DYNA SMALL SYSTEM JOB PER QUOTE Q-99181 DATED 08/06/2024. THE PERIOD OF PERFORMANCE IS 08/15/2024-08/14/2025.
80NSSC24FB078,ANSYS INC,141317.8,2024-08-12,THIS TASK ORDER IS TO PURCHASE ANSYS LSTC LS-DYNA LARGE SYSTEM CORE BUNDLES PER QUOTE Q-224952 DATED 07/25/2024. THE PERIOD OF PERFORMANCE IS 09/01/2024-08/31/2025.
80NSSC24FB079,COLOSSAL CONTRACTING LLC,69706.29,2024-08-12,NUTANIX SOFTWARE MAINTENANCE RENEWAL
80NSSC24FB080,ANSYS INC,32372.36,2024-08-12,THIS TASK ORDER IS TO PURCHASE ANSYS STK SCHEDULER - TECS PER QUOTE Q-187118 DATED 07/26/2024. THE PERIOD OF PERFORMANCE IS 09/01/2024-08/31/2025.
80NSSC24FB081,"NEW TECH SOLUTIONS, INC.",67154.0,2024-08-12,TACLANE FLEX ENCRYPTORS UPGRADE
80NSSC24FB082,STERLING COMPUTERS CORPORATION,10425.86,2024-08-12,FY24 IVANTI VIRTUAL TRAFFIC MANAGER ENTERPRISE EDITION WITH 5GB SERVICES
80NSSC24FB083,"COUNTERTRADE PRODUCTS, INC.",54500.11,2024-08-12,DELL PRECISION 7960 RACK AND TOWER WORKSTATIONS
80NSSC24FB084,ACCESSAGILITY LLC,75540.19,2024-08-13,MICRO PR - FY24 PITCH LICENSE MAINTENANCE PROCUREMENT
80NSSC24FB085,"AMERICAN WORDATA, INC",150487.04,2024-08-13,RAID INFORTREND MAINTENANCE
80NSSC24FB087,"TECHNICAL COMMUNITIES, INC.",56281.97,2024-08-13,TEKTRONICS OSCILLOSCOPE AND PROBES FOR MAGNETIC CORE MEASUREMENT SYSTEM
80NSSC24FB088,GOVERNMENT ACQUISITIONS INC,101743.14,2024-08-13,DELL ESXI SERVER
80NSSC24FB089,THERMO ELECTRON NORTH AMERICA LLC,172630.81,2024-08-13,SPECTROMETERS (IS50 FT-IR)
80NSSC24FB090,FOUR LLC,41018.52,2024-08-13,THIS TASK ORDER IS TO PURCHASE IBM SOFTWARE PER QUOTE # 1220733001 DATED 06/20/2024.  THE PERIOD OF PERFORMANCE IS 09/30/2024 - 09/29/2025.
80NSSC24FB091,SOFTWARE INFORMATION RESOURCE CORP.,21348.93,2024-08-13,PELCO EXSITE 2 SERIES EXPLOSION PROOF PTZ CAMERA MODEL NUMBER EXP2230-65 AND TWO WALL BRACKETS FOR THESE CAMERAS WITH A MODEL NUMBER OF MPXWBA
80NSSC24FB092,"DH TECHNOLOGIES, INC.",11822.01,2024-08-13,ATLASSIAN CONFIGURATION
80NSSC24FB093,BEAM GLOBAL,181303.06,2024-08-13,BEAM EV ARC
80NSSC24FB095,H. CO. COMPUTER PRODUCTS,130232.0,2024-08-14,OT THINKCP SERVERS MAINTENANCE
80NSSC24FB096,"DH TECHNOLOGIES, INC.",32831.04,2024-08-14,THIS TASK ORDER IS FOR VMWARE CLOUD FOUNDATION 5 VMWARE PER QUOTE Q-00064053 DATED 08/05/2024. THE PERIOD OF PERFORMANCE IS 12 MONTHS FROM DATE OF AWARD.
80NSSC24FB097,"THUNDERCAT TECHNOLOGY, LLC",99622.74,2024-08-14,FY24 JUNIPER ETHERNET TRANSMISSION SYSTEM (ETXS) UPGRADE
80NSSC24FB098,"LYME COMPUTER SYSTEMS, INC.",55219.39,2024-08-14,DELL PRIME SCIENCE ANALYSIS AND JBOD STORAGE POWEREDGE  R760XA SERVER
80NSSC24FB099,"ENTERPRISE TECHNOLOGY SOLUTIONS, INC.",36286.43,2024-08-16,OSCILLOSCOPE AND PROBES
80NSSC24FB100,"ENTERPRISE TECHNOLOGY SOLUTIONS, INC.",29977.22,2024-08-14,SPEEDGOAT HARDWARE
80NSSC24FB101,"NEW TECH SOLUTIONS, INC.",45725.73,2024-08-15,NATS FY24 MOTOROLA WAVE ARUS RENEWAL
80NSSC24FB102,"ABBA TECHNOLOGIES, INC.",79722.34,2024-08-29,CISCO QUAD AND DESK CAMERAS
80NSSC24FB103,FLUKE ELECTRONICS CORP,28547.0,2024-08-15,"732C/C 120, 10V DC REF STD + CHAR, TRANSIT CASE, ETERNAL BATTERY AND CHARGER, INSTRUMENT ENCLOSURE AND SHIPPING/HANDLING"
80NSSC24FB104,"ASI SIGN SYSTEMS, INC",2160.0,2024-08-15,"STANDARD OFFICE NAME / OFFICE PLATES FOR ROOMS  6N36 , 7C24 , 7C28 , 7D24 , 7D26 , 7E24 , 7E26 , 8O20 , 8O22 , 8U91 , 8V93"
80NSSC24FB105,"DH TECHNOLOGIES, INC.",175098.88,2024-08-15,THIS TASK ORDER IS FOR VMWARE CLOUD FOUNDATION 5 PER QUOTE Q-00065962 DATED 08/09/2024. THE PERIOD OF PERFORMANCE IS 12 MONTHS FROM DATE OF AWARD.
80NSSC24FB106,"DH TECHNOLOGIES, INC.",21887.36,2024-08-15,THIS TASK ORDER IS FOR VMWARE CLOUD FOUNDATION 5 PER QUOTE Q-00065963 DATED 08/09/2024. THE PERIOD OF PERFORMANCE IS 12 MONTHS FROM DATE OF AWARD.
80NSSC24FB107,"ADVANCED COMPUTER CONCEPTS, INC.",28617.51,2024-08-15,PALOALTO PA-1410 PURCHASE
80NSSC24FB108,"ENTERPRISE TECHNOLOGY SOLUTIONS, INC.",21961.95,2024-08-15,FY24 VIRUSTOTAL SUBSCRIPTION
80NSSC24FB109,"DH TECHNOLOGIES, INC.",89173.3,2024-08-15,THIS TASK ORDER IS FOR VMWARE CLOUD FOUNDATION 5 AND VMWARE DESKTOP HYPERVISOR PRO PER QUOTE Q-00065491 DATED 07/29/2024. PERIOD OF COVERAGE FOR VCF IS 07/23/2024 TO DATE OF AWARD AND PERIOD OF PERFORMANCE IS DATE OF AWARD TO 07/22/2025. PERIOD OF PE
80NSSC24FB111,FAIRWINDS TECHNOLOGIES LLC,22390.52,2024-08-22,LENEL CONTROLLERS AND READERS
80NSSC24FB112,"GOVSMART, INC.",579018.96,2024-09-20,THIS TASK ORDER IS FOR THE AGENCY-WIDE ADOBE AEM EFORMS PER QUOTE # GS2406138A2B3 DATED 06/13/2024. THE ORDER CONSISTS OF A BASE PERIOD AND FOUR 1-YEAR OPTION PERIODS. THE BASE PERIOD OF PERFORMANCE IS 09/26/2024-09/25/2025.
80NSSC24FB113,GOVERNMENT ACQUISITIONS INC,110862.29,2024-08-16,DELL ME5084 STORAGE ARRAY (210-BBSE) & ACCESSORIES
80NSSC24FB114,ANSYS INC,385959.97,2024-08-19,THIS TASK ORDER IS TO PURCHASE ANSYS STK FOR GRC PER QUOTE Q-233453 DATED 08/15/2024.  THE PERIOD OF COVERAGE IS 08/12/2024 TO DATE OF AWARD. THE PERIOD OF PERFORMANCE IS DATE OF AWARD TO 05/31/2025.
80NSSC24FB115,"FCN, INC.",32431.03,2024-08-19,"THIS TASK ORDER IS FOR RED HAT ENTERPRISE LINUX WORKSTATION, STANDARD AND RED HAT ENTERPRISE LINUX SERVER, STANDARD (PHYSICAL OR VIRTUAL NODES) PER QUOTE PAWB07232024B DATED 07-23-2024. THE PERIOD OF PERFORMANCE IS 10/27/2024 THROUGH 10/26/2025."
80NSSC24FB116,SOFTWARE INFORMATION RESOURCE CORP.,14139.0,2024-08-19,ZENDESK SUITE -PROFESSIONAL (PER AGENT) (TAA)
80NSSC24FB117,"MINBURN TECHNOLOGY GROUP, LLC",499320.0,2024-08-23,THIS TASK ORDER IS FOR MICROSOFT O365 SHAREPOINT STORAGE PER QUOTE MTG-NASA-MIC-05014 DATED 08/02/2024. THE PERIOD OF PERFORMANCE IS 09/15/2024 THROUGH 09/14/2025.
80NSSC24FB119,FOUR LLC,95425.0,2024-08-19,THIS TASK ORDER IS TO PURCHASE SPLUNK ENTERPRISE LICENSES PER QUOTE # 1221312001 DATED 07/26/2024. THE PERIOD OF PERFORMANCE IS 10/25/2024-10/24/2025.
80NSSC24FB120,ARCHITECHTURE SOLUTIONS LLC,55330.0,2024-08-20,COPPER MOUNTAIN C4220 VECTOR NETWORK ANALYZER
80NSSC24FB122,FEDERAL CONTRACTS LLC,20536.0,2024-08-19,POLARIS UTILITY TASK VEHICLE (UTV)
80NSSC24FB123,"DH TECHNOLOGIES, INC.",130682.16,2024-08-20,OT ARISTA SWITCH ROUTER / SOFTWARE HARDWARE REPLACEMENT
80NSSC24FB124,"NEW TECH SOLUTIONS, INC.",22331.75,2024-08-19,DELL POWEREDGE R760 RACK SERVER & HARD DRIVE
80NSSC24FB125,"FCN, INC.",49859.0,2024-09-05,OT JUNIPER RENEWAL
80NSSC24FB126,"MINBURN TECHNOLOGY GROUP, LLC",83985.79,2024-08-21,THIS TASK ORDER IS FOR MICROSOFT LICENSES PER QUOTE MTG-NASA-MIC-05036 DATED 08/11/2024. THE PERIOD OF PERFORMANCE IS ONE YEAR FROM DATE OF AWARD.
80NSSC24FB127,"MINBURN TECHNOLOGY GROUP, LLC",397095.06,2024-08-29,THIS TASK ORDER IS FOR MICROSOFT CIS SUITE FOR MSFC ACCORDING TO QUOTE MTG-NASA-MIC-05013 DATED 08/08/2024.  THE TASK ORDER CONSISTS OF A 4 MONTH BASE PERIOD AND THREE (3) 1-YEAR OPTION PERIODS.
80NSSC24FB128,"NEW TECH SOLUTIONS, INC.",37026.91,2024-08-19,MASTERCAM ANNUAL MAINTENANCE RENEWAL
80NSSC24FB129,"FCN, INC.",14308.16,2024-08-19,"THIS TASK ORDER IS FOR RED HAT ENTERPRISE LINUX SERVER ENTRY LEVEL, SELF-SUPPORT, RED HAT ENTERPRISE LINUX SERVER FOR HPC COMPUTE NODE, SELF-SUPPORT (PHYSICAL OR VIRTUAL NODE), AND RED HAT ENTERPRISE LINUX SERVER, STANDARD (PHYSICAL OR VIRTUAL NODES)"
80NSSC24FB130,AURORA SYSTEMS CONSULTING INC,27299.33,2024-08-20,DELL POWEREDGE R760 RACK SERVER
80NSSC24FB131,ACCESSAGILITY LLC,16517.81,2024-08-20,FY24 ATLASSIAN SUITE PLUG-INS PROCUREMENT FOR ARC CODE R
80NSSC24FB132,"NEW TECH SOLUTIONS, INC.",32054.74,2024-08-21,FY24 DELL DATA DOMAIN HARDWARE MAINTENANCE RENEWAL
80NSSC24FB133,COLOSSAL CONTRACTING LLC,25332.16,2024-08-22,JUNIPER CARE RENEWAL
80NSSC24FB134,BAHFED CORP,17872.49,2024-08-20,PUGET HIGH MEMORY WORKSTATION
80NSSC24FB135,STRUERS INC,113861.36,2024-08-21,AUTOMATIC GRINDING AND POLISHING MACHINE
80NSSC24FB136,BAHFED CORP,25968.66,2024-08-21,FY24 EGS DIS UPGRADE - MULTIDYNE
80NSSC24FB137,ARCHITECHTURE SOLUTIONS LLC,74117.03,2024-08-22,OT  DELL PROSUPPORT RENEWAL FOR EMC NETWORKER SOFTWARE
80NSSC24FB138,"GOVSMART, INC.",13445.89,2024-08-21,TABLEAU RENEWAL
80NSSC24FB139,"ADVANCED COMPUTER CONCEPTS, INC.",9080.54,2024-08-21,EDB SOFTWARE SUBSCRIPTION RENEWAL
80NSSC24FB140,UHY LLP,21000.0,2024-08-21,GEWA AUDIT
80NSSC24FB141,UHY LLP,18000.0,2024-08-21,WEMA AUDIT
80NSSC24FB142,UHY LLP,21000.0,2024-08-21,GCDC AUDITS
80NSSC24FB143,BAHFED CORP,16901.46,2024-08-28,KRON CHRONOS 4K12 CAMERA
80NSSC24FB144,TRANSOURCE SERVICES CORP.,83292.78,2024-08-21,FY24 WIND RIVER VXWORKS VIPER RENEWAL
80NSSC24FB145,ANSYS INC,19874.4,2024-08-22,THIS TASK ORDER IS TO PURCHASE ANSYS STK PREMIUM SPACE - TECS FOR GRC PER QUOTE Q-2227400 DATED 07/18/2024. THE PERIOD OF PERFORMANCE IS 10/01/2024 THROUGH 09/30/2025.
80NSSC24FB146,AURORA SYSTEMS CONSULTING INC,147473.49,2024-08-21,STSBWULF COMPUTING SYSTEM UPGRADE - DELL SERVERS
80NSSC24FB147,"AMERICAN WORDATA, INC",249984.65,2024-08-23,INFORTREND RAID EQUIPMENT
80NSSC24FB148,"FCN, INC.",46494.28,2024-08-26,"THIS TASK ORDER IS FOR RED HAT ENTERPRISE LINUX SERVER, PREMIUM (PHYSICAL OR VIRTUAL NODES) PER QUOTE PAWB08212024B DATED 08/21/2024. THE PERIOD OF PERFORMANCE IS 10/02/2024 THROUGH 10/01/2025."
80NSSC24FB149,"LYME COMPUTER SYSTEMS, INC.",60161.38,2024-08-22,DELL CONNECTRIX DS-7720B  FIBRE CHANNEL SAN SWITCH
80NSSC24FB150,"IDEAL SYSTEM SOLUTIONS, INC.",16455.36,2024-08-22,"THIS PROGRAM IS TO PURCHASE NATIONAL INSTRUMENTS HARDWARE FOR LARC PER QUOTE # ISSQ60972, DATED 08/08/2024. DELIVERY DATE: STANDARD SHIPPING TIME 30-35 BUSINESS DAYS."
80NSSC24FB152,ANSYS INC,42446.25,2024-08-22,THIS TASK ORDER IS TO PURCHASE LSTC LS-DYNA LARGE SYSTEM CORE FOR ARC PER QUOTE Q-224929 DATED 08/20/2024. THE PERIOD OF PERFORMANCE IS 09/01/2024 THROUGH 08/31/2025.
80NSSC24FB153,"NEW TECH SOLUTIONS, INC.",28064.0,2024-08-22,RPL HP Z8 G5 SOC WORKSTATION
80NSSC24FB154,"NEW TECH SOLUTIONS, INC.",78319.8,2024-09-04,VXWORKS 7 ANNUAL LICENSE SUPPORT RENEWAL POP: 8/9/24 - 8/8/25
80NSSC24FB155,"ENTERPRISE TECHNOLOGY SOLUTIONS, INC.",145595.8,2024-09-17,QTY OF 7 TELEDYNE FLIR A655SC CAMERAS
80NSSC24FB156,"NEW TECH SOLUTIONS, INC.",92652.0,2024-09-09,(12) PHANTYM MOBILE LAB
80NSSC24FB157,DYNAMIC SYSTEMS INC,13483.2,2024-08-22,ORACLE PREMIER SUPPORT SERVICES AGREEMENT
80NSSC24FB158,TRANSOURCE SERVICES CORP.,16000.0,2024-08-22,CLEARVIEW AI LICENSE
80NSSC24FB159,"NEW TECH SOLUTIONS, INC.",28313.2,2024-08-26,MAINT RENEWAL FOR DSS 7000 & 7500
80NSSC24FB161,GOVERNMENT ACQUISITIONS INC,19631.07,2024-08-27,SUPER MICRO STORAGE SUPERSERVE
80NSSC24FB162,"TECHNICAL COMMUNITIES, INC.",74203.5,2024-08-23,PURCHASE OF 3 HANDHELD SPECTRUM/RF/NETWORK ANALYZERS
80NSSC24FB163,"PREMIER & COMPANIES, INC.",132089.09,2024-08-23,"CONFERENCE TABLE AND CHAIRS. HON MOTIVATE LINE OF ITEMS. 63 TABLES, 203 CHAIRS"
80NSSC24FB164,"COUNTERTRADE PRODUCTS, INC.",17951.56,2024-08-23,DELL PRECISION 7680 WORKSTATION
80NSSC24FB165,"MINBURN TECHNOLOGY GROUP, LLC",27130.0,2024-08-23,THIS TASK ORDER IS MICROSOFT LICENSES PER QUOTE MTG-NASA- MIC-04951 DATED 08/20/2024. THE PERIOD OF PERFORMANCE IS 08/23/2024-08/22/2025 WITH TWO YEARS OF SOFTWARE ASSURANCE. MAINTENANCE WILL NEED TO BE RENEWED ON 08/22/2027.
80NSSC24FB166,INSTITUTE OF ELECTRICAL & ELECTRONICS ENGINEERS INC,826961.0,2024-08-29,NASA IEEE IEL AGENCY SUBSCRIPTION RENEWAL
80NSSC24FB167,REGAN TECHNOLOGIES CORP,34925.94,2024-08-23,EXTRON EQUIPMENT
80NSSC24FB169,G. C. MICRO CORPORATION,14107.5,2024-08-26,UNITY INDUSTRY ANNUAL SUBSCRIPTION RENEWAL POP: 09/14/2024 - 09/13/2025 ELMT STANDALONE
80NSSC24FB170,"ADVANCED COMPUTER CONCEPTS, INC.",25735.38,2024-08-27,THIS TASK ORDER IS TO PURCHASE ADVANCED COMPUTER CONCEPTS SOFTWARE PER QUOTE # 1159415-3 DATED 08/23/2024. THE PERIOD OF PERFORMANCE IS 10/19/2024-10/18/2025.
80NSSC24FB171,"REED & ASSOCIATES, CPAS, INC.",40566.79,2024-09-11,TASK ORDER #69 TO ACQUIRE INCURRED COST AUDIT SERVICES IN SUPPORT OF NASA'S HEADQUARTERS OFFICE OF PROCUREMENT.
80NSSC24FB172,"NEW TECH SOLUTIONS, INC.",36960.0,2024-08-27,"SAMSUNG VHR-R SERIES 55"" WALL MONITORS"
80NSSC24FB173,GOVERNMENT ACQUISITIONS INC,20404.22,2024-08-26,DELL SERVERS FOR GENETEC VIDEO ARCHIVERS
80NSSC24FB174,"MINBURN TECHNOLOGY GROUP, LLC",3355128.0,2024-08-30,THIS TASK ORDER IS FOR MICROSOFT POWER APPS PREMIUM AGENCY-WIDE ACCORDING TO QUOTE MTG-NASA-MIC-05035 DATED 08/09/2024.  THE TASK ORDER CONSISTS OF AN 8 MONTH BASE PERIOD AND THREE (3) 1-YEAR OPTION PERIODS.
80NSSC24FB175,GOVERNMENT ACQUISITIONS INC,189697.38,2024-08-26,DELL HARDWARE
80NSSC24FB176,"ABM FEDERAL SALES, INC.",26092.8,2024-08-26,DELL MONITORS AND HP WORKSTATIONS
80NSSC24FB177,"COUNTERTRADE PRODUCTS, INC.",133661.04,2024-08-27,COD DELL POWEREDGE MX760 SERVERS
80NSSC24FB178,"NEW TECH SOLUTIONS, INC.",21615.3,2024-08-27,TOBII PRO GLASSES
80NSSC24FB179,"NEW TECH SOLUTIONS, INC.",36816.15,2024-08-26,MOTOROLA SOLUTIONS APX N70 RADIOS & EQUIPMENT
80NSSC24FB180,"LYME COMPUTER SYSTEMS, INC.",166876.37,2024-08-28,DELL POWER PROTECT APPLIANCE AND SOFTWARE
80NSSC24FB181,GOVERNMENT ACQUISITIONS INC,135131.08,2024-08-27,DELL POWEREDGE R760 RACK SERVER & LEGRAND OPTICAL CABLE
80NSSC24FB182,"DLT SOLUTIONS, LLC",143100.0,2024-08-22,IMAGINIT TECHNOLOGIES CONSULTING SERVICES
80NSSC24FB183,"NEW TECH SOLUTIONS, INC.",42956.17,2024-08-27,GRAFANA RENEWAL
80NSSC24FB184,"REGIS & ASSOCIATES, PC",27974.31,2024-09-19,TO 70 TO ACQUIRE INCURRED COST AUDIT SERVICES IN SUPPORT OF NASA'S HEADQUARTERS OFFICE OF PROCUREMENT.
80NSSC24FB185,CARAHSOFT TECHNOLOGY CORP,46145.93,2024-08-29,KOFAX PRODUCT
80NSSC24FB186,"PANAMERICA COMPUTERS, INC.",17416.6,2024-09-05,OT  MAGNET AXIOM ESSENTIALS
80NSSC24FB188,TRANSOURCE SERVICES CORP.,32520.0,2024-08-28,(6) ONLOGIC AXIAL AC101 RACKMOUNT EDGE SERVERS
80NSSC24FB189,"LYME COMPUTER SYSTEMS, INC.",21757.1,2024-08-28,THIS TASK ORDER IS FOR THE PURCHASE OF SOLIDWORKS SOFTWARE PER QUOTE # 243041-LY DATED 07/23/2024. PERIOD OF PERFORMANCE IS 10/01/2024-09/30/2025.
80NSSC24FB190,DELL FEDERAL SYSTEMS L.P,62476.6,2024-08-28,DELL POWEREDGE MX760C SERVER (210-BEWU)
80NSSC24FB191,"COUNTERTRADE PRODUCTS, INC.",34070.78,2024-08-26,DELL POWEREDGE R660 SERVER
80NSSC24FB192,"NEW TECH SOLUTIONS, INC.",13233.1,2024-08-28,AUTHENTIC8 SOFTWARE AND SUPPORT RENEWAL
80NSSC24FB193,"COUNTERTRADE PRODUCTS, INC.",338409.32,2024-09-10,"THIS IS A STANDALONE DELIVERY ORDER FOR JSC'S OPENTEXT DOCUMENTUM SOFTWARE MAINTENANCE RENEWAL, AS PROVIDED BY CONTRACTOR QUOTATION # B-513010, DATED 08/19/2024.  THE PERIOD OF PERFORMANCE IS 10/01/2024 - 09/30/2025."
80NSSC24FB194,INTERNATIONAL BUSINESS MACHINES CORPORATION,148425.0,2024-08-28,HPSS ANNUAL STANDARD SUPPORT SERVICES
80NSSC24FB195,"NEW TECH SOLUTIONS, INC.",14184.9,2024-08-29,"HP ZBOOK POWER 16"" G11 A MOBILE WORKSTATION PC"
80NSSC24FB196,"WILDFLOWER INTERNATIONAL, LTD.",629912.36,2024-09-04,"THIS TASK ORDER IS FOR WIND RIVER SOFTWARE AND SERVICES PER QUOTE # 1246978001, DATED 08/28/2024. THE PERIOD OF PERFORMANCE IS 09/07/2024 - 09/06/2025."
80NSSC24FB197,"LYME COMPUTER SYSTEMS, INC.",12340.52,2024-08-29,(2) DELL PRECISION 3680 TOWER WORKSTATIONS
80NSSC24FB198,"ENTERPRISE TECHNOLOGY SOLUTIONS, INC.",141071.68,2024-09-03,LARC CONSOLIDATED SARATECH/SIEMENS RENEWAL
80NSSC24FB199,ANSYS INC,13500.0,2024-08-30,THIS TASK ORDER IS FOR ANSYS MENTORING EXPERT PER QUOTE # Q-195897 DATED 08/29/2024. THE PERIOD OF PERFORMANCE IS 09/23/2024-01/31/2025.
80NSSC24FB200,BECKER PROFESSIONAL DEVELOPMENT CORPORATION,25000.0,2024-08-29,CONTINUING PROFESSIONAL EDUCATION - VIRTUAL INSTRUCTOR-LED TRAINING
80NSSC24FB201,TEVET LLC,94000.0,2024-08-30,KEYENCE DIGITAL MICROSCOPE VHX-X1
80NSSC24FB202,ANSYS INC,55180.0,2024-08-30,THIS TASK ORDER IS FOR ANSYS SOFTWARE PER QUOTE # Q-97783 DATED 08/27/2024. THE PERIOD OF PERFORMANCE IS 08/30/2024-08/29/2025.
80NSSC24FB203,"ADVANCED COMPUTER CONCEPTS, INC.",23896.06,2024-09-03,AXIS CAMERAS AND EQUIPMENT
80NSSC24FB204,SOFTWARE INFORMATION RESOURCE CORP.,16051.5,2024-09-12,SOFTWARE MAINTENANCE SUPPORT
80NSSC24FB206,"COUNTERTRADE PRODUCTS, INC.",29848.47,2024-09-03,DELL PRECISION 7960 RACK XCTO BASE (210-BFRC)
80NSSC24FB207,"NEW TECH SOLUTIONS, INC.",24106.06,2024-09-11,-HP LT9 TAPE LIBRARY
80NSSC24FB208,SOFTWARE INFORMATION RESOURCE CORP.,33054.0,2024-09-11,SOFTWARE MAINTENANCE FOR ALTAIR WINPROP ELMT STANDALONE
80NSSC24FB209,"NEW TECH SOLUTIONS, INC.",13562.7,2024-09-17,OT PURCHASE OR PORTAINER ENTERPRISE EDITION
80NSSC24FB210,"NEW TECH SOLUTIONS, INC.",24349.42,2024-09-03,TYLER TECHNOLOGIES SHARED HOSTING RENEWAL
80NSSC24FB211,SOFTWARE INFORMATION RESOURCE CORP.,38163.94,2024-09-04,RA RENEWAL
80NSSC24FB212,"FCN, INC.",43362.0,2024-09-05,SUPERMICRO SUPERCHASSIS SEAGATE HARD DRIVE
80NSSC24FB213,"INTEGRATION TECHNOLOGIES GROUP, INC.",31020.0,2024-09-05,JAWS INSPECT ENTERPRISES LICENSE
80NSSC24FB214,"NEW TECH SOLUTIONS, INC.",33933.0,2024-09-10,UBUNTU PRO SUBSCRIPTION
80NSSC24FB215,WEST PUBLISHING CORPORATION,79990.68,2024-09-04,1/60-USER CLEAR GOVERNMENT FRAUD & 10 REAL-TIME INCARCERATION AND ARREST RECORD LICENSES ELMT STANDALONE
80NSSC24FB216,"MINBURN TECHNOLOGY GROUP, LLC",44317.0,2024-09-10,THIS TASK ORDER IS FOR VISUAL STUDIO PRO 2022 SLNG PER QUOTE # MTG-NASA-MIC-05051 DATED 08/29/2024. THE PERIOD OF PERFORMANCE IS 12 MONTHS FROM DATE OF AWARD.
80NSSC24FB217,"DH TECHNOLOGIES, INC.",19450.88,2024-09-05,THIS TASK ORDER IS FOR VMWARE CLOUD FOUNDATION 5 PER QUOTE Q-00066884 DATED 09/03/2024. THE PERIOD OF COVERAGE IS 08/15/2024 - DATE OF AWARD. THE PERIOD OF PERFORMANCE IS DATE OF AWARD - 08/14/2025.
80NSSC24FB219,"FCN, INC.",10955.63,2024-09-05,"THIS TASK ORDER IS FOR RED HAT ENTERPRISE LINUX FOR VIRTUAL DATACENTERS, STANDARD, RED HAT ENTERPRISE LINUX SERVER FOR HPC HEAD NODE, STANDARD (PHYSICAL OR VIRTUAL NODES) AND RED HAT ENTERPRISE LINUX SERVER ENTRY LEVEL, SELF-SUPPORT PER QUOTE PAWB082"
80NSSC24FB220,GOVERNMENT ACQUISITIONS INC,111990.35,2024-09-13,NEW TECH SOLUTIONS ELITE PRO 1U SERVERS & TRIPP LITE RACK-MOUNT
80NSSC24FB221,"ABBA TECHNOLOGIES, INC.",39118.95,2024-09-05,NVIDIA RTX PERPETUAL LICENSE
80NSSC24FB222,"KBR WYLE SERVICES, LLC",249567.0,2024-09-05,SYSTEMS ENGINEERING AND INTEGRATION FOR NUCLEAR THERMAL PROPULSION
80NSSC24FB223,"ENTERPRISE TECHNOLOGY SOLUTIONS, INC.",37733.19,2024-09-05,UPGRADE VOUND INTELLA CONNECT LICENSE TO VOUND INTELLA CONNECT PLUS
80NSSC24FB224,"FCN, INC.",39881.0,2024-09-11,OT JUNIPER SWITCHES / SUPPORT / ADV CARE
80NSSC24FB225,"LYME COMPUTER SYSTEMS, INC.",62245.74,2024-09-10,THIS TASK ORDER IS FOR THE PURCHASE OF SOLIDWORKS SOFTWARE PER QUOTE # 243200-SG DATED 07/24/2024. PERIOD OF PERFORMANCE IS ONE YEAR FROM DATE OF AWARD.
80NSSC24FB226,FAIRWINDS TECHNOLOGIES LLC,127230.0,2024-09-10,"2-RUGGEDIZED CUSTOM CHASSIS FOR RFSOC (GFE BOARD), TESTED"
80NSSC24FB227,FOUR LLC,12568.3,2024-09-06,MINITAB STATISTICAL SOFTWARE NAMED-USER SUB LICENSE
80NSSC24FB228,DBISP LLC,3999.28,2024-09-09,1EA 2X2 VIDEO WALL ROLLING CART DISPLAY WITH 96 INCH UPRIGHTS
80NSSC24FB229,"LYME COMPUTER SYSTEMS, INC.",82659.22,2024-09-09,POWEREDGE R860 (210-BGNL)
80NSSC24FB230,"LYME COMPUTER SYSTEMS, INC.",11940.03,2024-09-09,DELL MAINTENANCE RENEWAL
80NSSC24FB231,DYNAMIC SYSTEMS INC,40080.0,2024-09-09,ORACLE MAINTENANCE RENEWAL / PART # L10006 / QTY - 1200
80NSSC24FB232,"KOI COMPUTERS, INC.",6050.0,2024-09-09,REPLACEMENT OF THE GRC-ATF SPACE ENVIRONMENT COMPLEX PLOTTER
80NSSC24FB234,TLD WOLLARD LLC,142644.0,2024-09-09,6K DIESEL TUG.
80NSSC24FB235,GOVERNMENT SCIENTIFIC SOURCE INC,143597.28,2024-09-12,KEYENCE VK-X3000 LASER MICROSCOPE SYSTEM AND ACCESSORIES
80NSSC24FB236,FLUKE ELECTRONICS CORP,178693.51,2024-09-10,FLUKE 5730A CALIBRATOR AND AMPLIFIERS
80NSSC24FB238,COLSA CORP,191932.08,2024-09-18,"THIS IS A SPECIAL PROJECTS TASK ORDER WHICH PROVIDES SUPPORT TO 3.8.1.4.2 CYBERSECURITY SERVICES (CYS) SUPPORT, WHICH SUPPORTS CYS DEVELOPMENT IN THE NSSC'S SERVICENOW INSTANCE AND DATA CENTER INFRASTRUCTURE SUPPORTING CYS APPLICATIONS."
80NSSC24FB239,COLSA CORP,26071640.37,2024-09-19,THIS IS THE CONTRACT YEAR 2 TASK ORDER FOR LEVEL OF EFFORT SERVICES UNDER THE NTSS CONTRACT.
80NSSC24FB240,COLSA CORP,0.0,2024-09-18,"THIS IS A SPECIAL PROJECTS TASK ORDER WHICH PROVIDES SUPPORT TO 3.8.1.4.1.1 IT GOVERNANCE AND IT SERVICE SUPPORT, 3.8.1.4.1.2 IT DEVELOPMENT AND 3.8.1.4.1.3 DESKTOP SUPPORT."
80NSSC24FB242,COLSA CORP,677216.42,2024-09-18,THIS IS A SPECIAL PROJECTS TASK ORDER WHICH PROVIDES SUPPORT&#1048579TO 3.8.1.4.6 SMO SUPPORT
80NSSC24FB243,DEVA & ASSOCIATES PC,67760.0,2024-09-23,"TO 71 TO ACQUIRE INCURRED COST AUDIT SERVICES IN SUPPORT OF NASA'S HEADQUARTERS OFFICE OF PROCUREMENT,"
80NSSC24FB244,"THUNDERCAT TECHNOLOGY, LLC",74948.16,2024-09-10,CISCO CATALYST 9400 SERIES 3200W DC POWER SUPPLY
80NSSC24FB245,SOFTWARE INFORMATION RESOURCE CORP.,70951.76,2024-09-11,ARM RENEWAL
80NSSC24FB246,REGENCY CONSULTING INC,45981.18,2024-09-13,DELL POWER VAULT MD2412 WITH DUAL AC POWER SUPPLY
80NSSC24FB247,"LYME COMPUTER SYSTEMS, INC.",17594.16,2024-09-10,DIGITAL INTELLIGENCE FORENSIC DUPLICATORS
80NSSC24FB248,"GOVSMART, INC.",19626.86,2024-09-11,EXTRON EQUIPMENT
80NSSC24FB249,FOUR LLC,62343.84,2024-09-13,THIS TASK ORDER IS TO PURCHASE IBM RATIONAL DOORS SOFTWARE PER QUOTE # 1221662001 DATED 8/19/2024. THE PERIOD OF PERFORMANCE IS 10/01/2024 - 09/30/2025.
80NSSC24FB250,FOUR LLC,41636.82,2024-09-11,THIS TASK ORDER IS TO PURCHASE IBM SOFTWARE PER QUOTE # 1220889002 DATED 09/03/2024. THE PERIOD OF COVERAGED IS 08/13/2024-09/10/2025.    THE PERIOD OF PERFORMANCE IS 09/11/2024-08/12/2025.
80NSSC24FB251,"IDEAL SYSTEM SOLUTIONS, INC.",44601.17,2024-09-13,"THIS PROGRAM IS TO PURCHASE NATIONAL INSTRUMENTS HARDWARE FOR MSFC PER QUOTE # ISSQ59019 DATED 09/11/2024. DELIVERY DATE: STANDARD SHIPPING TIME 50-55 BUSINESS DAYS. (PARTIAL DELIVERY, INVOICES AND PAYMENT ARE AUTHORIZED FOR THIS ORDER)"
80NSSC24FB252,"ADVANCED COMPUTER CONCEPTS, INC.",36129.72,2024-09-11,CISCO MODULE
80NSSC24FB253,BAHFED CORP,41554.78,2024-09-13,REDIS MAINTENANCE RENEWAL- ERIC HERRON- MSFC
80NSSC24FB255,"NEW TECH SOLUTIONS, INC.",9162.88,2024-09-12,DELL 5860 WORKSTATION WITH 20 CORES
80NSSC24FB256,"DH TECHNOLOGIES, INC.",68843.92,2024-09-12,"THIS TASK ORDER IS TO PURCHASE JIRA SERVICE DESK (DATA CENTER), CONFLUENCE (DATA CENTER) AND JIRA SOFTWARE (DATA CENTER) FOR ARC PER QUOTE Q-00066832 DATED 08/30/2024. THE PERIOD OF PERFORMANCE IS 1 YEAR FROM DOA."
80NSSC24FB257,"IDEAL SYSTEM SOLUTIONS, INC.",37996.4,2024-09-12,"THIS PROGRAM IS TO PURCHASE NATIONAL INSTRUMENTS HARDWARE FOR GRC PER QUOTE # ISSQ61289, DATED 09/03/2024. DELIVERY DATE: STANDARD SHIPPING TIME 30-35 BUSINESS DAYS."
80NSSC24FB258,TEVET LLC,158150.62,2024-09-13,KEYENCE VHX-X1 3D MICROSCOPE WITH ELEMENTAL ANALYSIS
80NSSC24FB259,SOFTWARE INFORMATION RESOURCE CORP.,27209.2,2024-09-13,"SW - CADENCE , ALLEGRO, ORCAD"
80NSSC24FB260,REGENCY CONSULTING INC,22525.12,2024-09-17,"DELL MOBILE PRECISION 7780  WORKSTATION, 17"""
80NSSC24FB261,"FCN, INC.",34055.0,2024-09-16,JUNIPER SWITCHES
80NSSC24FB262,"FCN, INC.",18334.0,2024-09-13,EXTREME NETWORKS NBD ADVANCED HW SERVICES
80NSSC24FB263,NCS TECHNOLOGIES INC,11271.25,2024-09-13,CISCO 25GBASE-SR SFP28 TRANSCEIVER MODULES
80NSSC24FB264,"REDHAWK IT SOLUTIONS, LLC",12469.23,2024-09-17,ATLASSIAN MP RENEWAL FY24
80NSSC24FB265,"IDEAL SYSTEM SOLUTIONS, INC.",32365.31,2024-09-16,"THIS PROGRAM IS TO PURCHASE NATIONAL INSTRUMENTS HARDWARE FOR AFRC PER QUOTE # ISSQ61388, DATED 9/11/2024."
80NSSC24FB266,"NEW TECH SOLUTIONS, INC.",16965.75,2024-09-18,APPLE PURCHASE
80NSSC24FB267,"THUNDERCAT TECHNOLOGY, LLC",557445.6,2024-09-20,"THIS DELIVERY ORDER IS FOR SERVICENOW IMPACT ADVANCED FOR LARC PER QUOTE EK099591 V2, DATED 09/16/2024. THE POC IS 09/16/2024 TO DATE OF AWARD. THE POP IS DATE OF AWARD TO 09/15/2025. PARTIAL INVOICING AND PARTIAL PAYMENT ARE AUTHORIZED."
80NSSC24FB269,"DH TECHNOLOGIES, INC.",5296954.52,2024-09-26,"THIS TASK ORDER IS FOR AN AGENCY-WIDE VMWARE RENEWAL PER QUOTE Q-00067500, DATED 09/18/2024. THE ORDER CONSISTS OF ONE 12 MONTH BASE PERIOD AND TWO 12 MONTH OPTION PERIODS."
80NSSC24FB270,"DH TECHNOLOGIES, INC.",56501.76,2024-09-26,"THIS TASK ORDER IS FOR AN AGENCY-WIDE VMWARE RENEWAL PER QUOTE Q-00067507, DATED 09/18/2024. THE ORDER CONSISTS OF ONE 12 MONTH BASE PERIOD AND TWO 12 MONTH OPTION PERIODS."
80NSSC24FB271,"DH TECHNOLOGIES, INC.",129531.36,2024-09-26,"THIS TASK ORDER IS FOR AN AGENCY-WIDE VMWARE RENEWAL PER QUOTE Q-00067504, DATED 09/18/2024. THE ORDER CONSISTS OF ONE 12 MONTH BASE PERIOD AND TWO 12 MONTH OPTION PERIODS."
80NSSC24FB272,BAHFED CORP,73072.75,2024-09-19,DELL HARDWARE MAINTENANCE
80NSSC24FB273,REGENCY CONSULTING INC,66549.6,2024-09-23,CISCO SFP+ BIDIRECTIONAL TRANSCEIVERS
80NSSC24FB274,ANSYS INC,46733.51,2024-09-17,THIS TASK ORDER IS FOR ANSYS SOFTWARE PER QUOTE # Q-102721 DATED 09/11/2024. THE PERIOD OF COVERAGE IS 07/01/2025-09/16/2024. THE PERIOD OF PERFORMANCE IS 09/17/2024-06/30/2025.
80NSSC24FB276,"COUNTERTRADE PRODUCTS, INC.",44128.58,2024-09-18,HPE APOLLO 4200 GEN10 PLUS 240TB 25GB ARCHIVE NODE FOR QUMULO
80NSSC24FB277,"TECHNOLOGY PROJECT MANAGERS, INC.",140250.0,2024-09-18,THIS TASK SHALL REQUIRE THE WRITING OF SECTION E SCIENCE IMPLEMENTATION SECTION FOR THE ALICE INSTRUMENT WITHIN THE STRIVE MISSION CONCEPT STUDY REPORT (CSR).
80NSSC24FB278,"REDHAWK IT SOLUTIONS, LLC",38424.96,2024-09-18,"TRAINING PURCHASE OVER $25,000.00"
80NSSC24FB279,"THUNDERCAT TECHNOLOGY, LLC",26550.0,2024-09-18,JUNIPER KEDALION 2024 NEW FIREWALLS
80NSSC24FB280,"GLOBAL ENTERPRISE, INC",19341.0,2024-09-20,TRIPLE-L 10K FLAT BED TRAILER
80NSSC24FB281,FOUR LLC,199600.4,2024-09-23,THIS TASK ORDER IS TO PURCHASE IBM SOFTWARE PER QUOTE #1221895001 DATED 09/04/2024. THE PERIOD OF PERFORMANCE IS 12 MONTHS FROM DATE OF AWARD.
80NSSC24FB283,"THUNDERCAT TECHNOLOGY, LLC",243253.69,2024-09-19,CORERO SMARTWALL SW & JUNIPER CARE HW SUPPORT
80NSSC24FB284,SOFTWARE INFORMATION RESOURCE CORP.,0.0,2024-09-23,PAM CARD REPLACEMENT FOR OSBI
80NSSC24FB285,"NEW TECH SOLUTIONS, INC.",15724.8,2024-09-21,DIGICERT MULTI-DOMAIN SSL CERTIFICATES
80NSSC24FB286,FOUR LLC,366390.31,2024-09-25,"THIS TASK ORDER IS FOR SPLUNK PROFESSIONAL SERVICES PER THE ATTACHED QUOTE # 1221478003, DATED 09/20/2024. THE PERIOD OF PERFORMANCE IS 10/11/2024 - 10/10/2025."
80NSSC24FB287,GOVERNMENT ACQUISITIONS INC,12261.84,2024-09-23,OT DELL R750 SERVER
80NSSC24FB288,"IDEAL SYSTEM SOLUTIONS, INC.",203265.0,2024-09-19,THIS TASK ORDER IS TO PURCHASE AN ENTERPRISE PROGRAM PER QUOTE ISSQ61311 DATED 09/04/2024. THE PERIOD OF PERFORMANCE IS 09/27/2024-09/26/2025.
80NSSC24FB289,"TECHNICAL COMMUNITIES, INC.",64162.75,2024-09-19,PURCHASE KEYSIGHT N9918 FIELD FOX
80NSSC24FB290,FLUKE ELECTRONICS CORP,88680.3,2024-09-19,FLUKE HIGH PRESSURE CONTROLLER AND HIGH ACCURACY MEASUREMENT MODULES
80NSSC24FB291,"NEW TECH SOLUTIONS, INC.",15046.56,2024-09-23,OT MAC STUDIO DESKTOP / APPLECARE / MAC STUDIO SERVICE
80NSSC24FB293,BAHFED CORP,92810.37,2024-09-20,DELL POWEREDGE R760 RACK SERVER
80NSSC24FB294,"4 STAR TECHNOLOGIES, INC.",334519.59,2024-09-25,"THIS DELIVERY ORDER IS FOR PI SOFTWARE, PROFESSIONAL SERVICES, AND TRAINING PER QUOTE 48476A, DATED 09/17/2024.THE PERIOD OF PERFORMANCE IS 12 MONTHS FROM DATE OF AWARD."
80NSSC24FB295,TEVET LLC,132684.97,2024-09-20,4K RESOLUTION DIGITAL MICROSCOPE
80NSSC24FB296,"ADVANCED COMPUTER CONCEPTS, INC.",16086.05,2024-09-23,AXIS XPQ1785 EXPLOSION PROTECTED PTZ CAMERA
80NSSC24FB297,"MICROWAY, INC.",27052.0,2024-09-23,MICROWAY EPYC GENOA WHISPERSTATION
80NSSC24FB298,COLSA CORP,196222.53,2024-09-30,THIS IS A SPECIAL PROJECTS TASK ORDER WHICH PROVIDES SUPPORT TO 3.8.1.4.8 SSC OCIO SUPPORT FOR RESEARCHING NEW TECHNOLOGIES AND COMMERCIAL OFF THE SHELF (COTS) PRODUCTS FOR POSSIBLE APPLICATION AND IMPROVEMENTS.
80NSSC24FB299,"ABBA TECHNOLOGIES, INC.",12537.62,2024-09-24,HW LAPTOPS
80NSSC24FB301,UNISON VIRTUAL ACQUISITION OFFICE LLC,55197.51,2024-09-23,25 VAO LICENSES (SIN: 511210 TERM SOFTWARE LICENSES)
80NSSC24FB304,"DH TECHNOLOGIES, INC.",28090.88,2024-09-24,THIS TASK ORDER IS FOR VMWARE CLOUD FOUNDATION 5 PER QUOTE Q-00066902 DATED 09/03/2024.
80NSSC24FB305,"BRYCE SOLUTIONS, LLC",295768.5,2024-09-25,TASK ORDER #22:  ENHANCING AND MANAGING HR INTRANET CONTENT AND ESTABLISHING AND MAINTAINING AN HR CENTRALIZED DOCUMENT REPOSITORY
80NSSC24FB306,OGIS COMMUNICATION GROUP INC,51549.14,2024-09-24,NVT PHYBRIDGE MAINTENANCE RENEWAL POP: 10/19/24 - 10/18/25
80NSSC24FB307,GOVERNMENT SCIENTIFIC SOURCE INC,88930.11,2024-09-24,OT DIGITAL MICROSCOPE SYSTEM
80NSSC24FB308,"GOVPLACE, LLC",114899.76,2024-09-27,"THIS DELIVERY ORDER IS TO PURCHASE ANACONDA SOFTWARE LICENSES AND MAINTENANCE/SUPPORT PER QUOTE # Q-00002334, DATED 09/20/2024. THE PERIOD OF PERFORMANCE IS 09/27/2024 - 09/26/2025.  THE TOTAL OBLIGATED AMOUNT IS $114,899.76"
80NSSC24FB309,SOFTWARE INFORMATION RESOURCE CORP.,22978.13,2024-09-24,MCC USB-1808X USB DAQ DEVICE & MENSOR CPC6050 CONTROLLER
80NSSC24FB310,"CTG FEDERAL, LLC",145347.28,2024-09-25,SUPER MICRO SUPERBLADE 8U ENCLOSURE
80NSSC24FB311,STORSOFT TECHNOLOGY CORP,17250.0,2024-09-24,"CISCO 10GBASE-LR SFP MODULE, ENTERPRISE-CLASS"
80NSSC24FB312,"NEW TECH SOLUTIONS, INC.",37148.0,2024-09-24,HELIX VIRTUALIZATION PLATFORM SOFTWARE RENEWAL
80NSSC24FB314,"ADVANCED COMPUTER CONCEPTS, INC.",529400.0,2024-09-25,"THIS DELIVERY ORDER IS FOR SYMANTEC SUPPORT CORE 4 PER QUOTE 1162919-1, DATED 09/16/2024. THE PERIOD OF PERFORMANCE IS 10/01/2024 THROUGH 09/30/2025."
80NSSC24FB315,REGENCY CONSULTING INC,35691.9,2024-09-25,(5) DELL PRECISION 5860 TOWER XCTO BASE
80NSSC24FB316,GOVERNMENT SCIENTIFIC SOURCE INC,31592.64,2024-09-25,PURCHASE OF AN AUTOMATED PIPETTING INSTRUMENT THAT CAN MANIPULATE SMALL VOLUMES AND INTERFACE WITH 96-WELL AND 384-WELL PLATES.
80NSSC24FB317,"BRYCE SOLUTIONS, LLC",288684.82,2024-09-27,NEHCSS TASK ORDER #21 2025 PREP FOR SES COURSES
80NSSC24FB318,"WESTWIND COMPUTER PRODUCTS, INC.",8695.5,2024-09-25,DELL PROSUPPORT HW SERVICES
80NSSC24FB319,FEDERAL CONTRACTS LLC,195162.0,2024-09-26,80' MEWP (AKA: KNUCKLE BOOM)
80NSSC24FB320,"DH TECHNOLOGIES, INC.",312287.68,2024-09-27,"THIS TASK ORDER IS FOR VMWARE RENEWAL PER QUOTE Q-00067596, DATED 09/19/2024. THE PERIOD OF PERFORMANCE IS 12 MONTHS FROM DATE OF AWARD."
80NSSC24FB321,"KONICA MINOLTA BUSINESS SOLUTIONS U.S.A, INC.",133736.04,2024-09-25,2 PRINTER RENTALS
80NSSC24FB322,STERLING COMPUTERS CORPORATION,23276.62,2024-09-26,OT DELL  PRECISION 7875 TOWER WORKSTATION
80NSSC24FB323,"ACG SYSTEMS, INC.",56101.75,2024-09-26,X-59 MOBILE VEHICLE UHF/VHF (URC-300) RADIO PROCUREMENT
80NSSC24FB324,FOUR LLC,10829.44,2024-09-26,THIS TASK ORDER IS FOR THE RENEWAL OF IBM SPSS STATISTICS PROFESSIONAL AUTHORIZED USER SUBSEQUENT FIXED TERM LICENSE + SW SUBSCRIPTION & SUPPORT PER QUOTE 1222311001 DATED 09/24/2024. THE PERIOD OF COVERAGE IS 09/23/2024-09/25/2024. THE PERIOD OF PER
80NSSC24FB325,"LYME COMPUTER SYSTEMS, INC.",12874.0,2024-09-26,DELL PRECISION 7960 TOWER XCTO BASE
80NSSC24FB326,"GLOBAL ENTERPRISE, INC",125100.0,2024-09-27,"COMBI LIFT MODEL C10000XL 10,000 LBS. CAPACITY FORKLIFT."
80NSSC24FB327,"COUNTERTRADE PRODUCTS, INC.",12164.26,2024-09-30,DELL MOBILE PRECISION 7680 WORKSTATION & PRECISION 5860 TOWER
80NSSC24FB330,"MID-ATLANTIC INTERPRETING GROUP, INC.",866796.0,2024-09-30,CALL ORDER 2 ON BPA 80NSSC22AA011 FOR SIGN LANGUAGE INTERPRETING SERVICES.
80NSSC24PA001,OSI FEDERAL TECHNOLOGIES INC,435581.26,2023-12-20,STANDALONE PURCHASE ORDER FOR UIPATH ROBOTIC PROCESS AUTOMATION AND BOT SOFTWARE RENEWALS.
80NSSC24PA002,FILMETRICS INC,67741.88,2023-10-04,UV-VISIBLE-NIR MICROSCOPE FOR OPTICAL CONSTANTS DETERMINATION
80NSSC24PA003,"XOMETRY, INC.",50873.8,2023-10-03,45 ALUMINUM NODES CNC PROCESSING BEAD BLAST FINISH: PART ID: 044DA79 (15) PART ID: 044DA98 (15) PART ID: 044DABB (15)
80NSSC24PA004,MAGNA-POWER ELECTRONICS INC,16693.34,2023-10-06,"2 DC POWER SUPPLIES, 400VDC, 25A"
80NSSC24PA005,AIRTECH INTERNATIONAL INC,15949.0,2023-10-06,2312938-3 HVIT COUPON MANDREL (COMPOSITE LAYUP TOOL)
80NSSC24PA006,INERT CORPORATION,43109.09,2023-10-12,1 INERT I-LAB POSITIVE PRESSURE GLOVE BOX AND RELATED ACCESSORIES
80NSSC24PA007,PHOTONIS SCIENTIFIC INC,13513.98,2023-10-12,6 CHANNELTRON MASS SPECTROMETER DETECTORS
80NSSC24PA008,"SYNQOR, INC",45687.87,2023-10-10,UNINTERRUPTIBLE POWER SUPPLIES
80NSSC24PA009,"SCIENTIFIC SALES, INC.",20890.8,2023-10-05,"1.5 HPCHILLER,TURBINE PUMP"
80NSSC24PA010,"MOSAIC ATM, INC.",30200.0,2023-10-19,SIX-MONTH LEASE/TRIAL OF SMALL UAS COLLISION AVOIDANCE SYSTEM
80NSSC24PA013,NOVASPACE INC.,10750.63,2023-10-06,"DIRECT LINK TO ASSESSMENT REPORT IS BELOW. LOOKING TO PROCURE THE ""PREMIUM SINGLE TEAM"" OPTION FOR 10K EURO/$10,498.45: HTTPS://DIGITAL-PLATFORM.EUROCONSULT-EC.COM/PRODUCT/GOVERNMENT-SPACE-PROGRAMS"
80NSSC24PA014,"ARROW ELECTRONICS, INC.",71624.51,2023-10-05,INTEGRATED CIRCUITS FOR CLIO HSRL EDU
80NSSC24PA015,AVNET INC,87500.0,2023-10-17,"FOR INFINEON COMPONENTS PARTS: ""CYPT17B512-133UZMB"" (X5)"
80NSSC24PA016,AVNET INC,31593.75,2023-10-18,INTEGRATED CIRCUITS FOR CLIO HSRL EDU
80NSSC24PA017,"PICARRO, INC",118114.21,2023-10-12,CORRELATOR3D
80NSSC24PA018,SIMACTIVE INC,50000.0,2023-10-10,CORRELATOR3D
80NSSC24PA020,J KOCH ASSOCIATES INC,23682.01,2023-10-06,TELEDYNE ANALYTICAL CO2 ANALYZER
80NSSC24PA021,"ADVANCED RESEARCH SYSTEMS, INC.",32216.0,2023-10-11,CLOSED CYCLE CRYOSTAT
80NSSC24PA022,FEDERON PROCUREMENT SOLUTIONS,14999.0,2023-10-12,"1 X TELEDYNE E2V PART # EVXXDD700X-FMC-EVM, AN ELECTRONIC DATA CONVERTER EVALUATION BOARD"
80NSSC24PA023,IRCAMERA LLC,109686.0,2023-11-07,CREATED BY CITM CITM POC: JENNIFER GEAR REQUIREMENT: IRCAMERAS IRC906 MWIR INFRARED CAMERA
80NSSC24PA024,AVNET INC,11608.21,2023-10-16,INTEGRATED CIRCUITS FOR CLIO HSRL EDU
80NSSC24PA025,ADVACAM S.R.O.,132200.0,2024-02-05,SENSORS
80NSSC24PA027,GOVAGED INC.,11962.44,2023-10-12,GORDON CART MATERIALS
80NSSC24PA028,KLA CORPORATION,27999.96,2023-11-02,MAINTENANCE SPPX01
80NSSC24PA029,THERMO-CALC SOFTWARE INC.,25886.25,2023-10-13,THERMO-CALC SOFTWARE MAINTENANCE AND SUPPORT RENEWAL AND UPGRADE TO MOBHEA3 DATABASE
80NSSC24PA030,"FITNESS SUPERSTORE, INC.",9497.0,2023-10-11,LIFE FITNESS SIGNATURE SERIES MULTI-JUNGLE MJ5
80NSSC24PA032,"SATCOM DIRECT GOVERNMENT, LLC",19925.0,2023-10-12,IRIDIUM PUSH-TO-TALK SYSTEM
80NSSC24PA034,ADVALUE PHOTONICS INC,22227.4,2023-10-12,2 MICRON SINGLE FREQUENCY LASER
80NSSC24PA035,BOARD OF CONTROL FOR SOUTHERN REGIONAL EDUCATION,20077.17,2023-10-16,SPONSORSHIP OF PARTICIPATION AT THE SREB INSTITUTE ON TEACHING AND MENTORING
80NSSC24PA036,CARAHSOFT TECHNOLOGY CORP,80000.0,2023-10-13,GOOGLE CLOUD PLATFORM CREDITS
80NSSC24PA038,"CROWLEY MICROGRAPHICS, INC.",18575.0,2023-10-18,APERTURE CARD SCANNER FOR THE CONFIGURATION MANAGEMENT PROGRAM
80NSSC24PA039,CLARITY MOVEMENT CO,24140.0,2023-10-16,OT : AIR QUALITY MONITORING SERVICE: 1 YR PLAN AND SHIPPING
80NSSC24PA040,PROTECH PROJECTION SYSTEMS INC,27791.6,2023-10-16,EPSON PROJECTOR
80NSSC24PA041,SPACE POWER ELECTRONICS INC,57500.0,2023-10-17,ENGINEERING MODEL INTRA-CAVITY OPTICAL PARAMETRIC OSCILLATOR LASER ELECTRONICS ASSEMBLIES
80NSSC24PA043,CLARIVATE ANALYTICS (US) LLC,45775.0,2023-12-07,DATA SERVICES: WEB OF SCIENCE API AND DERWENT API GLOBAL PATENT DATA
80NSSC24PA044,"CQ-ROLL CALL, INC",27472.0,2023-10-19,CQ ROLL CALL SUBSCRIPTION RENEWAL
80NSSC24PA045,"PAYDARFAR INDUSTRIES, INC.",10516.8,2023-10-18,FEMAP LICENSES RENEWAL
80NSSC24PA046,"FIBERTEK, INC.",165246.21,2023-10-19,TIME AND MATERIAL CONTRACT TO FIBERTEK INC. TO REFURBISH AND OPTIMIZE THE HALO WATER VAPOR LASER
80NSSC24PA047,"INTERACTIVE TOUCHSCREEN SOLUTIONS, INC.",32866.0,2023-10-17,ITS SOFTWARE AND HARDWARE UPGRADE
80NSSC24PA048,FISHER SCIENTIFIC COMPANY L.L.C.,20317.07,2023-10-19,PURCHASE OF INCUBATOR FOR ONGOING EXPERIMENTS IN SUPPORT OF THE PLANETARY SCIENCE DIVISION FOR WORK IN ASTROBIOLOGY.
80NSSC24PA049,"XOMETRY, INC.",95947.0,2023-10-20,FABRICATION OF DIE CAST ALUMINUM VOXEL FACES.
80NSSC24PA050,PHOTONIS FRANCE,142820.0,2023-12-13,PROCUREMENT OF MICRO PORE OPTICS
80NSSC24PA051,CLASSONE EQUIPMENT INC,40250.0,2023-10-27,REFURBISHED VEECO DIMENSION 3100 AFM SYSTEM
80NSSC24PA052,"A & P TECHNOLOGY, INC.",30922.86,2023-10-23,CUSTOM BRAIDED TRIAXIAL SLEEVING AND CORD USING ZYLON POLY-BENZOBISOXAZOLE (PBO) FIBER
80NSSC24PA053,STANTEC GS INC.,60000.0,2023-10-23,MANUSCRIPT PREPARATION & SUBMISSION: ASSESSMENT OF EFFICACY AND SAFETY FOR PHARMACEUTICALS FOR LONG DURATION SPACE MISSIONS
80NSSC24PA055,TEMPEST INC,31577.9,2023-10-19,SPARE PARTS FOR ADAPTIVE ICING TUNNEL CHILLER UNIT
80NSSC24PA057,"GLENAIR, INC.",24242.16,2023-10-25,"HOLD-DOWN AND RELEASE MECHANISM (HDRM) REFURBISHMENT KIT, PART NO. 061-105, QUANTITY: 8"
80NSSC24PA058,FED CREW INC,194673.03,2023-11-06,GOLD SPUTTERING TARGET
80NSSC24PA060,FSR CONSULTING LLC,24409.0,2023-10-23,QTY 1 MU-DEL ELECTRONICS TWO CHANNEL C-BAND BLOCK DOWN CONVERTER (2MDC-467-72-2C/17/C)
80NSSC24PA061,AVNET INC,53554.98,2023-10-23,SILICON PHOTOMULTIPLERS (SIPMS
80NSSC24PA062,"ARROW ELECTRONICS, INC.",86625.18,2023-10-23,"FOR ANALOG DEVICES ICS: ""AD9246AF-EMX"" (X28), ""AD8138AL-EMX"" (X43), ""ADA4084-4AF-EMX"" (X28)"
80NSSC24PA064,NORTH CAROLINA AGRICULTURAL AND TECHNICAL STATE UNIVERSITY,150000.0,2023-10-26,MULTI-FUNCTIONAL MATERIAL FOR ACOUSTIC NOISE MITIGATION AND THERMAL MANAGEMENT APPLICATIONS - WITH NORTH CAROLINA A&T STATE UNIVERSITY
80NSSC24PA065,SPECTRA VISTA CORPORATION,98185.0,2023-10-30,PURCHASE OF A CALIBRATED SPECTRORADIOMETER TO MEASURE THE SPECTRAL IRRADIANCE AND REFLECTANCE OF PHOTOSYNTHETIC PIGMENTS IN THE FIELD UNDER NATURAL SUNLIGHT CONDITIONS.
80NSSC24PA066,AVNET INC,153000.0,2023-10-25,"XILINX ICS: ""XQRKU060-1CNA1509B"" X2 ""XQDAISY-CNA1509"" X3"
80NSSC24PA067,"EDYNAMIC.COM, INC",24999.0,2023-10-31,ECLSS TRAINING
80NSSC24PA068,BLANCHARD TRAINING & DEVELOPMENT INC,16145.0,2023-10-30,SITUATIONAL LEADERSHIP TRAINING
80NSSC24PA069,THE RESEARCH FOUNDATION FOR THE STATE UNIVERSITY OF NEW YORK,25000.0,2023-10-25,PERFORM STRUCTURAL CHARACTERIZATION BY SYNCHROTRON X-RAY TOPOGRAPHY
80NSSC24PA070,EMRAX D.O.O.,14687.59,2024-01-17,ELECTRIC MACHINE FOR ELECTRIFIED TESTBED
80NSSC24PA071,NIDAZ LLC,16826.0,2023-10-27,ALLEN BRADLEY  14X22 CART #2 SERVO DRIVER REPLACEMENT
80NSSC24PA072,HIXON MFG. & SUPPLY COMPANY,28914.0,2023-10-26,LEICA ROVER SYSTEM
80NSSC24PA075,"ACME CRYOGENICS, INC",131270.0,2023-10-31,CUSTOM FABRICATION OF VACUUM JACKETED CRYOGENIC HYDROGEN FLUID SYSTEM
80NSSC24PA076,SEVENTH GENIUS LLC,39215.0,2023-12-06,A1 MONORAIL HOIST SPARE CRITICAL COMPONENTS
80NSSC24PA077,RIDGE WIRELESS INC,10538.78,2023-10-26,INTERNET SERVICE
80NSSC24PA079,"GLENAIR, INC.",28214.96,2023-10-26,"HOLD-DOWN AND RELEASE MECHANISMS (HDRMS), PART NO. 061-005, QUANTITY:  4."
80NSSC24PA080,WEBSEDGE LIMITED,32500.0,2023-11-06,FILM SERVICES TO PROVIDE NASA IMPACT HIGHLIGHTS FOR THE AGU23 ANNUAL MEETING
80NSSC24PA081,HVRND LLC,17183.79,2023-10-26,HVPS
80NSSC24PA082,DS GOVERNMENT SOLUTIONS CORP,26121.51,2023-10-27,WAVE6 POWER SESSION
80NSSC24PA084,AEI TECHNOLOGIES INC,16135.0,2023-10-30,CARBON DIOXIDE ANALYZER PURCHASE
80NSSC24PA085,UNISON COST ENGINEERING LLC,29975.67,2023-10-30,UNISON CE TRUEPLANNING SW RENEWAL
80NSSC24PA086,CORRELATED SOLUTIONS INC,28940.0,2023-10-31,BASLER ACE 2 CAMERA REPLACEMENT
80NSSC24PA087,AT&F ADVANCED METALS LLC,58886.0,2023-10-31,EXPERIMENTAL PRESSURIZED TEST RIG ASSEMBLY FOR ELECTRIC AIRCRAFT THERMAL MANAGEMENT
80NSSC24PA088,LINDE ENGINEERING NORTH AMERICA LLC,42477.13,2023-11-20,LINDE INC HELIUM REFRIGERATOR MAINTENANCE
80NSSC24PA089,FIREBIRD OPTICS LLC,17960.0,2023-11-09,MGF2 WINDOWS 6 EACH
80NSSC24PA090,"STRATASYS, INC",13321.92,2023-10-31,STRATASYS EMERALD CARE PRINTER MAINTENANCE
80NSSC24PA091,UNIVERSITY OF NOTRE DAME DU LAC,90000.0,2023-11-15,POWER UPGRADE TO ADVANCED NOISE CONTROL FAN (ANCF)
80NSSC24PA092,STANFORD RESEARCH SYSTEMS INC.,0.0,2023-11-02,SPARE RGA QMS100 REPAIRS
80NSSC24PA093,TORMACH INC,51564.9,2023-10-31,CNC MILL FOR SIMULATOR FABRICATION
80NSSC24PA094,PRESCOUTER INC,65000.0,2023-11-03,RESEARCH INTO UN SUSTAINABLE DEVELOPMENT GOAL RELATED TOPICS TO INFORM PROJECT STRATEGIC FOCUS
80NSSC24PA095,WIPCO ACQUISITION LLC,69825.39,2023-11-01,CASTER WHEEL ASSEMBLY
80NSSC24PA096,"PROGRAM DEVELOPMENT COMPANY, LLC",34500.0,2023-10-31,SW - GRIDPRO
80NSSC24PA097,"AMERGINT TECHNOLOGIES, INC.",29163.0,2023-10-31,FY24 RENEWAL OF CDP HARDWARE/SOFTWARE MAINTENANCE SUPPORT
80NSSC24PA098,UNIVERSITY CORPORATION FOR ADVANCED INTERNET DEVELOPMENT,20807.0,2023-10-31,INTERNET2 YEAR MEMBERSHIP FEE RENEWAL IN THE UCAD INTERNET2 NETWORKS AS AN AFFILIATE LEVEL 3 MEMBER.
80NSSC24PA099,"C AND J MAINTENANCE CONSTRUCTION, INC.",22900.97,2023-10-31,UPDATE OF ROOM 117 KITCHEN  IN T12B NASA ARC
80NSSC24PA100,CP FRESH HOTEL LLC,0.0,2023-10-31,HOTEL CONFERENCE ROOM SPACE.
80NSSC24PA101,INFORMA MEDIA LLC,11995.0,2023-10-31,ACCESS AVIATION WEEK FLEET DISCOVERY CIVIL AVIATION DATABASE (1YR LICENSE SUBSCRIPTION RENEWAL)
80NSSC24PA102,"MOTION CAPTURE TECHNOLOGIES, LLC",27000.0,2023-10-31,KSC AOS TECHNOLOGIES VIT.4.1 HIGH SPEED CAMERA
80NSSC24PA103,MASSACHUSETTS INSTITUTE OF TECHNOLOGY,60000.0,2023-11-01,MIT INNOVATION LAB
80NSSC24PA104,PARTNERSHIP FOR PUBLIC SERVICE INC,28750.0,2023-11-03,PARTNERSHIP FOR PUBLIC SERVICE. MEMBERSHIP IN THE FEDERAL HUMAN CAPITAL COLLABORATIVE
80NSSC24PA105,GLENN MACHINE WORKS INC,83960.0,2023-11-02,MOBILE CRANE RENTAL TO SUPPORT WIRE ROPE INSPECTIONS AT THE B TEST STAND.
80NSSC24PA107,"ANSYS GOVERNMENT INITIATIVES, LLC",25500.0,2023-11-02,SCHEDULER ONLINE ANNUAL TECHNICAL ENHANCEMENTS AND CUSTOMER SUPPORT (TECS)
80NSSC24PA109,PHILLIPS CORPORATION,10240.0,2023-11-03,HAAS VF-6 REPAIR
80NSSC24PA110,K5 DEFENSE LLC,39408.0,2023-11-08,LAB FURNITURE
80NSSC24PA111,AANTILIA LLC,27050.2,2023-11-03,EDDYFI CUSTOM ECA PROBE
80NSSC24PA112,"WORKPLACE MODULAR SYSTEMS, LLC",50570.9,2023-11-03,22-36X72 ESD WORKSTATIONS
80NSSC24PA113,BOARD OF REGENTS OF NEVADA SYSTEM OF HIGHER EDUCATION,22483.2,2023-11-13,PROTEOMICS ANALYSIS
80NSSC24PA114,"AEVA, INC.",25000.0,2023-11-07,DOPPLER LIDAR (1500FT RANGE FREQUENCY-MODULATED CONTINUOUS WAVE)
80NSSC24PA115,ASM AMERICA INC,19250.0,2023-11-28,PREVENTATIVE MAINTENANCE
80NSSC24PA118,CALIFORNIA STATE UNIVERSITY LONG BEACH RESEARCH FOUNDATION,11853.5,2023-11-17,TO ASK CALIFORNIA STATE UNIVERSITY AT LONG BEACH TO CONDUCT MECHANICAL TESTING ON COMPOSITES
80NSSC24PA119,NATIONAL ACADEMY OF SCIENCES,52498.22,2023-11-07,NESC ANNUAL COSTS FOR NATIONAL ACADEMY OF SCIENCES BOARD ON HUMAN SYSTEMS INTEGRATION
80NSSC24PA120,INERTIAL AIRLINE SERVICES INC,40812.78,2023-11-09,LTN-92 AND LTN-2001 REPAIR
80NSSC24PA121,IRON MOUNTAIN INFORMATION MANAGEMENT LLC,49827.55,2023-11-08,IRON MOUNTAIN SERVICES
80NSSC24PA122,MACH 33 ENGINEERING LLC,12045.0,2023-11-08,A SMALL-SCALE MODEL OF THE ICESAT-2 SATELLITE WILL BE FABRICATED.
80NSSC24PA123,PUREAIRE MONITORING SYSTEMS INC,26035.16,2023-11-15,1-TX-1100-DRA OXYGEN DEFIENCY MONITOR
80NSSC24PA124,BHAYANA BROTHERS LLC,29380.0,2023-11-13,LAB EQUIPMENT
80NSSC24PA125,BHAYANA BROTHERS LLC,23700.0,2023-11-08,EIGHT DRAWER APERTURE CABINETS FOR CONFIGURATION MANAGEMENT PROGRAM
80NSSC24PA126,"CONSUNOVA, INC",24000.0,2023-11-13,DOD STANDARD DO-178C TRAINING
80NSSC24PA127,"SCIENTIFIC SALES, INC.",9500.0,2023-11-08,PURCHASE OF MICROBALANCE FOR I3OLAB LABORATORY.
80NSSC24PA128,ALTAIR ENGINEERING INC.,31038.0,2023-11-15,SW - HYPERWORKS
80NSSC24PA130,"SCALED AGILE, INC.",22500.0,2023-11-09,SAFE SOFTWARE SUBSCRIPTION RENEWAL
80NSSC24PA131,HEIDELBERG INSTRUMENTS INC.,15425.0,2023-11-16,REPAIR OF HEIDELBERG DWL
80NSSC24PA132,"BOXX TECHNOLOGIES, LLC",19583.1,2023-11-15,BOXX AMD THREADRIPPER WORKSTATION
80NSSC24PA133,PLANEWAVE INSTRUMENTS INC,133651.39,2023-11-15,PREFABRICATED ENCLOSURE FOR A TELESCOPE
80NSSC24PA134,"SAFRAN DEFENSE & SPACE, INC.",150385.0,2023-11-21,SAFFRAN CRT MODEM
80NSSC24PA135,"VIRGINIA DIODES, INC.",63200.0,2023-11-21,OT : 1 RECEIVER/1 AMPLIFIER MULTIPLIER CHAIN
80NSSC24PA138,"AVANTES, INC",15970.0,2023-11-28,OT : 4200854136
80NSSC24PA139,"BAKS INTERNATIONAL, INC.",80698.77,2023-11-17,ULTRALEATHER 9 LUNA TEXTILE
80NSSC24PA140,EVOQUA WATER TECHNOLOGIES LLC,140258.04,2023-12-07,OT : PREVENTATIVE MAINTENANCE AGREEMENT FOR WATER SYSTEM
80NSSC24PA142,ANSYS INC,21000.0,2023-11-15,"ANSYS ZEMAX OS PRO, PERPETUAL, FLOATING"
80NSSC24PA143,ROBERT E MASON & ASSOCIATES INC,127861.61,2023-11-15,FY24 RE MASON SUPPORT SERVICES RENEWAL
80NSSC24PA145,ONTOS EQUIPMENT SYSTEMS INC,14100.0,2023-11-20,ONTOS MAINTENANCE SERVICE
80NSSC24PA146,CAEN TECHNOLOGIES INC,23483.0,2023-11-14,CAEN N1471ET HIGH VOLTAGE POWER SUPPLY AND NIM8301 CRATE
80NSSC24PA147,EXPERT DIGITAL IMAGING INC,41772.0,2023-11-17,"IO INDUSTRIES AND MIKROTRON FOR REDWOOD CAMERA, EOSENS CAMERA, RODEO DVR, AND SUPPORT, EQUIPMENT AND ACCESSORIES."
80NSSC24PA148,K5 DEFENSE LLC,12334.86,2023-11-15,LIST OF TOOLS AND SUPPLIES
80NSSC24PA149,"CARBON CARBON ADVANCED TECHNOLOGIES, INC.",52855.0,2023-11-17,C C AND C SIC COMPOSITE TEST COUPONS
80NSSC24PA150,LEAK TIGHT ANALYSIS INC.,28500.0,2023-11-16,MODICATION FOR BLDG: 37 LN2 RELIEF VALVE VENT HEADER
80NSSC24PA151,VPRIME TECH INC,66597.96,2023-11-30,FY24 INSOURCE AVEVA RENEWAL
80NSSC24PA152,VPRIME TECH INC,45880.0,2023-11-20,QUICKSHOT CORE & ADD ON
80NSSC24PA153,AVNET INC,15132.5,2023-12-07,QTY 50 SUPPRESSED COILS 2PDT 10A 12V COIL RELAYS
80NSSC24PA154,DS GOVERNMENT SOLUTIONS CORP,28171.32,2023-11-17,SW - WAVE 6 ELMT STANDALONE
80NSSC24PA155,"RBD INSTRUMENTS, INC",19488.37,2023-11-17,MAINTENANCE ON AUGER SPECTROMETER
80NSSC24PA156,ELSEVIER INC.,10016.26,2023-11-21,SMD FUNDING FOR ICARUS | JOURNAL | SCIENCEDIRECT.COM
80NSSC24PA157,FREEDOM PHOTONICS LLC,15000.0,2023-11-22,1 - FP4213-C1 INSTATUNE II PROTOTYPE UNIT - LASER
80NSSC24PA158,"3D SYSTEMS, INC.",10405.0,2023-11-20,GEOMAGIC DESIGN X AND WRAP SOFTWARE
80NSSC24PA159,LOCKHEED MARTIN CORP,223464.0,2023-11-27,R&D CONTRACT FOR EXPLOSIVE HYDROFORMING OF A FRICTION STIR WELDED BLANK
80NSSC24PA160,HOTTINGER BRUEL & KJAER INC.,25320.5,2023-11-17,BK CONNECT SOFTWARE RENEWAL FY24
80NSSC24PA162,"ACME CRYOGENICS, INC",108500.0,2023-11-21,URGENT PR - TDT COLD BOX PHASE SEPARATOR #4 REPLACEMENT
80NSSC24PA163,SOLIENSE INC,0.0,2023-11-20,SOLIENSE LIFT BENCH 2.0 FLUOROMETER SYSTEM
80NSSC24PA165,SEIKTRON INC,0.0,2023-11-24,NOVEL ELECTRICAL TESTING AND ANALYSIS OF COMPONENT MOTOR
80NSSC24PA167,VIRGINIA DEPARTMENT OF ENVIRONMENTAL QUALITY,5134.76,2023-11-27,FUNDING FOR VDEQ TO REVIEW DOCUMENTS AND ATTEND MEETINGS.
80NSSC24PA168,NATIONAL ACADEMY OF SCIENCES,50500.0,2023-11-20,HOSTING NASA HISTORY SYMPOSIUM AT NAS
80NSSC24PA169,"VIRGINIA DIODES, INC.",73500.0,2023-11-21,325GHZ POLARIMETER ISOLATION IMPROVEMENT AND THERMAL TESTING
80NSSC24PA172,FISHBOWL SOLUTIONS LLC,10380.0,2023-11-24,2023 FISHBOWL RENEWAL
80NSSC24PA173,"NEW ORLEANS CONVENTION CO, INC",20000.0,2023-11-22,"BAYOU CLASSIC OUTREACH EVENT SPACE PURCHASE - EVENT DATE: SATURDAY, NOVEMBER 25, 2023"
80NSSC24PA174,"MIRION TECHNOLOGIES (CANBERRA), INC.",18347.0,2023-11-28,"THE VENDOR, MIRION/CANBERRA SHALL PERFORM ONSITE PREVENTATIVE MAINTENANCE AND CALIBRATION ON THIRTY-TWO (32) ENVIRONMENTAL CONTINUOUS AIR MONITORS (ECAM) DEVICES."
80NSSC24PA175,"CONVERGENT SCIENCE, INC.",51000.0,2023-11-27,CONVERGE SUPER-BASE LICENSE (LAN)
80NSSC24PA176,AGILE TRANSFORMATION INC,0.0,2023-11-21,AGILITY HEALTH SUB RENEWALS
80NSSC24PA177,QUSTOM APPS LLC,14000.0,2023-11-21,WOUNDSIM ANNUAL RENEWAL ELMT STANDALONE
80NSSC24PA178,ELEMENT MATERIALS TECHNOLOGY ATLANTA-GAINESVILLE LLC,43259.0,2023-11-21,NASA NEEDS THE FOLLOW-UP SCREENING TEST OF 6600 CELLS (18650) TO IDENTIFY OUTLYING OR DISCREPANT CELLS FROM PASSING CELLS.
80NSSC24PA179,"HILL INTERNATIONAL, INC.",65000.0,2023-11-28,CONSTRUCTION MANAGEMENT SUPPORT/PROJECT MANAGEMENT SUPPORT (CMS/PMS) FOR BUILDING 350 CONSTRUCTION AT JET PROPULSION LAB.
80NSSC24PA180,FRONTGRADE COLORADO SPRINGS LLC,33882.0,2023-11-24,"FOR FRONTGRADE ICS, ""UT54LVDS328-UCC"" (X5), ""UT32M0R500-SFF"" (X3), ""UT32M0R500-SRF"" (X3)"
80NSSC24PA181,PERFORCE SOFTWARE INC,21519.04,2023-11-28,RENEWAL OF QAC++ AND COMPLIANCE MODULE MAINTENANCE
80NSSC24PA182,VAN WAGNER SPORTS & ENTERTAINMENT LLC,50000.0,2023-11-27,CIAA CONFERENCE SPONSORSHIP/PARTNERSHIP
80NSSC24PA183,ADVANTECH CORPORATION,29866.44,2023-11-29,ADVANTECH PPC-BTO  CUSTOM COMPUTERS
80NSSC24PA184,INTELLIGENT INTERNATIONAL INC.,33994.0,2023-11-27,HONEYWELL FIRE SERVICES/EMERGENCY MANAGEMENT HARDWARE
80NSSC24PA185,SEVENTH GENIUS LLC,15587.0,2023-11-30,FOUR POINT PROBE FOR MEASURING ELECTRICAL CONDUCTIVITY
80NSSC24PA187,"CURTISS-WRIGHT DS, INC.",81600.0,2023-12-01,PURCHASE MODULES TO ACCESS AIRCRAFT 1553 DATA & TIME IN FLIGHT
80NSSC24PA188,THE GILL CORPORATION,51040.0,2023-11-30,GILLFLOOR 5424 PIECES
80NSSC24PA189,"TEAMEDA, INC.",15500.0,2023-11-29,LAMUM SOFTWARE
80NSSC24PA190,PHC CORPORATION OF NORTH AMERICA,19825.0,2023-11-29,PURCHASE OF THREE SPECIALIZED FREEZERS FOR STORAGE OF EXISTING NON-HAZARDOUS ANALOG SAMPLES IN N288 BIOSCIENCE LABORATORY.
80NSSC24PA191,LOMA LINDA UNIVERSITY MEDICAL CENTER,12000.0,2023-11-27,"PROTON ACCELERATOR BEAM TIME ON JAN 19-20, 2024  AT $1,000/HR FOR  12 HOURS TOTALING $12,000.00"
80NSSC24PA192,BOLTWORK SAFE & VAULT SERVICES LLC,23748.0,2023-12-04,"LKM 10K WITH HANDLE AND KABA MAS X10 (2) LKM 10K WITH X10, PANIC DEVICE, AND OUTSIDE LEVER (2) DOOR CORD (4) RIM CYLINDER IC CORE HOUSING (4) CONDUIT AND MISC MATERIALS (4) LABOR/INSTALL/TRIP CHARGES"
80NSSC24PA193,FLIGHT SAFETY FOUNDATION INC.,25000.0,2023-11-28,FLIGHT SAFETY FOUNDATION BENEFACTOR MEMBERSHIP
80NSSC24PA195,DATASTEAD,13680.0,2023-11-28,DATASTEAD TVIDEOGRABBER LIVE W/ 2 YEAR MAINTENANCE
80NSSC24PA196,QELLUS LLC,12765.0,2023-12-28,QELLUS ECM FOR IBM MAXIMO SW MAINTENANCE RENEWAL
80NSSC24PA197,"UNITED STATES TOWER SERVICES, LIMITED",13286.72,2023-11-29,DESIGN SERVICES FOR FOUNDATION UPGRADES TO Y-085 TOWER
80NSSC24PA198,"TECH IMAGING SERVICES, INC.",33960.0,2023-11-28,HIGH REPETITION-RATE LASER
80NSSC24PA200,"JMJ ASSOCIATES, LLC",54000.0,2023-11-28,NASA MSFC INCIDENT AND INJURY FREE (IFF) REFRESH AND TRAIN THE TRAINER
80NSSC24PA201,CASE WESTERN RESERVE UNIVERSITY,13092.0,2023-11-29,THIS IS AN OFF-SITE TRAINING ADMINISTRATION REQUEST IN WHICH THE VENDOR DOES NOT ACCEPT CREDIT CARD PAYMENT.
80NSSC24PA202,NILOFER BATTIWALA,117967.0,2023-11-30,UV-KUB3 6IN VERSION UV LED MASK ALIGNER SYSTEM
80NSSC24PA203,BHAYANA BROTHERS LLC,20117.95,2023-11-29,"LOCKS, CORES"
80NSSC24PA204,SOFTWARE FOR CHEMISTRY & MATERIALS B.V.,18168.75,2023-11-29,2 YEAR RENEWAL OF NEW AMSTERDAM'S SOFTWARE FOR CHEMISTRY AND MATERIALS - PREVIOUS AWARD: 80NSSC22P0345
80NSSC24PA205,VPRIME TECH INC,24588.05,2023-11-30,TELLABS HARDWARE MAINTENANCE SUPPORT AGREEMENT
80NSSC24PA207,"TORAY ADVANCED COMPOSITES USA, INC.",26584.8,2023-11-30,TC700/TC1225 THERMOPLASTIC CARBON FIBER PREPREG 200  POUNDS
80NSSC24PA208,IDEX HEALTH & SCIENCE LLC,31500.0,2023-12-20,OT : CMOS ARRAYS [2]
80NSSC24PA209,PHOTRONICS INC,46410.0,2024-01-18,PHOTOMASKS FOR X-RAY DETECTOR ARRAY DEVELOPMENT
80NSSC24PA210,UNIBAP SPACE SOLUTIONS AB (PUBL),70000.0,2023-11-29,UNIBAP - OSE-SAT IN-SPACE AUTONOMY TESTBED
80NSSC24PA211,CARAHSOFT TECHNOLOGY CORP,263020.85,2023-12-01,"THIS PURCHASE ORDER IS FOR BENTLEY SYSTEMS SOFTWARE FOR KSC PER QUOTE # 40315801, DATED 08/04/2023. PERIOD OF COVERAGE IS 10/01/2023 TO DATE OF AWARD. PERIOD OF PERFORMANCE IS DATE OF AWARD TO 09/30/2024."
80NSSC24PA213,INTELLIGENT INTERNATIONAL INC.,21360.0,2023-12-13,PROCUREMENT OF SALAD LIGHT SOURCE
80NSSC24PA214,4 D TECHNOLOGY CORPORATION,33720.25,2023-12-07,1ACCUFIZ LASER REPLACEMENT 1ALIGNMENT CAMERA UPGRADE SERVICE ENGINEER LABOR 1ACCUFIZ INSTRUMENT CONTROLLER
80NSSC24PA216,VENUS AEROSPACE CORP.,209000.0,2023-11-30,HIGH PERFORMANCE 10K LBF RDRE GRCOP-ALLOY HARDWARE DEVELOPMENT AND PROCESSING YEAR 2
80NSSC24PA217,REYNARD CORPORATION,22520.0,2023-12-11,"8"" CIRCULAR ZNSE WINDOW REFURBISHMENT"
80NSSC24PA219,"DYNAMIC SYSTEMS INTEGRATION, INC",21959.57,2023-12-01,EPACS LOCKS AND PARTS FOR STOCK
80NSSC24PA220,AEROBASE GROUP INC,16820.0,2023-12-10,PROCUREMENT OF SPARE PARTS FOR KSC MRAPS
80NSSC24PA221,"CAROTEK, INC.",93395.05,2023-12-04,LIMITORQUE VALVES USED TO CONTROL AND REGULATE PRESSURE FOR AIR STORAGE SPHERES AT UPWT
80NSSC24PA222,"AMERICAN METEOROLOGICAL SOCIETY, INC.",14001.19,2024-02-14,AMS 2023 WORKSHOPS FOR NASA'S OPEN SOURCE SCIENCE INITIATIVE
80NSSC24PA223,"CONCURRENT REAL-TIME, INC.",38352.0,2023-12-05,"IHAWK COMPUTER LICENSE RENEWAL - QUOTES#S  79015448, 79015449, 79015450, & 79015451"
80NSSC24PA225,"GOVAGE, INC.",33789.8,2023-12-19,OT  NOVATEL DUAL ANTENNA CPT7 ENCLOSURE WITH GNSS INS
80NSSC24PA226,REGENTS OF THE UNIVERSITY OF MICHIGAN,249285.0,2023-12-05,OT : BUILD-UP OF THE SEB PH/HV MODULES [MOMA PREPARATION FOR BUILDING PH6]
80NSSC24PA227,US FLAG SUPPLY CO.,10694.0,2023-12-05,FLAGS
80NSSC24PA228,DELL FEDERAL SYSTEMS L.P,0.0,2023-12-05,DELL VXRAIL ANNUAL PROPLUS SUPPORT RENEWAL
80NSSC24PA229,AEROTECH INC,60280.4,2023-12-11,ROTATION STAGE FOR NEW EXPERIMENTAL SETUP
80NSSC24PA230,ESI NORTH AMERICA INC,51630.0,2023-12-07,TO RENEW VA ONE SOFTWARE MAINTENANCE
80NSSC24PA231,"RESONON, INC.",27514.0,2023-12-18,RESONON PIKA CAMERA WITH ACCESSORIES
80NSSC24PA233,"OPTICAL COATING LABORATORY, LLC",20601.79,2023-12-06,PORTABLE NEAR INFRARED SPECTROPHOTOMETER
80NSSC24PA234,SONITEK CORPORATION,13255.0,2023-12-06,SONITEK ULTRATEK HAND-HELD 40KHZ ULTRASONIC WELDER
80NSSC24PA235,MAGNETIC SHIELD CORP,20192.0,2023-12-06,"1 ZERO GAUSS MU METAL CHAMBER, AND A CUSTOM AXIAL FIELD COIL INSTALLED INSIDE ZG-212."
80NSSC24PA236,"NEW HORIZON STRATEGIES, LLC",23866.39,2023-12-07,IN-PERSON FACILITATION OF 2-DAY RETREAT AND PRE-EVENT CONSULTATION AND SUPPORT SERVICES
80NSSC24PA239,WISECOM TECHNOLOGIES INC,10700.0,2023-12-07,"NOTIFIER NETWORK COMMUNICATIONS MODULE, AUDIO AMPLIFIER, DISPLAY, AND CHARGER"
80NSSC24PA240,ANGSTROM SCIENCES INC,145000.0,2023-12-12,ANGSTROM SCIENCE. INC'S DC LINEAR MAGNETRON ASSEMBLY
80NSSC24PA241,"QUEST INTEGRITY USA, LLC",16000.0,2023-12-07,FEA CRACK RENEWAL
80NSSC24PA242,PINK ELEPHANT CORP.,33660.0,2023-12-11,"IT SERVICE MANAGEMENT WITH DEVOPS, AGILE & LEAN AND PROBLEM MANAGEMENT TRAINING CLASSES."
80NSSC24PA243,COMPUNETIX INC,20871.0,2023-12-07,WARRANTY RENEWAL QUOTE COMPUNETIX FOR POP 1/1/24-12/31/2024
80NSSC24PA244,"DUN & BRADSTREET, INC",106222.0,2023-12-12,"DUN  AND BRADSTREET RISK ANALYTICS, DIRECT+ DATA BLOCKS"
80NSSC24PA245,"ZIRCAR CERAMICS, INC",12980.0,2023-12-11,ZIRCAR CERAMICS FURNACE INSULATION
80NSSC24PA246,TESCAN USA INC,17574.0,2023-12-13,SERVICE CONTRACT RENEWAL FOR TESCAN VEGA SEM
80NSSC24PA248,"EDGE TECHNOLOGY DISTRIBUTORS, INC.",113046.9,2023-12-15,MOTOROLA M500 IN-CAR VIDEO SYSTEM
80NSSC24PA250,"RMA MANUFACTURING, LLC",21330.8,2024-01-10,MRE CHILLER UNIT
80NSSC24PA251,SOLAERO TECHNOLOGIES CORP.,78000.0,2023-12-14,ESM SOLAR CELL STANDARDS
80NSSC24PA252,COMMERCIAL FLUID POWER LLC,0.0,2023-12-15,FABRICATED/HONED BARRELS FOR GAS GUN
80NSSC24PA253,"JACKSON BOND ENTERPRISES, LLC",21670.0,2023-12-12,"30 HIGH TEMPERATURE ""PILLOW"" SEALS FOR GRC TESTING"
80NSSC24PA254,KEYENCE CORPORATION OF AMERICA,21551.75,2023-12-12,KEYENCE VH-ZST OPTICS ASSEMBLY
80NSSC24PA255,UNIVERSITY OF ILLINOIS,100000.0,2023-12-12,"NSF POETS ENGINEERING RESEARCH CENTER, FOR CY2024 1 YR MEMBERSHIP-UNIVERSITY OF ILLINOIS,"
80NSSC24PA256,JACKSON LABORATORY,15763.3,2023-12-12,LIVE MOUSE PURCHASE FOR A NASA HUMAN RESEARCH PROGRAM RESEARCH PROJECT
80NSSC24PA257,INTERNATIONAL BUSINESS MACHINES CORPORATION,22564.0,2023-12-14,IBM CLEAR CASE MAINTENANCE AGREEMENT RENEWAL
80NSSC24PA258,PERKINELMER U.S. LLC,17919.0,2023-12-18,MAINTENANCE AGREEMENT FOR GCMS
80NSSC24PA259,ASTRONICS ADVANCED ELECTRONIC SYSTEMS CORP.,60930.5,2023-12-14,AC/DC POWER CONVERTER (REGULATED POWER CONVERSION UNIT - RPCU)
80NSSC24PA260,"EVERBRIDGE, INC.",30873.1,2023-12-14,EVERBRIDGE NIXLE PLUS SOFTWARE
80NSSC24PA261,AEROBASE GROUP INC,18030.0,2023-12-20,"P/N: 730-6008  GRIP ASSEMBLY,CONTROLLER"
80NSSC24PA262,TRIMBLE INC.,13441.0,2023-12-14,ANNUAL SW RENEWAL/CONSTRUCTION GOVT. COST ESTIMATORS
80NSSC24PA263,"CQ-ROLL CALL, INC",86450.0,2023-12-14,CQ/ROLL CALL FISCALNOTE RENEWAL
80NSSC24PA264,ENCOLE LLC,21645.0,2023-12-20,GEER SIGHT GLASS FLANGE ASSEMBLY
80NSSC24PA265,"SAMYAK SOLUTIONS, INC.",8507.23,2023-12-13,SPECTREX SHARPEYE 40/40 FLAME DETECTOR 40/40D-LB-632AFY7 QTY 3
80NSSC24PA266,AMADA WELD TECH INC,25668.14,2023-12-14,MICRO-RESISTANCE WELDING SYSTEM
80NSSC24PA267,SIEMENS GOVERNMENT TECHNOLOGIES INC,50938.02,2023-12-14,KSC FEMAP XAAS
80NSSC24PA269,LIGHTWAVE CONSULTING LTD,10750.0,2023-12-15,FEMTOSECOND LASER WRITTEN FIBER BRAGG GRATING
80NSSC24PA270,"MOORE BOECK, INC",147460.0,2023-12-14,MOON.NASA.GOV WEB MAINTENANCE
80NSSC24PA271,"AMETEK PROGRAMMABLE POWER, INC.",28720.0,2023-12-15,POWER SUPPLIES FOR MOLTEN REGOLITH ELECTROLYSIS PROJECT
80NSSC24PA272,"CODESECURE, INC.",60050.0,2023-12-14,RENEWAL CODESONAR SUBSCRIPTION LICENSES
80NSSC24PA273,THERMO ELECTRON NORTH AMERICA LLC,12889.0,2023-12-14,RAMAN MICROSCOPE SYSTEM MAINTENANCE SERVICE PLAN
80NSSC24PA274,ADRIAN TECHNOLOGIES INC,19673.35,2023-12-14,LEAN SIGMA SIX (LSS) FOR PARTNERSHIP AGREEMENT PROCESS
80NSSC24PA275,KEEN COMPRESSED GAS CO.,11500.0,2023-12-14,"DESIGN, DEVELOPMENT, AND DELIVERY OF AN O2 COMPATIBLE HIGH PRESSURE GAS TRANSFER SYSTEM"
80NSSC24PA276,"EPM ARCHITECTS, INC.",14250.0,2023-12-19,CREATED BY CITM CITM POC: JEANETTE COOPER REQUIREMENT: ANNUAL SW RENEWAL FOR EMPA SUPPORT CONTRACT POP: 1/1/24 - 12/31/24
80NSSC24PA277,STERLING COMPUTERS CORPORATION,12150.6,2023-12-20,FY24 SSC SYMANTEC END POINT PROTECTION RENEWAL.
80NSSC24PA279,"PHOTONICS INDUSTRIES INTERNATIONAL, INC",12600.0,2024-01-03,REPAIRING DM100 HIGH SPEED HIGH ENERGY LASER WITH PHOTONICS INDUSTRIES
80NSSC24PA281,"AEVA, INC.",29000.0,2023-12-18,AEVA AERIES II LIDAR SENSOR AND TECHNICA MEDIA CONVERTER
80NSSC24PA282,STRUCTURED SOLUTIONS INCORPORATED,13500.0,2023-12-18,SSI TOOLS BUNDLED PACKAGE MAINTENANCE & SUPPORT
80NSSC24PA284,HYBRID PROJECT LLC,49500.0,2023-12-19,SUPERVOLO GEN IV UAS
80NSSC24PA285,RPM INNOVATIONS INC,249975.0,2023-12-20,THIN-WALL FREEFORM JBK-75 DIRECTED ENERGY DEPOSITION NOZZLE DEMONSTRATOR
80NSSC24PA287,"REAL-TIME INNOVATIONS, INC.",24245.0,2023-12-21,RTI SOFTWARE RENEWAL
80NSSC24PA288,CRAWFORD RESOURCES INC,26427.78,2023-12-18,BUILDING 301 RESEARCH COOLING TOWER MAINTENANCE CONTRACT RENEWAL 2024
80NSSC24PA289,KDF TECHNOLOGIES LLC,46000.0,2023-12-20,SERVICE FOR KGF 954I LOAD LOCKED SPUTTERING SYSTEM
80NSSC24PA290,ESI NORTH AMERICA INC,63545.0,2023-12-19,VA ONE SOFTWARE RENEWAL
80NSSC24PA292,"JH ACQUISITION, LLC",46885.27,2023-12-20,12 CFH HYGROMETER SONDES AND ASSOCIATED EXPENDABLE SUPPLIES
80NSSC24PA294,SCHOEFFEL INTERNATIONAL CORP,24200.0,2023-12-19,"PURCHASE OF SOFT X-RAY SOURCE AS PART OF A RENOVATION OF EXISTING VACUUM SYSTEM AND ONGOING EXOBIOLOGY PROJECT ""LOOKING FOR A BIOTIC NEEDLE IN A KEROGEN HAYSTACK""."
80NSSC24PA295,"WESTERN INDUSTRIAL MACHINING, INC.",16815.0,2023-12-20,WELDMENT ASSEMBLY TO SUPPORT CUSTOM LASER TABLE
80NSSC24PA296,R.S. MEANS COMPANY LLC,174469.0,2023-12-27,RSMEANS
80NSSC24PA297,MORROW SERVICE INC,12300.0,2023-12-20,PURCHASE OF SERVICES FOR PREVENTIVE MAINTENANCE FOR THE AUTOCLAVES IN N239/ROOM 383.
80NSSC24PA298,"JIM ADAMS WORLD, LLC",25558.0,2023-12-22,PROMOTING A SSERVI INTERNATIONAL PARTNERSHIP IN SOUTH AFRICA
80NSSC24PA299,INTEGRATED MATERIAL CONTROL ENGINEERING,33765.0,2023-12-29,RESONANCE FREQUENCY AND DAMPING ANALYZER
80NSSC24PA300,CONCURRENT TECHNOLOGIES CORP,41995.0,2024-01-09,ADDITIVELY MANUFACTURED OSCILLATING HEAT PIPES
80NSSC24PA306,"FLOW SCIENCE, INC",85200.0,2023-12-21,SOFTWARE - FLOW 3D
80NSSC24PA309,BRAYTON ENERGY LLC,155923.0,2024-01-29,SBIR PHASE I IGNITE - HIGH EFFICIENCY SOLID OXIDE FUEL CELL / TURBOGENERATOR HYBRID ELECTRIC PROPULSION SYSTEM
80NSSC24PA310,ASTROBOTIC TECHNOLOGY INC,149212.0,2024-02-14,PHOTON COUNTING SENSOR FOR IN-SPACE DEBRIS DETECTION
80NSSC24PA311,"SPACE-EYES, INC.",146543.0,2024-01-18,SBIR PHASE I IGNITE - FIRE WATCH: PREDICTION AND DETECTION OF WILDFIRES THROUGH ADVANCED AI/ML
80NSSC24PA312,"SPACE LAB TECHNOLOGIES, LLC",149973.0,2024-01-31,SBIR PHASE I IGNITE - ECOMINE - BIOREGENERATIVE MINERAL MININGFROM LUNAR REGOLITH
80NSSC24PA313,BENCHMARK SPACE SYSTEMS INC,149895.0,2024-02-13,SBIR PHASE I IGNITE - HIGH EFFICIENCY SOLID OXIDE FUEL CELL/TURBOGENERATOR HYBRID ELECTRIC PROPULSION SYSTEM
80NSSC24PA314,VERDEGO AERO INC,139719.0,2024-02-08,SBIR PHASE I IGNITE - VERDEGO AERO VH-3 HYBRID ELECTRIC POWERPLANT
80NSSC24PA315,OLLISON RUTH ALLEN,95948.0,2023-12-21,THIS TRAINING WILL EQUIP PARTICIPANTS TO DEAL WITH MEDIA INTERVIEWS AND EFFECTIVELY WORK WITH PAOS.
80NSSC24PA316,"LUNAR RESOURCES, INC.",149999.0,2024-02-14,SBIR PHASE I - IGNITE SILICON AND IRON REGOLITH EXTRACTION ON THE MOON (SIRE)
80NSSC24PA317,GEOVISUAL TECHNOLOGIES INC,149616.0,2024-01-29,SBIR PHASE I IGNITE
80NSSC24PA318,SPACE TANGO LLC,148639.0,2024-02-21,TANGOBOX: NEXT GENERATION INFRASTRUCTURE FOR IN-SPACE PRODUCTION ON COMMERCIAL SPACESTATIONS
80NSSC24PA319,"ASTRAL FORGE, LLC",150000.0,2024-02-13,SBIR PHASE I - IGNITE DEVELOPMENT OF A HIGH-TEMPERATURE (1200 C) CRYSTAL GROWTH FURNACE TOWARD SEMICONDUCTOR IN-SPACE PRODUCTION APPLICATIONS IN LEO FOR TERRESTRIAL USE.
80NSSC24PA320,ALTAIR ENGINEERING INC.,151165.45,2023-12-21,ALTAIR RENEWAL
80NSSC24PA321,"BENTLEY SYSTEMS, INCORPORATED",21549.8,2023-12-21,BENTLEY SW RENEWAL
80NSSC24PA323,THERMO ELECTRON NORTH AMERICA LLC,15968.0,2023-12-21,FTIR SPECTROMETER SUPPORT PLAN
80NSSC24PA324,THERMO ELECTRON NORTH AMERICA LLC,10649.0,2023-12-22,REPLACEMENT MCTA DETECTOR FOR IR SPECTROMETER
80NSSC24PA325,"SHIMADZU SCIENTIFIC INSTRUMENTS, INC.",20467.2,2023-12-21,FY24 GCMS MAINTENANCE AGREEMENT
80NSSC24PA326,FRONTGRADE TECHNOLOGIES INC.,90050.0,2023-12-21,"FOR FRONTGRADE ICS ""VRG8602-S"" (X10), ""RHD8544-S"" (X10), ""VRG8608-S"" (X10)"
80NSSC24PA327,"TEIJIN FRONTIER (U.S.A.), INC.",205687.9,2023-12-21,"ZYLON POLY-BENZOBISOXAZOLE (PBO) YARN WITH LINEAR DENSITIES OF 555 DTEX, 273 DTEX, 278 DTEX, AND 1640 DTEX."
80NSSC24PA328,ADVANCED DICING TECHNOLOGIES INC,11609.68,2024-01-04,UPGRADE AND INSTALLATION OF NEW SOFTWARE FOR DICING SAW
80NSSC24PA329,"D.C.S. GIFFORD, LLC",60000.0,2024-01-09,FY24 SUPPORT FOR CCSDS STANDARD DEVELOPMENT ACTIVITIES.
80NSSC24PA330,ARIZONA STATE UNIVERSITY,139974.0,2023-12-28,SEMICONDUCTOR ELECTRICAL MODELING FOR IN-SPACE MEMORY MANUFACTURING
80NSSC24PA331,INNOVMETRIC LOGICIELS INC,14225.0,2024-01-05,POLYWORKS INSPECTOR+ MODELER UPGRADE
80NSSC24PA333,"SPACEK LABS, INC.",13475.0,2024-01-04,PROCUREMENT OF TWO 37.1-GHZ RECEIVERS FOR THE AMPR AIRBORNE SCIENCE INSTRUMENT
80NSSC24PA335,"BAY REPROGRAPHIC & SUPPLY, INC., A CALIFORNIA CORPORATION",14999.0,2023-12-27,HP DESIGNJET XL 3800 PRINTER & SERVICES
80NSSC24PA336,GERSTEL INC,68410.86,2023-12-28,1 GERSTEL TD 3.5+ THERMAL DESORPTION UNIT
80NSSC24PA337,APPOSITE TECHNOLOGIES LLC,18736.0,2023-12-28,NETROPY 10G4 2 YR PRODUCT LICENSE RENEWAL ELMT STANDALONE
80NSSC24PA338,EMD MILLIPORE CORP,42103.69,2024-01-05,MILLI-Q IQ 7000 AND IQ 7003 WATER PURIFICATION SYSTEMS
80NSSC24PA339,"ILLUMINA, INC.",16720.44,2023-12-28,PRODUCT: REAGENTS VENDOR: ILLUMINA
80NSSC24PA340,"TEIJIN FRONTIER (U.S.A.), INC.",151844.0,2024-01-04,ZYLON POLY-BENZOBISOXAZOLE (PBO) CUSTOM WOVEN FABRIC
80NSSC24PA341,SOUTHWEST RESEARCH INSTITUTE,246091.0,2024-01-04,LABOR FOR ACCELERATED STABILITY ANALYSIS STUDY PERFORMED BY SOUTHWEST RESEARCH INSTITUTE
80NSSC24PA342,"UNIVERSITY OF MARYLAND, COLLEGE PARK",78016.64,2024-01-02,MAX RESEARCH AND COLOCATION
80NSSC24PA343,PENN-AIR & HYDRAULICS CORP,10659.71,2024-01-02,CUSTOM ENCLOSURE TO OUTFIT A CUSTOM LASER TABLE
80NSSC24PA345,"CRAWFORD ELECTRIC SUPPLY COMPANY, LLC",235051.37,2024-01-04,B-STAND EXPLORATORY UPPER STAGE (EUS) MOTOR CONTROL CENTER (MCC) BUCKET REPLACEMENT
80NSSC24PA346,CRESCENT ELECTRIC SUPPLY CO,16552.0,2024-01-03,SCHNEIDER ELECTRIC SOFTWARE LICENSE SUPPORT CONTRACT #97AU000940 RENEWAL
80NSSC24PA347,FLIGHTSAFETY INTERNATIONAL INC,137616.0,2024-01-02,AIRSAR-NG G-IV INITIAL AIRCREW TRAINING PROCUREMENT
80NSSC24PA348,"C AND J MAINTENANCE CONSTRUCTION, INC.",11538.0,2024-01-03,UPDATE OF N215 ROOM 213 AND T12-B ROOMS 100A AND 100B
80NSSC24PA349,STI ELECTRONICS INC,41600.0,2024-01-12,TRAINING MANUAL SUPPLIES
80NSSC24PA350,TECPLOT INC,209000.0,2024-01-03,FY24 LARC TECPLOT 360 COMMERCIAL SITE LICENSE RENEWAL
80NSSC24PA352,"PAYDARFAR INDUSTRIES, INC.",157862.32,2024-01-03,SARATECH NX-NASTRAN/FEMAP MAINTENANCE
80NSSC24PA353,"PRECISION FILTERS, INC.",33595.0,2024-01-09,PRECISION FILTER CARDS FOR BALANCE CALIBRATION AND CHECKOUT
80NSSC24PA354,MSM GROUP INC,34470.21,2024-01-03,FY24 ISIGHT RENEWAL
80NSSC24PA355,"NEW TECH SOLUTIONS, INC.",144004.7,2024-01-03,PURCHASE OF ARISTA 48-PORT SWITCHES
80NSSC24PA356,KING NUTRONICS CORPORATION,19750.0,2024-01-03,PRESSURE GAUGE VERIFICATION EQUIPMENT
80NSSC24PA357,GAP WIRELESS INC,45208.8,2024-01-08,KEYSIGHT BI-DIRECTIONAL REGENERATIVE DC POWER SUPPLY
80NSSC24PA358,ELIZAROV CONSULTING GROUP LLC,159305.61,2024-03-28,PURCHASE OF TWO MOTOR CONTROL CENTERS
80NSSC24PA359,TA INSTRUMENTS - WATERS L.L.C.,36380.0,2024-01-09,TA INSTRUMENTS MAINTENANCE SUPPORT RENEWAL
80NSSC24PA361,"DROPLET MEASUREMENT TECHNOLOGIES, LLC",67500.0,2024-01-08,MINIMPL WFR UPGRADE KITS
80NSSC24PA362,"PLUS4PI, LLC",14713.0,2024-01-05,"TRAINING PURCHASE UNDER $25,000.00"
80NSSC24PA363,"ERAI, INC.",25000.0,2024-01-05,ERAI BASIC MEMBERSHIP RENEWAL
80NSSC24PA365,ELSEVIER INC.,388035.78,2024-01-10,2024 ELSEVIER SUBSCRIPTION
80NSSC24PA366,THERMAL SPACE LTD,48450.0,2024-01-17,CHILLED REGOLITH SIMULANT BIN FOR VF-13 CUSTOM COLD PLATE/SOIL  TRAY ASSEMBLY
80NSSC24PA368,REAL TIME NETWORKS INC,31055.0,2024-01-19,KEY TRACER ELECTRONIC MGMT SYSTEMS
80NSSC24PA369,TRILION QUALITY SYSTEMS LLC,15400.0,2024-01-11,AFRC TRILION SILVER SUPPORT PACKAGE RENEWAL
80NSSC24PA370,"CONCURRENT REAL-TIME, INC.",10296.0,2024-01-09,RENEWAL OF HILL CONCURRENT MAINTENANCE
80NSSC24PA372,"ACCURATE CIRCUIT ENGINEERING, INC",29130.12,2024-01-10,FABRICATION OF QUANTITY 8 OF THE FIGARO 64 ELEMENT 5G PHASED ARRAY
80NSSC24PA373,ELECTRON ENERGY LLC,16914.08,2024-01-11,MAGNET ASSEMBLIES
80NSSC24PA374,"ACCURATE CIRCUIT ENGINEERING, INC",14513.2,2024-01-10,FABRICATION OF QUANTITY:2 OF THE FIGARO 512 ELEMENT 5G PHASED ARRAY
80NSSC24PA375,CYTEC ENGINEERED MATERIALS INC.,25828.0,2024-01-09,FM209-1U ADHESIVE
80NSSC24PA376,GREAT MIGRATIONS LLC,67000.0,2024-01-17,PROCUREMENT OF GM FORTRAN SOFTWARE AND SUPPORT SERVICES
80NSSC24PA377,TRANSCEND LLC,35700.0,2024-01-10,"THE EARTH SCIENCE DIVISION (ESD) IS IN NEED OF FACILITATION SERVICES FOR THEIR ""HOME WEEK"" ACTIVITIES, INCLUDING SEVERAL DAYS OF DIVISION-WIDE MEETINGS AND SMALLER GROUP MEETINGS."
80NSSC24PA378,MEASUREMENT SPECIALTIES INC,174395.64,2024-01-09,"OPTIMUS MINI MODULES, SCANNER CABLES, AND MSDI"
80NSSC24PA379,"COSTAR REALTY INFORMATION, INC.",49050.0,2024-01-18,COSTAR: A COMMERCIAL REAL ESTATE DATABASE FOR LOCATING AND ESTIMATING VALUE OF RENTAL PROPERTIES
80NSSC24PA380,NATIONAL INSTRUMENTS CORP,193252.0,2024-01-16,OT :LABVIEW RENEWAL
80NSSC24PA382,SPEAR HUMAN PERFORMANCE INC,25000.0,2024-01-10,SPEAR CONTRACT FOR DATABASE DEVELOPMENT AND QLIK LICENSE
80NSSC24PA383,REMCOM INC,40999.75,2024-01-11,SW LICENSE WIRELESS INSITE ADD-ON PRO& MIMO PACKAGE
80NSSC24PA384,THALES AEROSPACE COMMUNICATIONS MONTREAL INC.,37900.0,2024-01-11,REPAIR OF COBHAM EQUIPMENT
80NSSC24PA385,HEXCEL CORPORATION,90111.08,2024-01-11,LITHIUM-ION BATTERY SAFETY
80NSSC24PA387,"VOLEXITY, INC.",13500.0,2024-01-16,VOLCANO ONE SW RENEWAL
80NSSC24PA388,"3D SYSTEMS, INC.",15800.0,2024-01-11,FY24 3D SYSTEMS PROJET 7000 MAINTENANCE
80NSSC24PA389,WATERS TECHNOLOGIES CORPORATION,94496.64,2024-01-12,FLEXCHOICE SERVICE CONTRACT
80NSSC24PA390,HAGERMAN & CO INC,17897.58,2024-01-17,FY24 RENEWAL OF MERIDIAN SOFTWARE AND INTELLIMODULE
80NSSC24PA391,"DELMAR ENTERPRISES, INC.",12260.0,2024-01-11,CUSTOM BUILD KEY BOXES/SECURITY ACCESS MANAGEMENT SYSTEM
80NSSC24PA392,GRAHAM RESEARCH INC,11325.0,2024-01-11,PURCHASE OF FIRING PINS FOR GFE REEFING LINE CUTTER
80NSSC24PA393,"OROLIA GOVERNMENT SYSTEMS, INC.",12875.0,2024-01-24,1 WHITE RABBIT Z16-LJ
80NSSC24PA394,"TRIGGS TECH, LLC",72800.0,2024-01-18,PROJECT SUPPORT FOR STEVE MAHER
80NSSC24PA396,JF DRAKE STATE TECHNICAL COLLEGE,24000.0,2024-01-16,DELIVER MACHINE TOOLING CLASS
80NSSC24PA398,"ECI SOFTWARE SOLUTIONS, INC",39720.36,2024-01-17,FY24 SHOPTECH E2 SHOP SYSTEM SOFTWARE MAINTENANCE RENEWAL (JOBBOSS)
80NSSC24PA399,QUANTAR TECHNOLOGY,25075.0,2024-01-17,MULTISCALER/TIME DIGITIZER
80NSSC24PA400,VPRIME TECH INC,12737.5,2024-01-17,TC2 LABS MEASUREMENT EXTRACTION SOFTWARE
80NSSC24PA401,"CROWN INNOVATIONS, INC.",240947.38,2024-01-18,TECHNICAL AND STRATEGIC SUPPORT
80NSSC24PA402,PHYSICAL SCIENCES INC.,165453.0,2024-01-19,FABRICATION OF STAMPED SHEET METAL VOXEL
80NSSC24PA403,RECTOR & VISITORS OF THE UNIVERSITY OF VIRGINIA,235014.0,2024-01-18,"DETERMINE THE ENVIRONMENTALLY ASSISTED CRACKING (EAC) PERFORMANCE OF RUSSIAN ALLOY AMG6NOP, WITH FOCUS ON ISS ENVIRONMENT AND POTENTIAL FATIGUE INTERACTIONS."
80NSSC24PA404,ESI NORTH AMERICA INC,43185.0,2024-01-17,FY24 VA-ONE FOAM-X VAO-OPT-009 ANNUAL MAINTENANCE LICENSE
80NSSC24PA405,PROQUEST LLC,10472.38,2024-01-17,FY24 360 LINK RENEWAL
80NSSC24PA406,NASA WALLOPS EXCHANGE,23841.38,2024-01-19,LODGING AND MEALS FOR TECHNICAL MANAGERS TRAINING PROGRAM (MARCH 2024 SESSION)
80NSSC24PA407,"GLOBAL SCIENCE & TECHNOLOGY, LLC",144236.0,2024-01-18,"PROJECT SUPPORT FOR ELMER SHARP, DESIGN AND IMPLEMENT CRYOGENIC TEST PACKAGES."
80NSSC24PA411,"REXEL USA, INC",28880.0,2024-01-19,ALLEN BRADLEY ENGINEERING SUPPORT SERVICE HOURS
80NSSC24PA412,THE TOMORROW COMPANIES INC.,10990.0,2024-01-18,OT : 2.4 GHZ 14-BIT DUAL CHANNEL ANALOG TO DIGITAL CONVERTER CARD (AD9689)
80NSSC24PA413,TEVET LLC,46155.15,2024-01-18,KEYSIGHT 34420A NANOVOLT METERS AND ACCESSORIES
80NSSC24PA414,"NEARMAP US, INC.",128700.0,2024-01-23,NEARMAP SOFTWARE
80NSSC24PA415,"TRAD TESTS AND RADIATIONS, INC",29000.0,2024-01-19,FASTRAD CHARGING
80NSSC24PA418,CELLBLOCK FCS LLC,17361.75,2024-01-22,LITHIUM-ION BATTERY SAFETY
80NSSC24PA419,FSR CONSULTING LLC,23420.0,2024-01-18,HIGH PRESSURE INDUSTRIAL WATER FACILITY CONTROLS UPGRADES HOFFMAN PLC CABINETS
80NSSC24PA420,MICHIGAN TECHNOLOGICAL UNIVERSITY,50000.0,2024-01-19,MOLECULAR MODELING SIMULATION SVS
80NSSC24PA421,"CURTISS-WRIGHT DS, INC.",19004.73,2024-01-24,FY24 IADS ANALYSIS SOFTWARE ANNUAL SITE LICENSE RENEWAL W/ MAINTENANCE  AND SUPPORT
80NSSC24PA422,"TELTRIUM, INC.",60111.36,2024-01-22,PACKING OF VERY SENSITIVE CRYOGENIC COMPONENTS
80NSSC24PA423,"COI CERAMICS, INC.",175659.2,2024-01-19,HI-NICALON CERAMIC FIBER
80NSSC24PA424,CINDY ZOOK ASSOCIATES LLC,14700.0,2024-01-22,1 DAY WORKSHOP 01/26/20024
80NSSC24PA425,VAISALA INC.,28746.04,2024-01-22,60 EA OZONE INTERFACE KITS AND RS41-SG RADIOSONDES
80NSSC24PA426,OSHA BERGMAN WATANABE & BURTON LLP,12000.0,2024-01-24,"PREPARE PATENT #GSC-18787-1 APPL, CLAIMS, SPECS"
80NSSC24PA427,HONEYWELL ANALYTICS INC.,14917.0,2024-01-26,SERVICE AGREEMENT FOR GAS DETECTION EQUIPMENT
80NSSC24PA428,SIRIUS FEDERAL LLC,220943.24,2024-01-26,GITLAB ULTIMATE SUBSCRIPTION RENEWAL POP: 01/24/2024 - 01/23/2025
80NSSC24PA429,CAPITAL LIGHTING & SUPPLY LLC,19624.5,2024-01-22,FY24 STRUXUREWARE POWER MONITORING SERVICE PLAN RENEWAL - M. HOUSEKNECHT - LARC - D402B
80NSSC24PA430,SITUATION AWARENESS SYSTEMS LLC,120000.0,2024-01-24,COMPUTE TOPOGRAPHY DIGITAL ELEVATION MODELS (DEM) VIA STRUCTURE-FROM-MOTION (SFM) ALGORITHMS VIA PLANETARY DESCENT IMAGING SYSTEMS WITH ATTENTION TO VENUS APPLICATIONS TAILORED TO DAVINCI.
80NSSC24PA431,"CT CORETECHNOLOGIES, INC.",22861.74,2024-01-22,CT CORETECHNOLOGIES 3D EVOLUTION RENEWAL
80NSSC24PA432,SYNERGY SYSTEMS CORP,47155.0,2024-02-15,OT CRYOPUMP AND UPGRADES
80NSSC24PA433,"ECSI FIBROTOOLS, INC",215250.0,2024-01-25,ELECTROPLATING BENCH AND 4/6 ELECTROPLATING STATION WITH ELECTRONIC
80NSSC24PA436,BLUE TECH INC.,33475.98,2024-01-24,FLIDAS SOFTWARE UPGRADES AND NDO PLUG-IN
80NSSC24PA437,"ADVANCED FUNCTIONAL FABRICS OF AMERICA, INC",20177.42,2024-01-25,EMBROIDERED STRAIN SENSORS FOR ENHANCING PARACHUTES
80NSSC24PA438,INSPIRITEC INC,439937.0,2024-01-30,PO80NSSC24PA438 IS TO PHASE IN NASA ENTERPRISE SERVICE CENTER REQUIREMENT THAT WILL BE ISSUED AS 80NSSC24DA001
80NSSC24PA439,"HEXAGON MANUFACTURING INTELLIGENCE, INC.",36043.8,2024-01-25,FY24 VGSTUDIO LICENSE RENEWAL
80NSSC24PA440,UNISON COST ENGINEERING LLC,60606.54,2024-01-23,UNISON TRUEPLANNING SOFTWARE LICENSE
80NSSC24PA441,INSTITUT NATIONAL D'OPTIQUE,0.0,2024-01-24,MICROCAM CAMERA MODULE
80NSSC24PA443,"PAYDARFAR INDUSTRIES, INC.",18295.5,2024-01-24,OT : FEMAP RENEWAL
80NSSC24PA444,NORTH AMERICAN MANUFACTURING PROS LLC,248560.0,2024-01-24,L-PBF PARAMETER DEVELOPMENT AND COMPONENT BUILDS USING GRX-810 AND ORCALLOY
80NSSC24PA445,"SENSOR SYSTEMS, L.L.C.",24970.0,2024-01-24,POTENTIOMETERS FOR CCE TEST
80NSSC24PA446,AI SIGNAL RESEARCH INC,149497.05,2024-01-24,NEW CONTRACT WITH ASRI FOR ENGINEERING SUPPORT FOR UPGRADING POGO MODELS
80NSSC24PA447,BRISTLECONE VENTURES 2 LLC,66369.8,2024-01-26,TWO CARGO  CONTAINERS TO TEMPORARILY STORE AND PROCESS HARDWARE.
80NSSC24PA449,"PLASMATERIALS, INC.",12630.0,2024-01-24,PLATINUM RHODIUM SPUTTERING TARGET COMPOSITION: (PT)90(RH)10 AT% PURITY: 99.95%
80NSSC24PA450,"REDJADE SENSORY SOLUTIONS, LLC",15000.0,2024-01-25,REDJADE SOFTWARE RENEWAL
80NSSC24PA451,LINBIT USA LLC,12000.0,2024-01-25,FY24 ASDC - LINBIT DRBD ENTERPRISE HIGH AVAILABILITY SUPPORT
80NSSC24PA452,CHEMRING ENERGETIC DEVICES INC,24720.0,2024-01-25,VALVE TEST ACCESSORY CALIBRATIONS
80NSSC24PA453,"RITEC, INC",46790.0,2024-01-26,RITEC RAM 5000 MARK VI
80NSSC24PA455,ALTAIR ENGINEERING INC.,148365.0,2024-01-25,ANNUAL RENEWAL ALTAIR HYPERWORKS
80NSSC24PA456,AITA CONSULTING SERVICES INC,13636.19,2024-01-26,GW POLYSTUDIOS AND CLICKSHARE PURCHASE
80NSSC24PA459,"COMPUTER TASK GROUP, INCORPORATED",12000.0,2024-01-25,CTG ADVISORY TESTING SERVICES FOR EGGPLANT
80NSSC24PA460,"MODERN TECHNOLOGY SOLUTIONS, INC.",250000.0,2024-01-30,MODEL BASED SYS ENGINEERING SUPPORT
80NSSC24PA461,EDDYFI CORP,17165.0,2024-01-26,THE CONTRACTOR SHALL DESIGN AND DELIVER A FLAT GEOMETRY EDDY CURRENT ORBITAL TUBE WELD
80NSSC24PA462,NATIONAL INSTITUTE OF STANDARDS AND TECHNOLOGY,0.0,2024-01-31,2 NIST ISSUED QUARTZ-HALOGEN LAMPS
80NSSC24PA463,TECPLOT INC,13480.0,2024-01-31,SW - FIELDVIEW
80NSSC24PA464,THE RESEARCH FOUNDATION FOR THE STATE UNIVERSITY OF NEW YORK,60000.0,2024-01-29,SESSIONS IN 2024 OF SHARE THE SCIENCE TRAINING SCIENCE MISSION DIRECTORATE OFFERS TO THE COMMUNITY
80NSSC24PA465,AANTILIA LLC,28093.8,2024-01-26,HPIW CONTROLS UPGRADE
80NSSC24PA467,"MCLANE RESEARCH LABORATORIES, INC.",160312.15,2024-01-31,IMAGING FLOWCYTOBOT (IFCB)
80NSSC24PA468,FSR CONSULTING LLC,27340.0,2024-01-31,10 CONNEX BOXES FOR THE B703 CLOSOUT
80NSSC24PA469,ADVANCE GSE CORP,103230.0,2024-02-09,BOBTAIL AIRCRAFT/GSE TUG
80NSSC24PA470,STRUCTURED SOLUTIONS INCORPORATED,22450.0,2024-01-30,SSI TOOLS BUNDLED PACKAGE MAINTENANCE & SUPPORT
80NSSC24PA471,"SEQUOIA SCIENTIFIC, INC",97760.0,2024-01-31,OT : HYPERBB SUBMERSIBLE MULTISPECTRAL BACKSCATTER
80NSSC24PA473,"OPEN ASSEMBLY, INC",25000.0,2024-01-30,OPEN ASSEMBLY SUBSCRIPTION FY 23
80NSSC24PA474,"LIGHTHOUSE WORLDWIDE SOLUTIONS, INC",16580.0,2024-01-30,LIGHTHOUSE APEXP3 PARTICLE COUNTERS
80NSSC24PA475,NOQSI AEROSPACE LTD,77383.01,2024-01-31,TECHNICAL SERVICES (CIRCUIT BOARD DESIGN)
80NSSC24PA476,ALDEC INC,17694.25,2024-02-07,RENEW ALDEC FOR ETD. SOFTWARE/MAINT
80NSSC24PA477,INFICON INC,10640.0,2024-01-30,GCMR-UR4 MICRO GC FUSION GC MODULE REPLACEMENT
80NSSC24PA478,HERAEUS PRECIOUS METALS NORTH AMERICA CONSHOHOCKEN LLC,17485.5,2024-02-13,C5735 50G JAR CONDUCTOR PASTE AND THINNER
80NSSC24PA479,FRONTGRADE GAISLER AB,10610.0,2024-02-08,"FY24 VXWORKS 6.X AND 7.X BSP AND SPARC PORT, ANNUAL LICENSE RENEWAL"
80NSSC24PA480,"INTERACTIVE TOUCHSCREEN SOLUTIONS, INC.",15900.0,2024-02-14,"CITM ITS NAVIGO MONTGOMERY 32"" TOUCHSCREEN & INSTALLATION"
80NSSC24PA481,TESTRESOURCES INC.,20936.46,2024-01-31,"TWO (2) CORD / ROPE CAPSTAN GRIPS, JAWS, AND ADAPTERS"
80NSSC24PA482,ABB INC,18633.47,2024-01-31,ABB INSTALLATION SERVICES OF EXISTING HARDWARE
80NSSC24PA485,AMERICAN & EFIRD LLC,16302.0,2024-01-31,CUSTOM SEWING THREAD USING ZYLON POLY-BENZOBISOXAZOLE (PBO) THREAD.
80NSSC24PA486,"GRANDIDA, LLC",18744.8,2024-02-20,SUPPLIES FOR HPIW CONTROL SYSTEM UPGRADE
80NSSC24PA487,ADVANCED PROCESSING TECHNOLOGY INC,71610.0,2024-01-31,LARC D204 REPAIR SERVICES FOR TENNEY AND TEC AUTOCLAVES
80NSSC24PA488,HAWKS TECHNICAL SERVICES LLC,34340.0,2024-02-06,PREVENTATIVE MAINTENANCE FOR DEEP REACTIVE ION ETCH SYSTEM
80NSSC24PA489,TLD AMERICA CORPORATION,95662.0,2024-02-01,TLD TMX-50-4 AIRCRAFT TRACTOR (TUG)
80NSSC24PA490,"NIKON METROLOGY, LLC",57604.0,2024-02-01,NIKON HARDWARE SERVICE CONTRACT RENEWAL
80NSSC24PA491,GEOCUE GROUP INC,69470.0,2024-02-01,"GEOCUE TRUEVIEW 535 TRADITIONAL KIT WITH SOFTWARE, MOUNTING KIT, AND LANDING GEAR"
80NSSC24PA493,ESI NORTH AMERICA INC,92160.0,2024-02-13,SW - VA ONE
80NSSC24PA494,"SIENNA TECHNOLOGIES, INC.",143750.0,2024-02-06,HF2C SIC PRESSURE-TEMPERATURE SENSORS PACKAGING
80NSSC24PA495,AGILE ULTRASONICS CORP,117865.0,2024-02-13,TDEA POINT DESIGN ULTRASONIC WELDING OF THERMOPLASTIC COMPOSITES FOR THE TDEA PROJECTS TSPD STRUCTURE
80NSSC24PA496,JULABO USA INC,25575.0,2024-02-14,LOW PRESSURE METER CORIOLIS 2 DN25 WITHOUT STAND
80NSSC24PA498,"IMPRES TECHNOLOGY SOLUTIONS, INC",19000.0,2024-02-08,VERITAS NETBACKUP AND DLO (SOFTWARE RENEWAL)
80NSSC24PA499,"SEA-BIRD ELECTRONICS, INC",220599.73,2024-02-08,HYPER PRO SENSOR KITS
80NSSC24PA501,NXCAP CONSULTING LLC,183200.0,2024-02-05,SAFETY AND MISSION ASSURANCE (SMA) CONSULTATION FOR ARMSTRONG TEST FACILITY (ATF)
80NSSC24PA502,TSI INCORPORATED,218575.1,2024-02-09,SCANNING MOBILITY PARTICLE SIZER AND ADVANCED AEROSOL NEUTRALIZER
80NSSC24PA503,"FISCALNOTE, INC",45000.0,2024-02-06,FISCALNOTE SUBSCRIPTION FOR STATE AND LOCAL REGULATORY AWARENESS SUPPORT SERVICES
80NSSC24PA504,"DH TECHNOLOGIES, INC.",13834.8,2024-02-08,"ATLASSIAN RENEWAL FOR COMALA DOCUMENT MANAGEMENT, SCRIPTRUNNER, ADVANCED TABLES"
80NSSC24PA505,TECPLOT INC,37370.0,2024-02-08,TECPLOT RENEWAL LICENSE
80NSSC24PA506,MAGNETIC SHIELD CORP,10838.0,2024-02-06,ONE OF THE TWO MU METAL CHAMBERS
80NSSC24PA507,BHAYANA BROTHERS LLC,164290.3,2024-02-09,SPHERICAL NIOBIUM (NB) POWDER
80NSSC24PA510,RTCA INC,693000.0,2024-02-15,PURCHASE ORDER FOR NASA RTCA MEMBERSHIP
80NSSC24PA511,"PROGRAM DEVELOPMENT COMPANY, LLC",22300.0,2024-02-08,FY24 GRIDPRO INFINITY SUPPORT RENEWAL
80NSSC24PA512,INTEGRATED TOWER SYSTEMS INC,80076.0,2024-02-27,A NEW METEOROLOGICAL TOWER TRAILER TO REPLACE THE EXISTING DAMAGED TRAILER
80NSSC24PA513,DS GOVERNMENT SOLUTIONS CORP,188387.3,2024-02-12,FY24 POWERFLOW LICENSE RENEWAL - LUTHER JENKINS - LARC POP 04/06/2024 - 04/05/2025
80NSSC24PA514,STERIS CORPORATION,13028.76,2024-02-12,REPAIR/SERVICE OF AUTOCLAVES(N288/172)
80NSSC24PA515,THERMO ENVIRONMENTAL INSTRUMENTS LLC,24028.75,2024-02-20,TOTAL HYDROCARBON ANALYZER
80NSSC24PA517,"CORRELATED MAGNETICS RESEARCH, LLC",47944.49,2024-02-07,CIF MAGNET SERVICES
80NSSC24PA518,EUROPEAN SYNCHROTRON RADIATION FACILITY,65856.0,2024-02-20,TO GAIN BEAMTIME AT THE ESRF IN FRANCE
80NSSC24PA519,PHILLIPS CORPORATION,17088.95,2024-02-09,MACHINE CENTER OIL CONVERSION
80NSSC24PA520,DAMUTH SERVICES INC,53575.0,2024-02-09,FY24 TRANE TRACER ES PROFESSIONAL LICENSES RENEWAL
80NSSC24PA521,CLASSONE EQUIPMENT INC,66600.0,2024-02-14,OT YES-450PB POLYIMIDE BAKE OVEN [4905]
80NSSC24PA522,"BOYD LANCASTER, INC.",22586.4,2024-02-13,OT : WELDING HOURS & TECHNICIAN / INTEGRATION OF THE VAPOR DRIVEN SUCTION ELEMENT INTO THE EXPERIMENTAL LOOP HEAT PIPE (E-LHP).
80NSSC24PA524,"ELEMANCE, LLC",19800.0,2024-02-09,ANNUAL RENEWAL FOR GLOBAL HUMAN BODY MODELING CONSORTIUM LICENSE FINITE ELEMENT MODEL LICENSE
80NSSC24PA525,"SHAPEFIDELITY, INC.",12164.0,2024-02-09,FY24 GEOMAGIC SOFTWARE MAINTENANCE RENEWAL POP: 05/29/24 - 05/28/25
80NSSC24PA526,KESELOWSKI ADVANCED MANUFACTURING LLC,35780.8,2024-02-09,ADDITIVELY MANUFACTURED INCONEL 625 FUEL MANIFOLDS
80NSSC24PA527,AGILENT TECHNOLOGIES INC,30764.16,2024-02-14,SLIMS SOFTWARE
80NSSC24PA528,TANTALLON ORLANDO LLC,13885.48,2024-02-12,REQUEST FOR A/V SUPPORT AT THE FLORIDA HOTEL AND CONFERENCE CENTER DURING THE OSI LEADERSHIP FORUM
80NSSC24PA529,"NIKON SLM SOLUTIONS NA, INC.",49000.0,2024-02-12,SLM SOLUTIONS SELECTIVE LASER MELTING SUPPORT & SERVICE
80NSSC24PA531,"SEQUOIA SCIENTIFIC, INC",70540.0,2024-02-14,HYPER-A SUBMERSIBLE HYPERSPECTRAL ABSORPTION AND L-200X LARGE EXTERNAL BATTERY HOUSING
80NSSC24PA532,"CARTER MACHINERY COMPANY, INCORPORATED",123576.77,2024-02-13,GSFC-WFF GENERATOR SWITCHGEAR REPAIRS
80NSSC24PA533,"CLOVITY, INC",12177.56,2024-03-08,ATLASSIAN PLUG- INS UPGRADE
80NSSC24PA534,MTS SYSTEMS CORPORATION,79577.0,2024-02-20,THIS CONTRACT IS FOR THE HARDWARE AND SERVICE NEEDED TO REPLACE THREE MODULES OF A GOVERNMENT OWNED HYDRAULIC POWER UNIT (HPU
80NSSC24PA535,"ONYX TECHNICAL SERVICES, INC",86955.88,2024-02-14,UPWT INTERCOM PA SYSTEM
80NSSC24PA536,MINT TURBINES LLC,16939.4,2024-02-14,PROVIDE A 3 DAY COURSE PT6A FAMILIARIZATION COURSE
80NSSC24PA538,"CODE FOR SCIENCE AND SOCIETY, INC.",12500.0,2024-02-14,MEMBERSHIP IN RESEARCH SOFTWARE ALLIANCE
80NSSC24PA539,"SYNOPSYS, INC.",109780.0,2024-02-14,LICENSE RENEWAL
80NSSC24PA540,"AIR CENTER HELICOPTERS, INC",213564.79,2024-02-14,AIRCRAFT SERVICE FLIGHTS FOR HDL
80NSSC24PA541,"COYOTE ENTERPRISES, INC",49960.0,2024-02-14,EXPERT CONSULTING FOR DESIGN OF APEX INCUBATOR
80NSSC24PA542,4WAVE INC.,13194.0,2024-02-14,MAINTANACE AND REPAIR
80NSSC24PA543,"PRACTICAL AERONAUTICS, INCORPORATED",25000.0,2024-02-14,AIRCRAFT ENGINE SYSTEMS DESIGN - ADVANCED COMPONENT DESIGN
80NSSC24PA544,AVNET INC,32756.0,2024-02-14,XILINIX MAINTENANCE RENEWAL
80NSSC24PA545,"CAREER COMMUNICATIONS GROUP, INC.",20000.0,2024-02-15,NASA PARTICIPATION IN THE BEYA STEM CONFERENCE AT SILVER-LEVEL PARTNERSHIP
80NSSC24PA547,SMITHSONIAN INSTITUTION,215987.0,2024-04-11,CONTRACT TO HARVARD FOR DSCOVR FARADAY CUP INSTRUMENT
80NSSC24PA548,MASSACHUSETTS INSTITUTE OF TECHNOLOGY,238607.19,2024-02-14,PHYSICS-INFORMED PARTICLE IMPACT IGNITION MODEL
80NSSC24PA549,EFFICIENT TOOL SOLUTIONS LLC,24944.5,2024-02-15,TOOLBOXES & AVIATION TOOLSETS X2 / FDCSAF
80NSSC24PA550,FLUKE ELECTRONICS CORP,36375.0,2024-02-15,PRI SUPT WORKSTATIONS FLUKE GOLD MAINTENANCE SUPPORT RENEWAL
80NSSC24PA551,"BUENDEA, LLC",59200.0,2024-02-15,"BUENDEA SOFTWARE, XOSS UPDATE & SERVICE RENEWAL."
80NSSC24PA552,IQVIA GOVERNMENT SOLUTIONS INC,248489.0,2024-02-27,IQVIA I2E ENTERPRISE SOFTWARE RENEWAL AND PROFESSIONAL SERVICES POP: 02/15/24 - 02/14/25
80NSSC24PA553,SALISBURY APPLIED GEOSPATIAL ANALYSIS LLC,48150.0,2024-02-15,SERVIR-AMAZONIA INDIGENOUS PEOPLE'S ENGAGEMENT SUBJECT MATTER EXPERT
80NSSC24PA555,CRH INDUSTRIAL WATER LLC,37799.0,2024-02-15,MILLIPORE IQ 7003 TOC PURIFICATION SYSTEM
80NSSC24PA556,"ARROW ELECTRONICS, INC.",15000.0,2024-02-16,TO RENEW ALTERA SOFTWARE
80NSSC24PA557,"SEA-BIRD ELECTRONICS, INC",47721.09,2024-02-21,SEA-BIRD HYPEROCR PYSAS SYSTEM
80NSSC24PA558,ALLIUM US HOLDING LLC,13718.92,2024-02-15,ENGINEERING WORKBENCH/MCGRAW HILL SW RENEWAL
80NSSC24PA559,SAVE AGAIN.COM,31760.78,2024-02-21,PROCURE MOVING SUPPLIES NEEDED FOR MOVEOUT OF B703 - PALMDALE
80NSSC24PA561,"JH ACQUISITION, LLC",40678.43,2024-02-20,36 ENSCI-ECC OZONESONDE INSTRUMENTS ETC
80NSSC24PA562,"QUINTRON SYSTEMS, LLC",18000.0,2024-02-16,QUINTRON EXTENDED MAINTENANCE ANNUAL RENEWAL
80NSSC24PA563,"EPSILON3, INC.",82200.0,2024-02-21,QTY: 28 EPSILON3 PRO LICENSES AND ON-PREMISE DEPLOYMENT (ONE YEAR)
80NSSC24PA564,"EOS OF NORTH AMERICA, INC.",172327.25,2024-02-22,EXTENDED WARRANTY FOR 3 EOS MACHINES 1/31/24 - 1/30/25
80NSSC24PA565,SPECTECH SOLUTIONS LLC,16450.0,2024-02-26,NITROGEN GENERATOR FOR ADVANCED LITHOGRAPHY LAB
80NSSC24PA567,VPRIME TECH INC,29989.99,2024-02-26,PORTABLE OPTICAL PARTICLE SPECTROMETER
80NSSC24PA568,4 D TECHNOLOGY CORPORATION,95000.0,2024-02-20,HABITABLE WORLDS OBSERVATORY FEASIBILITY STUDY
80NSSC24PA569,"SCHWIEN ENGINEERING, INC.",10773.39,2024-02-21,MANOMETER REPAIR - SCHWIEN ENGINEERING / FDCSAMO
80NSSC24PA570,CODEWARE INC,33795.0,2024-02-21,COMPRESS/INSPECT SOFTWARE MAINTENANCE AND LICENSE
80NSSC24PA571,"N.D.K. AMERICA, INC.",41671.0,2024-02-21,NDK TWIN-CQCM PURCHASE
80NSSC24PA572,"WINDSHAPE, INC.",19574.4,2024-02-22,WINDSHAPE WINDSUITE 8M BUNDLE
80NSSC24PA573,"HOUSTON COMMUNICATIONS, INC",19573.47,2024-02-22,HCI NEXTIVITY REMOTE MONITORING & CONTROL SYSTEM INSTALL AND ANNUAL SERVICE SUPPORT
80NSSC24PA574,GULFSTREAM AEROSPACE CORPORATION,55000.0,2024-02-21,ELECTRIC LOADS ANALYSIS FOR THE G-4
80NSSC24PA575,DATAFORTH CORPORATION,52334.0,2024-02-27,DATAFORTH INPUT MODULE & CHANNEL BACK PANEL
80NSSC24PA576,MOOG INC,80000.0,2024-02-23,PROCURE FLIGHT SPARE UNIT FOR THE ROMAN SPACE TELESCOPE SASS TUNED MASS DAMPER
80NSSC24PA577,IN-SITU MARINE OPTICS PTY LTD,46232.2,2024-02-23,DALEC HYPERSPECTRAL RADIO METER
80NSSC24PA578,GALORATH INCORPORATED,335237.0,2024-01-31,THIS IS A TASK ORDER FOR THE FY24 RENEWAL OF SEER SOFTWARE AND ASSOCIATED SERVICES AT MULTIPLE NASA CENTERS PER THE ATTACHED QUOTE # QUO-23-00881 DATED 12/07/2023.
80NSSC24PA580,"XOMETRY, INC.",46550.0,2024-02-22,NODES FOR TRITRUSS FABRICATION. SOLE SOURCE - SAME VENDOR AS OTHER MODULES
80NSSC24PA581,JOHN H CARTER CO INC,55437.37,2024-02-28,PURCHASE 29 ANDERSON GREENWOOD RELIEF VALVES.
80NSSC24PA582,"TOTAL PARTS PLUS, LLC",16500.0,2024-02-21,SOURCE INTELLIGENCE PARTS PLUS SUBSCRIPTION
80NSSC24PA583,METCUT RESEARCH ASSOCIATES INC.,30153.0,2024-02-21,COMPOSITE COUPON MACHINING
80NSSC24PA584,OAG AVIATION WORLDWIDE LLC,15000.0,2024-02-26,"WORLDWIDE DIRECT FLIGHTS (WDF), LOCATIONS FILE, CARRIER CODE FILE, AND EQUIPMENT CODE FILE"
80NSSC24PA585,ALTAIR ENGINEERING INC.,16924.32,2024-02-22,ALTAIR MULTI-PHYSICS / MECHATRONICS ENGINEER
80NSSC24PA586,"ECS FEDERAL, LLC",30000.0,2024-02-22,ECS ANNUAL SUBSCRIPTION LEVEL 2
80NSSC24PA587,"STRATASYS, INC.",72900.0,2024-02-21,3 YEAR EXTENDED WARRANTY FOR STRATASYS FORTUS 900MC 3D PRINTER
80NSSC24PA588,TECH SERVICE SOLUTIONS LLC,0.0,2024-02-22,"IEC BOARDS, RO300317505E5E18001200(3156797), QTY 15"
80NSSC24PA589,"CODESECURE, INC.",44806.56,2024-02-26,CODE SONAR RENEWAL
80NSSC24PA590,"ELI GROUP, LLC",27500.0,2024-02-22,2024 LEADERSHIP LAB FOR WOMEN
80NSSC24PA591,VPRIME TECH INC,12603.0,2024-02-22,WATER PURIFICATION SYSTEM
80NSSC24PA592,THERMO-CALC SOFTWARE INC.,138510.0,2024-02-23,THERMOCALC SOFTWARE MAINTENANCE AND SUPPORT LICENSE
80NSSC24PA593,SPRINGER NATURE CUSTOMER SERVICE CENTER LLC,16734.85,2024-02-26,NATURE SUBSCRIPTION
80NSSC24PA594,INVEST CAST INCORPORATED,12501.19,2024-02-22,THC CAGES
80NSSC24PA595,LAMBDA RESEARCH CORPORATION,18770.0,2024-02-23,OSLO AND TRACE PRO SOFTWARE MAINTENANCE RENEWAL
80NSSC24PA596,"SCIENCE SYSTEMS AND APPLICATIONS, INC.",103115.0,2024-02-23,PROJECT SUPPORT FOR SAREH EFTEKHRZADEH
80NSSC24PA597,"NALU SCIENTIFIC, LLC",13000.0,2024-02-23,OT : HIGH DENSITY DIGITIZER SYSTEM ON CHIP SYSTEM
80NSSC24PA598,M + P INTERNATIONAL INC.,11424.0,2024-02-23,M+P ANNUAL SOFTWARE MAINTENANCE & SUPPORT
80NSSC24PA599,ANSYS INC,10560.0,2024-02-26,FY24 ANSYS ZEMAX OPTICSTUDIO PREMIER RENEWAL
80NSSC24PA600,RDP CORPORATION,32840.0,2024-02-29,CLEAN ROOM OVEN
80NSSC24PA601,BLACK SWIFT TECHNOLOGIES LLC,92500.0,2024-02-27,TECH SUPPORT FOR AREN PROJECT
80NSSC24PA602,WICHITA STATE UNIVERSITY,250590.0,2024-02-29,TDEA TSPD CHARACTERIZATION AND SUB-ELEMENT MANUFACTURING
80NSSC24PA603,"REXEL USA, INC",69063.26,2024-02-28,HISTORIAN SE TAGS BUNDLE
80NSSC24PA604,RPM INNOVATIONS INC,249844.0,2024-02-26,JBK-75 DIRECTED ENERGY DEPOSITION FORWARD-END THIN-WALL RS-25 NOZZLE BUILD
80NSSC24PA605,"DANTEC DYNAMICS, INC.",31962.25,2024-02-27,HOT-WIRE CALIBRATION AND MEASUREMENT SYSTEMS TO SUPPORT AEROCAST TEST ACTIVITIES.
80NSSC24PA606,"MESSE DUSSELDORF NORTH AMERICA, INC.",14800.0,2024-02-28,BOOTH SPACE AT AUVSI XPONENTIAL 2024
80NSSC24PA607,COMET TECHNOLOGIES CANADA INC.,19500.0,2024-02-27,DRAGONFLY SOFTWARE LICENSE
80NSSC24PA608,"ROSENBAUER SOUTH DAKOTA, LLC",17500.0,2024-03-27,2-YEAR EXTENDED WARRANTY FOR FIRE APPARATUS (TRUCK  #7617)
80NSSC24PA609,"POLITICO, LLC",10600.0,2024-02-28,POLITICO PRO AGREEMENT FOR OCFO
80NSSC24PA610,"INNOVATIVE TEST SOLUTIONS, INC.",111020.81,2024-02-29,NI-CO-CR-RE-BASED ALLOY LOW CYCLE FATIGUE MECHANICAL TESTING
80NSSC24PA611,"PFEIFFER VACUUM, INC.",15875.0,2024-02-28,GREEN PROPULSION DUAL MODE
80NSSC24PA612,"TRAD TESTS AND RADIATIONS, INC",17990.0,2024-02-28,FASTRAD V42 ANNUAL LICENSE AND DONGLE ANNUAL
80NSSC24PA613,PRESIDENT AND FELLOWS OF HARVARD COLLEGE,22796.8,2024-02-29,OT : META-LEADERSHIP TRAINING
80NSSC24PA614,AMERICAN ASTRONAUTICAL SOCIETY INC,24950.0,2024-02-29,OT : 2024 AAS ROBERT H. GODDARD MEMORIAL SYMPOSIUM
80NSSC24PA615,"AERO TECHNICAL COMPONENTS, INC.",25000.0,2024-02-29,MD90 AIRCRAFT COCKPIT/ FLIGHT DECK.
80NSSC24PA616,NEW WAVE DESIGN & VERIFICATION LLC,16355.0,2024-02-28,PCIE IEEE-1394B CARD FOR RASCAL X SIMULATOR
80NSSC24PA618,NATIONAL INSTITUTE OF BUILDING SCIENCES,36053.0,2024-02-28,PROJNET DR. CHECKS AND BIDDER INQUIRY
80NSSC24PA619,"TELEDYNE FLIR COMMERCIAL SYSTEMS, INC.",23460.0,2024-02-28,51 SC9802 -256X1 LINEAR ARRAYS DELIVERED ON
80NSSC24PA620,"FISCALNOTE, INC",12350.0,2024-02-28,FISCAL NOTE SUBSCRIPTION RENEWAL 3/20/24 - 3/19/25
80NSSC24PA621,"TAYLOR DISTRIBUTION GROUP, LLC",34782.64,2024-03-11,MILLIPORESIGMA ULTRAPURE WATER PURIFICATION SYSTEM AND INSTALLATION
80NSSC24PA622,YOUNGSTOWN STATE UNIVERSITY,15000.0,2024-02-29,3D PRINTED SOLID BATTERY ELECTROLYTE DEVELOPMENT
80NSSC24PA623,IMPACT COMMUNICATIONS CO,24500.0,2024-02-29,UPGRADE TO FIR/CIR EXHIBIT AT GREAT LAKES SCIENCE CENTER
80NSSC24PA625,THERMO CIDTEC INC,51248.0,2024-02-29,THERMO FISHER SPECTRACAM821 CAMERA
80NSSC24PA626,"SUNPOWER, INC",25975.96,2024-03-04,PROCUREMENT OF SUNPOWER GT CYROCOOLER
80NSSC24PA627,"THE MCCAMMON GROUP, LTD.",116100.0,2024-03-05,ADVISORY OMBUDS SERVICES
80NSSC24PA628,KEY TALENT LLC,42500.0,2024-03-08,PITCHBOOK A WEB BASED SUBSCRIPTION SERVICE REQUIRING LICENSES.
80NSSC24PA629,K5 DEFENSE LLC,12028.73,2024-03-01,ELECTRICAL WIRES AND CONNECTORS FOR SUPER PRESSURE BALLOON INSTRUMENTATION SYSTEM
80NSSC24PA630,PACMIN INC,41198.0,2024-03-05,X-66 SUSTAINABLE FLIGHT DEMONSTRATOR DESKTOP AND FLOOR MODELS
80NSSC24PA631,UNISON COST ENGINEERING LLC,22683.16,2024-03-01,UNISON CE TRUEPLANNING SOFTWARE RENEWAL
80NSSC24PA634,GALORATH INCORPORATED,37500.0,2024-03-01,FY24 SEER RENEWAL
80NSSC24PA635,NORTHROP GRUMMAN SYSTEMS CORPORATION,24366.0,2024-03-05,LTN-92 WORLDWIDE NAVIGATION DATABASE UPDATE INFORMATION SERVICE.
80NSSC24PA636,STEPHEN PAUL MANGUM,22066.94,2024-03-06,SCIENTIFIC THERMAL IMAGER FOR REMOTE TEMPERATURE MONITOR
80NSSC24PA638,INNOVMETRIC LOGICIELS INC,13496.25,2024-03-04,POLYWORKS INSPECTOR & JT TRANSLATOR MAINTENANCE
80NSSC24PA639,NKT PHOTONICS INC.,16500.0,2024-03-27,OT :  MONOCHROMATOR
80NSSC24PA640,"HITACHI HIGH-TECH AMERICA, INC.",29355.0,2024-03-04,HITACHI S-5200 SEM SERVICE CONTRACT RENEWAL FY24
80NSSC24PA641,INDUSTRIAL TURNAROUND CORP,239302.0,2024-03-07,INSTALLATION OF LADDER SAFETY SYSTEMS
80NSSC24PA642,FEDERAT INTERNAT ASTRONAUTIQUE,15895.7,2024-03-07,2024 INTERNATIONAL ASTRONAUTICAL FEDERATION (IAF) FEE INVOICE 2024-1193 NO CLIENT:  305
80NSSC24PA643,LECO CORP,12100.0,2024-03-12,FY24 LECO CONTRACT SERVICE PEGASUS HRT4D SILVER
80NSSC24PA644,SCIGLOB INSTRUMENTS & SERVICES LLC,26900.0,2024-03-11,SPECTROMETER SYSTEM OPTICAL HEAD
80NSSC24PA645,CELLBLOCK FCS LLC,17511.36,2024-03-05,CONTAINMENT LOCKER FOR LITHIUM BATTERIES USED IN DRONES AND OTHER BRANCH ASSETS.
80NSSC24PA646,"QUINTRON SYSTEMS, LLC",58430.0,2024-03-05,SDIL QUINTRON VOIP SERVER UPGRADE
80NSSC24PA647,COMMCORE INC,14023.68,2024-03-06,MEDIA TRAINING FOR NOAA
80NSSC24PA648,ZUKEN USA INC,21132.0,2024-03-05,FY24 ZUKEN MAINTENANCE RENEWAL
80NSSC24PA649,STARSPEC TECHNOLOGIES INC,18828.0,2024-03-13,EXCITE GONDOLA REFURBISHMENTS AND EXTENSIONS
80NSSC24PA650,"C AND J MAINTENANCE CONSTRUCTION, INC.",10815.63,2024-03-05,N219 RM 100 AUTOMATION TEAM CUBE REDESIGN
80NSSC24PA651,AANTILIA LLC,8749.88,2024-03-05,"18"" GATE VALVE / FDCFLL"
80NSSC24PA652,"FLOW SCIENCE, INC",50600.0,2024-03-05,FLOW-3D ANNUAL LICENSE
80NSSC24PA653,"E-LONESTAR, LLC",102591.0,2024-03-05,FY24 ELS SUPPORT AND MAINTENANCE
80NSSC24PA654,MIKROLAR INC,203447.0,2024-03-05,6DOF HEXAPOD TABLE CNC ROBOT
80NSSC24PA655,KEYENCE CORPORATION OF AMERICA,30007.0,2024-03-11,CONFOCAL DISPLACEMENT SENSOR
80NSSC24PA656,THERMO ELECTRON NORTH AMERICA LLC,84465.0,2024-03-11,SERVICE CONTRACT FOR LAB EQUIPMENT.
80NSSC24PA657,ELECTRICAL EQUIPMENT CO,32563.0,2024-03-05,ROCKWELL TECH CONNECT RENEWAL
80NSSC24PA658,WINTON MACHINE COMPANY,106010.0,2024-03-11,WINTON MACHINE RD20 ECNC HS TUBE BENDER
80NSSC24PA659,"EMA DESIGN AUTOMATION, INC.",37730.0,2024-03-05,TO RENEW ORCAD
80NSSC24PA660,"LMI CONSULTING, LLC",42878.06,2024-03-07,BRIDGE PROGRAM RETREAT
80NSSC24PA662,TEXAS A&M ENGINEERING EXPERIMENT STATION,150000.0,2024-03-07,ON-DEMAND MANUFACTURING AND RADIATION-HARDENED ELECTRONICS OF MICROGRAVITY-CVD 2D SEMICONDUCTORS
80NSSC24PA663,"MOTORCAR PARTS OF AMERICA, INC",151000.0,2024-03-11,DC EMULATOR MODEL #105050 - QUANTITY 1
80NSSC24PA664,ECO PHYSICS INC,33820.0,2024-03-06,NOX ANALYZER
80NSSC24PA665,UNIVERSITY OF SOUTHERN CALIFORNIA,30939.88,2024-04-11,"THE OBJECTIVE OF THIS CALL IS TO TEST ARTEMIS LOGISTICS OFF-LOADING TECHNIQUES, PRESSURIZED CONTAINER SIZES, AND TRANSFER METHODS USING MOCKUPS STAGED ON THE SEAFLOOR."
80NSSC24PA666,"REAL-TIME INNOVATIONS, INC.",12760.0,2024-03-07,FY24 RTI CONNEXT DDS PROFESSIONAL RENEWAL
80NSSC24PA667,"QUINTRON SYSTEMS, LLC",114492.0,2024-03-21,QUINTRON TOP ASSEMBLY AND THINKMATE Q957106
80NSSC24PA670,"SCHNEIDER ELECTRIC USA, INC.",107032.83,2024-03-18,SCHNEIDER MAINTENANCE CONTRACT RENEWAL 2024
80NSSC24PA671,"KRATOS S1, INC.",19359.49,2024-03-06,T400XR MODEMS MAINTENANCE RENEWAL
80NSSC24PA672,MTS SYSTEMS CORPORATION,39200.75,2024-03-07,MTS SOFTWARE SUPPORT RENEWAL
80NSSC24PA673,ANSYS INC,85960.0,2024-03-12,ZEMAX LICENSES RENEWAL
80NSSC24PA674,VPRIME TECH INC,31895.0,2024-03-08,HIRSCHMANN AUTOMATION PRODUCTS
80NSSC24PA675,VAISALA INC.,52188.0,2024-03-11,NRD41DROPSONDES
80NSSC24PA676,"SYNOPSYS, INC.",132459.0,2024-03-12,OT : CODE V LICENSE
80NSSC24PA677,"NANOTRONICS IMAGING, INC",12620.0,2024-03-20,IT2-14-7A1 SOFTWARE ELMT STANDALONE
80NSSC24PA678,"VISION RESEARCH, INC",124051.0,2024-03-11,(2) VISION RESEARCH PHANTOM VEO 1310L HIGH-SPEED CAMERAS
80NSSC24PA679,ULTRAMET,25000.0,2024-03-11,SILICON NITRIDE COATINGS ON HYBRID THERMAL BARRIER SAMPLES
80NSSC24PA680,COVESION LIMITED,32125.0,2024-03-11,LITHIUM NIOBATE BASED MATERIALS
80NSSC24PA681,GP STRATEGIES CORPORATION,77000.0,2024-03-11,SPECIFIC ACTIVITIES INCLUDE BUT NOT LIMITED TO DELIVERING THE FOLLOWING WORKSHOPS OVER AN 8-10 WEEK PERIOD BEGINNING APRIL 2024
80NSSC24PA682,GULFSTREAM AEROSPACE CORPORATION,15900.0,2024-03-12,GIII MAINTENANCE LIBRARY SUBSCRIPTION ANNUAL RENEWAL
80NSSC24PA683,"REAL-TIME INNOVATIONS, INC.",22120.0,2024-03-15,RTI SOFTWARE RENEWAL POP: 3/10/24 - 3/9/25 ELMT STANDALONE
80NSSC24PA685,SIEMENS INDUSTRY SOFTWARE INC.,33729.85,2024-03-12,MADE SOFTWARE RENEWAL
80NSSC24PA686,TIMOTHY POOL LLC,15500.0,2024-03-13,NATIONAL ELECTRICAL CODE (NEC) 24 HR COURSE
80NSSC24PA687,KNOWLES CAZENOVIA INC.,34943.54,2024-04-16,OT : SURFACE MOUNT FILTERS FOR POLSIR IFA BOXES
80NSSC24PA688,PARRAID LLC,10226.0,2024-03-12,FY24 PARRAID NEXT-PRO-02 SUPPORT
80NSSC24PA689,"BASS MACHINING COMPANY, INC.",31652.0,2024-03-15,(8) DYNODE SHIELDS FOR LINEAR ION TRAPS
80NSSC24PA690,"IDEAL VACUUM PRODUCTS, LLC",11453.9,2024-03-18,ROUGH VACUUM PUMP MODEL EV-A10-2S-P
80NSSC24PA691,"INTERCAX, LLC",27000.0,2024-03-21,SYNDEIA CLIENT PURCHASE
80NSSC24PA692,"ROGUE WAVE SOFTWARE, INC.",40477.95,2024-03-26,KLOCWORK MAINTENANCE RENEWAL
80NSSC24PA693,SLINGSHOT AEROSPACE LTD,36040.0,2024-04-15,SERADATA SOFTWARE RENEWAL 3/17/24 - 3/16/25
80NSSC24PA694,FGC ADVISORY GROUP LLC,78756.0,2024-03-14,"PURCHASE OF (25 EACH) 55 GALLON DRUMS OF JP-10 FUEL ( OCTA HYDRO- 1H-4,7-METHANOINDE) FOR RESEARCH"
80NSSC24PA695,49CHESTNUT LLC,30508.0,2024-03-14,LIDAR DATA ACQUISITION SYSTEM - BOSTON ELECTRONICS
80NSSC24PA696,"OHIO PIPE, VALVES & FITTINGS, INC",17797.0,2024-03-19,REPLACEMENT VALVE FOR 2V-33 AT PSL
80NSSC24PA697,"UNIVERSITY OF CALIFORNIA, DAVIS",24600.0,2024-03-14,THIS PROCUREMENT IS FOR N-RAYS OF DROGUE AND MAIN RISER CUTTERS AT MNRC.
80NSSC24PA698,TESCAN USA INC,28231.0,2024-03-18,TESCAN SHIELD SERVICE RENEWAL
80NSSC24PA699,"COMPUTER TASK GROUP, INCORPORATED",55773.0,2024-03-13,FY24 JSC ANNUAL EGGPLANT DIGITAL AUTOMATION AND DEVELOPER SOFTWARE RENEWAL
80NSSC24PA700,"RIVERSIDE ENVIRONMENTAL CONSULTING, LLC",20053.0,2024-03-14,PERFORM A WETLAND SURVEY OF 500+ ACRES OF LAND LOCATED AT STENNIS SPACE CENTER
80NSSC24PA702,DS GOVERNMENT SOLUTIONS CORP,60000.0,2024-03-18,MAGIC DRAW LICENSES
80NSSC24PA704,KURT J LESKER CO,28949.0,2024-03-19,EXTENSION FOR CHAMBER
80NSSC24PA705,ITP ENGINES UK LIMITED,23485.0,2024-03-18,RENEW ESTAN SOFTWARE MAINT
80NSSC24PA706,LEYBOLD USA INC.,36913.0,2024-03-21,TURBO PUMP
80NSSC24PA707,COMPUTATIONAL MECHANICS INTERNATIONAL INC,19527.05,2024-03-14,BEASY SOFTWARE RENEWAL
80NSSC24PA708,"FLEXTECH ALLIANCE, INC.",248000.0,2024-03-14,DEVELOPMENT OF FLEXIBLE AND DISPOSABLE SWEAT EXTRACTOR AND CORTISOL SENSOR PATCH
80NSSC24PA709,R.S. MEANS COMPANY LLC,21656.0,2024-03-15,RSMEANS ANNUAL NETWORK AGREEMENT FOR COSTWORKS CD FY24
80NSSC24PA710,"EMP CONSULTANTS, LLC",45960.0,2024-03-20,NOVICE LICENSE RENEWAL
80NSSC24PA711,INTERGRAPH CORPORATION,10620.0,2024-03-15,FY24 CAESAR II RENEWAL
80NSSC24PA712,"CRAWFORD ELECTRIC SUPPLY COMPANY, LLC",46391.5,2024-03-15,FY24 ROCKWELL AUTOMATION RENEWAL
80NSSC24PA713,COMMUNIQUE CONFERENCING INC,285000.0,2024-03-19,"THIS IS A PURCHASE ORDER FOR COMMUNIQUE SOFTWARE RENEWAL AND ASSOCIATED SERVICES PER THE ATTACHED COMMUNIQUE QUOTE, DATED 03/07/2024."
80NSSC24PA714,"COMPUTER TASK GROUP, INCORPORATED",55773.0,2024-03-15,FY24 JSC ANNUAL EGGPLANT DIGITAL AUTOMATION AND DEVELOPER SOFTWARE RENEWAL
80NSSC24PA715,DS GOVERNMENT SOLUTIONS CORP,70218.61,2024-03-18,UPGRADE EXISTING CST STUDIO SUITE LICENSE TO A NETWORKED LICENSE AND ADD ACCELERATION TOKEN ELMT STANDALONE
80NSSC24PA716,"RIGAKU AMERICAS HOLDING, INC.",17325.0,2024-03-18,OT : SERVICE CONTRACT FOR XD01346
80NSSC24PA717,MICRO EPSILON AMERICA LP,10900.0,2024-03-18,OPTICAL CONTROLLER
80NSSC24PA719,"GOVERNMENT AFFAIRS INSTITUTE, INC THE",55500.0,2024-03-21,2-DAY CONGRESSIONAL OPERATIONS SEMINAR & CONGRESSIONAL UPDATE
80NSSC24PA720,DATA PHYSICS CORPORATION,25100.0,2024-04-03,SDL LE-5022 SHAKER REALIGNMENT
80NSSC24PA721,"EDAX, LLC",10200.0,2024-03-18,FY24 EDAX EDS MAINTENANCE
80NSSC24PA722,EDDYFI CORP,11760.0,2024-03-18,CUSTOM EDDY CURRENT ARRAY PROBE FOR THE INSPECTION OF 2'-8'' TUBE. PADDED MECHANIC AND LIMITED DEAD ZONE. COMES WITH A 3-METER (9.9 FT.) CABLE LENGHT AND 160-PIN CONN. COMPATIBLE WITH CUS-HLDR-CIRC-00X SCANNER.
80NSSC24PA723,"POLITICO, LLC",202600.0,2024-03-22,RENEWAL FOR POLITICO PRO SERVICE FOR OLIA
80NSSC24PA724,"NTS LABS, LLC",50000.0,2024-03-28,OT : ENGINEER SUPPORT
80NSSC24PA725,UNIVERSITY OF NOTRE DAME DU LAC,247000.0,2024-03-19,UNDUCTED ANCF PROCUREMENT
80NSSC24PA726,ROBERTS RESEARCH LABORATORY,123326.25,2024-04-04,PROCUREMENT OF 200 REEFING LINE CUTTER ASSEMBLIES
80NSSC24PA727,"THE MARBURY LAW GROUP, PLLC",16224.0,2024-03-20,U.S. PATENT & TRADEMARK OFFICE FOR  GSC-19242-1
80NSSC24PA728,MATERIALISE USA LLC,22323.0,2024-03-20,FY24 MATERIALISE MAGICS MAINTENANCE
80NSSC24PA729,BALLY RIBBON MILLS,34850.0,2024-03-19,ZYLON WEBBING
80NSSC24PA730,GURLEY PRECISION INSTRUMENTS INC,47950.0,2024-03-19,GURLEY M2728 ENCODERS WILL BE MOUNTED ON THE SOLAR CONCENTRATOR MIRROR STRUCTURES.
80NSSC24PA731,IOWA STATE UNIVERSITY OF SCIENCE AND TECHNOLOGY,45000.0,2024-03-22,CNDE MEMBERSHIP RENEWAL
80NSSC24PA732,"POD NETWORK, LLC",25000.0,2024-03-19,ANNUAL STEMCONNECTOR MEMBERSHIP RENEWAL
80NSSC24PA733,HEROUX-DEVTEK INC.,34953.0,2024-03-21,NASA ARMSTRONG GLOBAL HAWK NLG SEALS
80NSSC24PA734,GMW ASSOCIATES,22845.0,2024-03-22,HIGHER RESOLUTION MAGNETIC PROBES FOR NASA'S SENIS MAGNETIC MAPPER
80NSSC24PA736,THE ENVOY PORTFOLIO LLC,29750.0,2024-03-20,RETREAT FACILITATION SERVICES FOR NASA LANGLEY SENIOR LEADERSHIP RETREAT
80NSSC24PA737,"STANLEY M. PROCTOR COMPANY, LLC",27540.0,2024-03-21,TESCOM B334 REGULATORS/CONTROLLERS
80NSSC24PA738,ECHOLIGHT S.P.A.,147500.0,2024-03-26,1 RADIOFREQUENCY ECHOGRAPHIC MULTI-SPECTROMETRY (REMS) ULTRASOUND DEVICE
80NSSC24PA739,UNIQUE TECHNOLOGY SYSTEMS LLC,41291.7,2024-03-26,LASER INTERFEROMETER SPACE ANTENNA
80NSSC24PA740,"PRECISION WELDING TECHNOLOGIES, INC.",13670.0,2024-03-21,ANNUAL PREVENTIVE MAINTENANCE AND CALIBRATION SERVICE FOR SCIAKY ELECTRON BEAM WELDER
80NSSC24PA741,TESTEQUITY LLC,67348.96,2024-04-10,PURCHASE TECHNOLOGIES EQUIPMENT FOR ENGINEERS AND TECHNICIANS TO USE
80NSSC24PA742,NATIONAL ACADEMY OF SCIENCES,27500.0,2024-03-27,FY2O24 MEMBERSHIP PARTICIPATION
80NSSC24PA743,DUNCAN-PARNELL INC,16315.75,2024-03-21,TRIMBLE SOFTWARE & HARDWARE MAINTENANCE RENEWAL FY24
80NSSC24PA745,"OXFORD INSTRUMENTS AMERICA, INC.",18900.0,2024-03-27,PTIQ SOFTWARE UPGRADE FOR OXFORD PLASMAPRO 100 ESTRELAS
80NSSC24PA746,"EPSILON3, INC.",51000.0,2024-03-22,EPSILON3 SOFTWARE MAINTENANCE RENEWAL
80NSSC24PA747,ABB INC.,23148.5,2024-03-26,AHSTF THYRISTOR INSPECTION AND MAINTENANCE
80NSSC24PA748,INSIGHT OUTSIDE,22783.36,2024-03-25,CALIPSO ST MALO SYMPOSIUM 2024
80NSSC24PA749,"MAJESTIC TOOL & MACHINE, LLC",16489.0,2024-03-26,TRIBOMETER GIMBAL AND SPARE HARDWARE
80NSSC24PA750,"WEISS TECHNIK NORTH AMERICA, INC.",50040.0,2024-03-26,1 - CINCINNATI SUB-ZERO RCB 1.3 ALL AXIS VIBRATION TABLE
80NSSC24PA751,HYDRAULIC AND PNEUMATIC SYSTEMS INC,44923.72,2024-03-26,INSTALL NEW MOOG HYDRAULIC VALVE CONTROLLERS
80NSSC24PA753,KEYSIGHT TECHNOLOGIES INC,33662.52,2024-03-28,LICENSE MAINTENANCE FOR GENESYS
80NSSC24PA754,"SYNOPSYS, INC.",17531.0,2024-03-25,SYNPLIFY RENEWAL
80NSSC24PA755,"EXPANDING FRONTIERS, CORP",150000.0,2024-03-25,EXPANDING FRONTIERS
80NSSC24PA757,AITHERAS LLC,137518.48,2024-03-28,"HIGH-QUALITY DIGITAL CONVERSION SERVICES FOR 450,000 PAGES OF DOCUMENTS"
80NSSC24PA758,"AXON ENTERPRISE, INC.",102086.87,2024-03-26,"PSD, SECURITY BODY WORN CAMERAS AND DIGITAL EVIDENCE MANAGEMENT SYSTEM"
80NSSC24PA760,"HALLMARK FASHION KITCHENS, INC.",14763.0,2024-04-04,LABORATORY VENT HOOD PROCUREMENT
80NSSC24PA761,REMCOM INC,33172.75,2024-03-26,FY24 XGTD LICENSE RENEWALS
80NSSC24PA762,"PRADEEP K. GUPTA, INC.",27500.0,2024-03-27,ADORE SOFTWARE RENEWAL
80NSSC24PA763,CLASSONE EQUIPMENT INC,28300.0,2024-04-08,MAINTENANCE OF MASK ALIGNER
80NSSC24PA764,ALTAIR ENGINEERING INC.,16485.0,2024-03-27,ALTAIR UNITS - LEASE RENEWAL
80NSSC24PA765,UNIVERSITY OF PITTSBURGH - OF THE COMMONWEALTH SYSTEM OF HIGHER EDUCATION,50000.0,2024-03-27,"NSF CENTER FOR SPACE, HIGH-PERFORMANCE, AND RESILIENT COMPUTING (SHREC) MEMBERSHIP"
80NSSC24PA766,"VERNON J. EDWARDS, CONSULTANT, L.L.C.",25000.0,2024-03-27,FAR BOOTCAMP TRAINING
80NSSC24PA767,"TASK AEROSPACE, INC",30032.58,2024-03-29,DISPOSAL OF EXPLOSIVE MATERIALS / FDCSAMO
80NSSC24PA768,ALABAMA STATE LAW ENFORCEMENT AGENCY,60800.0,2024-04-08,NCIC SUBSCRIPTION THROUGH AL CRIMINAL JUSTICE CENTER
80NSSC24PA770,"TFI-TELEMARK, INC.",53250.0,2024-04-02,REPLACEMENT PARTS FOR EXISITING EVAPORATOR SYSTEM
80NSSC24PA771,"MATERIALS DESIGN, INC.",16000.0,2024-03-27,VIENA AB-INITIO SOFTWARE PACKAGE (VASP)
80NSSC24PA773,"CAD / CAM SERVICES, INC.",79065.0,2024-03-27,HANDYSCAN BLACK ELITE. 3D SCANNER
80NSSC24PA776,"MUNICIPAL EQUIPMENT COMPANY, LLC",0.0,2024-03-28,TITANIUM RESCUE LITTERS
80NSSC24PA777,HOTTINGER BRUEL & KJAER INC.,14037.0,2024-03-28,HBK BK CONNECT ANNUAL SOFTWARE MAINTENANCE
80NSSC24PA779,"CHASE SUPPLY, INC.",104182.0,2024-03-29,ENGINEERING DEVELOPMENT UNIT(S) FOR IN-SPACE CORIOLIS FLOW METER
80NSSC24PA780,MORGAN INGLAND LLC,24591.73,2024-04-02,"1 XXF-1-6/3, I-BOX AND 3 LOW-TC DC SQUID SENSOR CHIP"
80NSSC24PA781,VIBRA SCREW INC,38483.0,2024-04-03,REGOLITH CONVEYOR
80NSSC24PA784,"JUNIOR ACHIEVEMENT OF THE EASTERN SHORE, INC.",75000.0,2024-04-03,"DEVELOP AND HOST AN AVIATION AND AEROSPACE GATEWAY STOREFRONT AS AT THE PERDUE HENSON JUNIOR ACHIEVEMENT (JA) CENTER IN SALISBURY, MARYLAND."
80NSSC24PA785,FSR CONSULTING LLC,91710.9,2024-04-08,ELECTRICAL MATERIALS FOR (110) ELECTRICAL WIRING ASSEMBLIES (EWAS)
80NSSC24PA786,"QIAGEN, LLC",19220.48,2024-04-01,"QIAGEN IPA ANALYSIS MATCH NUL, RENEWAL"
80NSSC24PA787,IMAGE SYSTEMS TRACKEYE INC.,44101.0,2024-04-03,ADDITIONAL DONGLE LICENSE FOR TEMA SOFTWARE
80NSSC24PA788,"WAREHOUSE RACK & SHELF, L.L.C.",13608.46,2024-04-02,CUSTOM ALUMINUM SHELVING SYSTEM
80NSSC24PA789,CITY OF KERRVILLE,35000.0,2024-04-04,OT : RENT SPACE TABLES CHAIRS ELECTRIC INTERNET
80NSSC24PA790,DS GOVERNMENT SOLUTIONS CORP,40760.0,2024-04-17,OT : ABAQUS 2024
80NSSC24PA791,ISENSYS LLC,30640.44,2024-04-02,UNDERWATER REMOTE OPERATED VEHICLE
80NSSC24PA793,"SCHWIEN ENGINEERING, INC.",3053.51,2024-04-03,MANOMETER SN203 - SCHWIEN ENGINEERING / FDCSAMO / &GT;MOUNT AND ALIGN LINEAR MEASUREMENT SYSTEM ENCODER&LT;
80NSSC24PA795,AMERICAN INDIAN SCIENCE AND ENGINEERING SOCIETY,50000.0,2024-04-08,2024 AMERICAN INDIAN SCIENCE AND ENGINEERING SOCIETY (AISES)
80NSSC24PA796,"STATIC CLEAN INTERNATIONAL, INC",30478.0,2024-04-08,VOLTMETER
80NSSC24PA798,UNIVERSITY OF MAINE SYSTEM,158432.0,2024-04-08,TORUS HYDROSTATIC PRESSURE TESTING
80NSSC24PA800,"E-LONESTAR, LLC",34850.0,2024-04-03,ELS SUPPORT AND MAINTENANCE ELMT STANDALONE
80NSSC24PA801,"TESTFORCE USA, INC.",67478.5,2024-04-05,PERFORMANCE UPGRADES FOR ROHDE & SCHWARZ SIGNAL GENERATORS AND SIGNAL ANALYZERS
80NSSC24PA802,EAGLE AVIATION TECHNOLOGIES LLC,13482.02,2024-04-03,FLAT COMPOSITE PANELS FOR IMPACT TESTING
80NSSC24PA803,BOGGS FIRE EQUIPMENT INC,17124.15,2024-04-11,MILLER WELDING MACHINE
80NSSC24PA804,THERMO-CALC SOFTWARE INC.,157187.25,2024-04-05,"THERMO-CALC LICENSE UPGRADE, SUPPORT AND MAINTENANCE"
80NSSC24PA806,BUTLER UNIVERSITY,73340.0,2024-04-08,INVESTIGATION OF MICROGRAVITY EXPERIMENT
80NSSC24PA807,SIEMENS GOVERNMENT TECHNOLOGIES INC,38982.41,2024-04-05,AMESIM SOFTWARE PURCHASE
80NSSC24PA808,"DIBERT VALVE AND FITTING COMPANY, INCORPORATED",22205.27,2024-04-04,CALIBRATION CABINET ASSEMBLY
80NSSC24PA809,"SCIGLOB RESEARCH, LLC",60000.0,2024-04-16,"SCIGLOB MOTORIZED LEVELING SYSTEM, MACHINING AND INTERFACES"
80NSSC24PA810,K5 DEFENSE LLC,13682.0,2024-04-26,FLOOR TILES AND GROMMETS
80NSSC24PA811,LOUISIANA BOARD OF REGENTS,75375.0,2024-04-11,LOUISIANA STATE-BASED SUPPORT TO NASA SSC 4/28/24 - 4/27/25
80NSSC24PA812,SPRINGER NATURE CUSTOMER SERVICE CENTER LLC,24106.0,2024-04-05,SUBSCRIPTION FOR NATURE AT HQ FUNDED BY SMD
80NSSC24PA813,STERLING COMPUTERS CORPORATION,13063.54,2024-04-04,OT : POWEREDGE R660XS
80NSSC24PA815,JONATHAN A HOLMGREN,11750.0,2024-04-05,COMPLETE SIPRE AUGERING KIT WITH LIGHTWEIGHT TITANIUM BARREL
80NSSC24PA816,INTERNATIONAL ELECTRONIC COMPONENTS USA INC,10798.3,2024-04-04,RE-PROCUREMENT PREVIOUSLY ISSUED UNDER SATPC0034280 - 15 OF RO300317505E5E18001200 COPPER CLAD DIELECTRIC BOARD 3003 18X12 HH/HH R4 1750+-007/DI FOR FLIGHT UNITS.
80NSSC24PA817,CAYUSE FEDERAL SERVICES LLC,223568.04,2024-04-24,OT : ENGINEERING TECHNICIAN
80NSSC24PA818,TOPTICA PHOTONICS INC,60104.0,2024-04-08,"TUNABLE DIODE, QNTY:1, EA,"
80NSSC24PA819,MANTIS COMPOSITES INC,55036.5,2024-04-15,ADDITIVE MANUFACTURED COMPONENTS
80NSSC24PA820,"AMPTEK, INC",29782.0,2024-04-11,AMPTEK X-RAY & GAMMA DETECTOR
80NSSC24PA821,ROBERT E MASON & ASSOCIATES INC,18865.03,2024-04-17,PROCURE RELIEF VALVE FOR THE NASA LARC
80NSSC24PA822,CITY OF KERRVILLE,35000.0,2024-04-08,OT  LOGISTICS SUPPORT FOR 2024 ECLIPSE RENTAL 30X30 SPACE 8 TABLES 15 CHAIRS ELECTRICITY AND INTERNET
80NSSC24PA823,METTLER-TOLEDO LLC,69004.41,2024-04-11,TGA SYSTEM
80NSSC24PA824,"RESPIREX N.A., INC",69698.12,2024-04-08,TES GAS TIGHT TANK SUITS OF BROMOBUTYL FABRIC USED IN HAZARDOUS CHEMICAL OPERATIONS
80NSSC24PA827,KATA SOLUTIONS LLC,24821.7,2024-04-10,"COOPERATION IN HIGH PERFORMING TECHNICAL AND SCIENTIFIC TEAMS"" COURSE"
80NSSC24PA828,"SENSENICH TECHNOLOGIES, INC.",93710.0,2024-04-09,FABRICATION OF PROPROTOR BLADES FOR THE TILTWING TEST RIG
80NSSC24PA829,AMERICAN LITHIUM ENERGY CORP.,17208.8,2024-04-10,BATTERY CELLS FOR PROTOTPYE ELECTRIFIED AVIATION BATTERY MODULES.
80NSSC24PA830,DEWESOFT LLC,37910.0,2024-04-09,DEWESOFT DATA SYSTEM
80NSSC24PA831,"VELOSIO, LLC",10007.0,2024-04-09,ARC MS DYNAMICS SL ANNUAL LICENSE RENEWAL 05/17/2024 - 05/16/2025
80NSSC24PA832,NAVXCOM LLC,35000.0,2024-04-09,NAVXCOM DEMONSTRATION AND TESTING SUPPORT PACKAGE
80NSSC24PA833,BRUKER SCIENTIFIC LLC,175092.42,2024-04-09,SPECTROMETER R200-L
80NSSC24PA834,INTEGRATED ENGINEERING SOFTWARE SALES INC.,18763.0,2024-04-09,RENEW INTEGRATED ENGINEERING SOFTWARE
80NSSC24PA835,SAVE AGAIN.COM,15701.97,2024-04-10,"VERSAL AI CORE SERIES VCK190 EVALUATION KIT, PART NUMBER: EK-VCK190-G"
80NSSC24PA838,NATIONAL OUTDOOR LEADERSHIP SCHOOL,29400.0,2024-04-25,OUTDOOR LEADERSHIP AND TEAM BUILDING EXPEDITION TRAINING
80NSSC24PA840,"PAYDARFAR INDUSTRIES, INC.",42344.0,2024-04-17,OT :        SOLIDEDGE RENEWAL/ID
80NSSC24PA841,"LEECH HOLDINGS, LLC",42060.0,2024-04-18,ORION CREW SURVIVAL SYSTEM (OCSS) SUIT URINE TANK TOP AND BOTTOM SHELLS
80NSSC24PA842,"CRYOMAGNETICS, INC.",13108.65,2024-04-11,SUPERCONDCTING MAGNET POWER SUPPLY
80NSSC24PA843,DRAEGER INC,20864.0,2024-04-10,NA10457 DRAGER X-AM 5100 HYDRAZINE- (US GOV  MQ91118 X-AM 5100 HYDRAZINE 3 YEAR SENSOR-  3703889 BATTERY AND CHARGING TECHNOLOGY SET
80NSSC24PA844,GAMMA TECHNOLOGIES LLC,13500.0,2024-04-11,SW - GT SUITE
80NSSC24PA845,"NXP USA, INC.",11500.0,2024-04-11,50 HOURS OF PROFESSIONAL SUPPORT FROM NXP
80NSSC24PA846,THE UNIVERSITY OF TEXAS AT EL PASO,45000.0,2024-04-11,3D PRINTED SOLID POLYMER ELECTROLYTE FOR NA-ION BATTERIES (ISPOLYTE)
80NSSC24PA848,MALVERN PANALYTICAL INC,36471.89,2024-04-11,2024 PANALYTICAL EMPYREAN SERVICE CONTRACT RENEWAL
80NSSC24PA849,ADLIB PUBLISHING SYSTEMS INC,17980.08,2024-04-10,FY24 SRT-11199 - IPF - RENEWAL - ADLIB SW MAINTENANCE AND SUPPORT
80NSSC24PA850,"COMPOSITE MIRROR APPLICATIONS, INC",140973.0,2024-04-11,"9-SEGMENT HELIOSTAT MIRROR ASSEMBLY, DELIVERED WITH 1 SPARE SEGMENT AND FINITE-ELEMENT ANALYSIS (FEA) REPORT"
80NSSC24PA851,"NANOPRINTEK, INC.",200000.0,2024-04-11,NANOPRINTEK DRY PRINTER
80NSSC24PA852,"QUINTRON SYSTEMS, LLC",170409.0,2024-04-16,QUINTRON TYPE 1 KEYSET DESKTOP
80NSSC24PA853,STRUERS INC,18806.6,2024-04-11,PREVENTATIVE MAINTENANCE PLAN FOR SERVICING OF GRINDER/POLISHER MACHINES IN THE CODE 541 METALLOGRAPHY LAB.
80NSSC24PA854,DCS COMPUTING GMBH,48150.67,2024-04-16,PROGRAMMABLE LOGIC CONTROLLER (PLC) HARDWARE
80NSSC24PA855,"WOLTERS KLUWER FINANCIAL SERVICES, INC.",74472.0,2024-04-11,TM AUDIT SW PERPETUAL MAINTENANCE.
80NSSC24PA856,HOTTINGER BRUEL & KJAER INC.,27711.25,2024-04-12,BK CONNECT SOFTWARE AND SUPPORT
80NSSC24PA857,"THERMETRICS, LLC",140950.0,2024-04-11,PROCUREMENT OF A THERMAL FOOT MANNIKIN SYSTEM FOR XEMU BOOT TESTING
80NSSC24PA858,"SBA THE STEVEN BARCLAY AGENCY, INC.",15000.0,2024-04-15,TRAINING PURCHASE
80NSSC24PA859,"NTS TECHNICAL SYSTEMS, LLC",18305.0,2024-04-11,ETL VIBRATION TESTING AT NTS TECHNICAL SYSTEMS
80NSSC24PA860,"GARTNER, INC.",118398.0,2024-04-11,"NASA HAS EFFECTIVELY PARTNERED WITH GARTNER FOR CRITICAL, BEST PRACTICE INSIGHT TO SUCCEED IN NASA'S STRATEGY FOR DATA MANAGEMENT AND COMPUTING FOR GROUNDBREAKING SCIENCE. THE SOLUTION INCLUDES 1 GARTNER LEADER AND 2 ADVISOR MEMBERS."
80NSSC24PA861,WINCOM CONSULTING SL,26500.0,2024-04-16,WINCOM
80NSSC24PA862,FLUKE ELECTRONICS CORP,90984.0,2024-04-11,FY24 FLUKE GOLD FLEET SUPPORT
80NSSC24PA863,BATAROW SENSORIK GMBH,50716.25,2024-04-11,QTY (140) P/N: MB1087 LOAD PINS WITH 2MV/V OUTPUT AT 13.5KN LOAD ON FULL SCALE
80NSSC24PA864,"HUMANETICS DIGITAL NORTH AMERICA, INC.",30000.0,2024-04-12,HUMAN SOLUTIONS ANTHROSCAN PROFESSIONAL RENEWAL FY24
80NSSC24PA865,TRILION QUALITY SYSTEMS LLC,11340.0,2024-04-12,SOFTWARE UPGRADE AND MAINTENANCE
80NSSC24PA866,"HITACHI HIGH-TECH AMERICA, INC.",20172.0,2024-04-15,HITACHI S-3700N SEM SERVICE CONTRACT RENEWAL
80NSSC24PA867,SMARTBEAR SOFTWARE INC,16625.0,2024-04-15,RENEWAL OF SMARTBEAR COLLABORATOR SOFTWARE MAINTENANCE
80NSSC24PA868,GULFSTREAM AEROSPACE CORPORATION,14025.0,2024-04-16,CMP.NET LARGE CABIN ANNUAL RENEWAL
80NSSC24PA869,RELX INC.,21204.0,2024-04-15,ACQUISITION OF LEGAL SUBSCRIPTION: LAW360 ENTERPRISE BASE PLUS 4 OPTION YEARS.
80NSSC24PA870,SOUTHWEST RESEARCH INSTITUTE,26263.0,2024-04-16,NPSS SOFTWARE SUPPORT- RENEWAL
80NSSC24PA871,WICHITA STATE UNIVERSITY,73544.0,2024-04-16,ESS MODULE TESTING PHASE 2
80NSSC24PA872,PHASE SENSITIVE INNOVATIONS INC,15000.0,2024-04-15,PHOTODIODE
80NSSC24PA873,UNIVERSITY OF WISCONSIN SYSTEM,175200.0,2024-04-16,"MCIDAS SOFTWARE, SERVER"
80NSSC24PA875,TRANSFORMATIVE LEADERSHIP CONNECTIONS LLC,25000.0,2024-04-18,PROFESSIONAL COACHING SERVICES
80NSSC24PA876,UNIVERSITY OF WYOMING,47848.99,2024-04-16,UOFW PROTOTYPE OF EHD INK JET PRINTING
80NSSC24PA877,AI SIGNAL RESEARCH INC,232100.0,2024-04-16,PC SIGNAL SOFTWARE LICENSE RENEWAL
80NSSC24PA878,TECPLOT INC,47180.0,2024-04-15,MAINTENANCE AND SUPPORT FOR FIELDVIEW SOFTWARE  LICENSES
80NSSC24PA879,WASHINGTON STATE UNIVERSITY,23159.94,2024-04-17,CARATENOID ANALYSIS TESTING
80NSSC24PA880,WISECOM TECHNOLOGIES INC,19631.0,2024-04-18,PROGRAMMABLE LOGIC CONTROLLER (PLC) HARDWARE
80NSSC24PA882,"BARTLETT ENVIRONMENTAL CONTROLS, LLC",14713.0,2024-04-15,TELEDYNE 4020XL HYDROCARBON ANALYZER
80NSSC24PA883,ELLIPTICAL ENGINEERING INC,180600.0,2024-04-25,OT : ELLIPTOOL SOFTWARE LICENSE RENEWAL
80NSSC24PA885,"EXTENDE, INC.",45500.0,2024-04-16,EXTENDE CIVA RENEWAL 7/16/24 - 7/15/25
80NSSC24PA886,SCANIVALVE CORP,15080.75,2024-04-18,NETSCANNER TUBE REPLACEMENTS AND ACCESSORIES
80NSSC24PA887,INTERGRAPH CORPORATION,21240.0,2024-04-18,FY24 CAESAR RENEW 6/1/24 - 5/31/25
80NSSC24PA888,"WORLD 50, LLC",60000.0,2024-04-30,DIGITAL 50 MEMBERSHIP
80NSSC24PA889,HARPER RAINS KNIGHT & CO PA,40460.0,2024-05-14,CPA FIRM TO CONDUCT INDEPENDENT AUDIT OF NASA SSC EXCHANGE AND SSC RECREATIONAL ASSOCIATION. BASE YEAR W/4 OPTION YEARS.
80NSSC24PA890,CAEN TECHNOLOGIES INC,12172.88,2024-04-17,SIPM READ OUT CHIP
80NSSC24PA891,DASSAULT SYSTEMES AMERICAS CORP.,0.0,2024-04-19,SW  - ABAQUS ELMT STANDALONE
80NSSC24PA892,FRENCH JONATHAN CHARLES,18950.0,2024-04-16,CEQUEL ANNUAL RENEWAL
80NSSC24PA893,NORTH COAST TOOL & MOLD CORP,76752.0,2024-04-19,COMPOSITE LAYUP TOLING TO BE FABRICATED
80NSSC24PA894,"ADVANCED SCIENTIFIC CONCEPTS, LLC",15000.0,2024-04-16,REPAIR 3-DIMENSIONAL IMAGING FLASH LIDAR CAMERA
80NSSC24PA895,CARAHSOFT TECHNOLOGY CORP,11625.0,2024-04-22,RENEW ANACONDA SOFTWARE/ETD
80NSSC24PA896,THE EQUITY TECHNOLOGY GROUP INCORPORATED,14338.33,2024-04-16,PROCUREMENT OF API 579-1 PART 9 TRAINING COURSE- POP 8/21/2024-8/22/2024
80NSSC24PA897,LINSEIS INC,26374.85,2024-04-18,SUB-AMBIENT FURNANCE
80NSSC24PA898,CORRELATED SOLUTIONS INC,18550.0,2024-04-17,LARC PROJECT GOALIE CAMERA EQUIPMENT
80NSSC24PA899,T & M MACHINE SHOP INC,14289.0,2024-04-25,MACHINING OF MECHANICAL PARTS FOR OUR ELECTRON DETECTING INSTRUMENTS FOR AN UPCOMING ROCKET MISSION
80NSSC24PA900,SEPTENTRIO INC,15039.9,2024-04-17,SEPTENTRIO RECEIVER
80NSSC24PA901,KEYSIGHT TECHNOLOGIES INC,14910.0,2024-04-19,NETWORK ANALYZER REPAIR
80NSSC24PA902,"LDRA TECHNOLOGY, INC.",27248.64,2024-04-17,RENEWAL OF LDRA SOFTWARE MAINTENANCE
80NSSC24PA903,ELECTROIMPACT INC.,45058.09,2024-04-17,FY24 ELECTROIMPACT PLANNED HARDWARE MAINT.
80NSSC24PA904,SIEMENS GOVERNMENT TECHNOLOGIES INC,75158.61,2024-04-22,NX MACH (SIEMENS) MAINTENANCES
80NSSC24PA905,THERMO ELECTRON NORTH AMERICA LLC,12667.0,2024-04-22,HIGH-PERFORMANCE LIQUID CHROMATOGRAPHY (HPLC) MAINTENANCE/SERVICE
80NSSC24PA906,NEWCO INC,17280.0,2024-04-18,FILM PROCESSOR FOR NONDESTRUCTIVE TESTING EQUIPMENT
80NSSC24PA907,"DT-TRAK CONSULTING, INC.",121140.95,2024-05-06,MURAL PLATFORM
80NSSC24PA908,CINDY ZOOK ASSOCIATES LLC,12300.0,2024-04-22,1.5 DAY STRATEGY
80NSSC24PA909,UNIVERSITY CORPORATION FOR ADVANCED INTERNET DEVELOPMENT,16163.0,2024-04-23,INTERNET2 PARTICIPATION FEE
80NSSC24PA911,"AGILENT TECHNOLOGIES, INC.",13803.7,2024-04-23,TURBO PUMP
80NSSC24PA912,HAMAMATSU CORP,0.0,2024-05-01,OT : EQ-400 ULTRA-CLEAN LAMP HOUSE
80NSSC24PA913,INSTITUT NATIONAL D'OPTIQUE,53460.0,2024-04-22,MICROCAM CAMERA MODULE
80NSSC24PA914,HOTTINGER BRUEL & KJAER INC.,17560.0,2024-04-23,GNSS PSR FLEX
80NSSC24PA915,MICHIGAN SCIENTIFIC CORP,33130.0,2024-04-24,THREE AXIS LOAD CELLS
80NSSC24PA916,EDWARDS VACUUM LLC,24337.95,2024-04-24,PURCHASE OF 3 SCROLL PUMPS
80NSSC24PA917,"ARCTOS TECHNOLOGY SOLUTIONS, LLC",105135.0,2024-04-24,AMSENSE SUITE
80NSSC24PA918,SPIRAL TECHNOLOGY INC,29264.75,2024-04-23,OTIS SPSS SOFTWARE RENEWAL
80NSSC24PA919,WICHITA STATE UNIVERSITY,42152.0,2024-04-24,MATERIAL TESTING FOR THERMOPLASTICS
80NSSC24PA920,SPICA TECHNOLOGY CORPORATION,181170.17,2024-04-23,KSC DHS RECORDERS FOR SETI-035 & SETI-036
80NSSC24PA922,SCIPERIO INC,35000.0,2024-04-22,SMARTPUMP GEN III DIRECT INK WRITE TOOLHEADS FOR THE ODME PARABOLIC FLIGHT PRINTER.
80NSSC24PA923,KEYSIGHT TECHNOLOGIES INC,10152.96,2024-04-23,RENEW SOFTWARE LICENSE FOR ADS
80NSSC24PA924,M-LABS LIMITED,18305.0,2024-04-22,ARTIQ ATOMIC CLOCK CONTROL
80NSSC24PA925,HEXCEL CORP,89309.38,2024-04-22,AUTOMATED FIBER PLACEMENT MATERIAL FOR STRUCTURAL WING
80NSSC24PA926,SDA SOFTWARE LLC,151315.2,2024-04-23,RENEW FEMAP 54V/ETD
80NSSC24PA927,HAGOPIAN JOHN G,83775.07,2024-04-24,SYSTEM AND PROCESS SUPPORT
80NSSC24PA929,"AUSIM, INC",29340.0,2024-04-23,AUSIM3D RENEWAL 4/1/24 - 3/31/25
80NSSC24PA930,KAY KAY LLC,16180.81,2024-04-23,REFERENCE DRY WELL CALIBRATOR
80NSSC24PA931,"ADDITIVE MANUFACTURING & ENGINEERING, INC.",36390.0,2024-04-23,"GRCOP-42 L-PBF RDRE ""CORE"" PIECE PRODUCTION"
80NSSC24PA932,HEIDELBERG INSTRUMENTS INC.,61630.0,2024-04-30,MAINTENANCE PARTS AND LABOR
80NSSC24PA933,LINSEIS INC,77262.3,2024-04-23,ACQUISITION AND INSTALLATION OF SIMULTANEOUS THERMAL ANALYZER TGA-DSC STA PT1600
80NSSC24PA934,COMPUNETIX INC,25000.0,2024-04-23,COMPUNETIX ADVANCED MVP TRAINING
80NSSC24PA935,FIELDTECH AVIONICS & INSTRUMENTS INC,31711.28,2024-04-25,MULTIFUNCTION DISPLAY UNIT EXCHANGE PN 6402-33011-02/SN 5691
80NSSC24PA936,UNIVERSITY OF DELAWARE,27489.0,2024-04-25,FERMI SUMMER SCHOOL WORKSHOP
80NSSC24PA937,"WELCH ALLYN, INC.",21168.0,2024-04-25,FY24 CARDIO SERVER AND SOFTWARE OPTIONS REMOTE TECHNICAL SUPPORT ANNUAL CONTRACT RENEWAL
80NSSC24PA938,"CONCEPTS NREC, LLC",110207.0,2024-04-24,CONCEPTS NREC AGILE ANNUAL RENEWAL
80NSSC24PA939,TEXAS A&M ENGINEERING EXPERIMENT STATION,49991.0,2024-04-29,PROTOTYPE TWO-PHASE THERMOSYPHON DRIVEN ACTUATING RADIATOR
80NSSC24PA941,AMERICAN ASTRONOMICAL SOCIETY,12500.0,2024-05-07,OT : 55TH ANNUAL DPS SPONSOR/EXHIBITS/PARTNERS
80NSSC24PA942,"MCKINSEY & COMPANY, INC. WASHINGTON D.C.",892446.06,2024-04-25,2040 EXECUTIVE LEADERSHIP CONSULTING
80NSSC24PA944,"QUEST INTEGRITY USA, LLC",40685.0,2024-04-26,QUEST INTEGRITY SIGNAL FFS AND FEACRACK SOFTWARE RENEWAL
80NSSC24PA945,INTENNA SYSTEMS LLC,21988.0,2024-04-29,DAS MONITORING & MAINTENANCE 5/17/24-5/16/25
80NSSC24PA946,"BAUER ASSOCIATES, INC.",135302.0,2024-05-07,CDA REFURBISHMENT SERVICE & WINOSAC SOFTWARE
80NSSC24PA947,STEPHEN PAUL MANGUM,99600.0,2024-04-29,FLIR DUST TRACKING CAMERA- E95398 - KELSEY BUCKLES - MSFC - ED10
80NSSC24PA948,"603 OPTX, LLC",23320.82,2024-04-26,603OPTX: NICKEL PLATE STEEL COATED W/PROTECTED GOLD 4-15UM RAVG &GT;95
80NSSC24PA951,"CODESECURE, INC.",25637.04,2024-04-29,RENEW CODE SONAR
80NSSC24PA952,HAMAMATSU CORP,0.0,2024-04-29,EQ400 LDLS LAMP HOUSE
80NSSC24PA953,THERMO-CALC SOFTWARE INC.,98820.0,2024-04-25,THERMO-CALC PERPETUAL LICENSES
80NSSC24PA955,FRONTGRADE GAISLER AB,10610.0,2024-04-25,VXWORKS RENEWAL
80NSSC24PA956,VIBRANT CORPORATION,13500.0,2024-04-26,GALAXY SOFTWARE ANNUAL LICENSE AND SUPPORT RENEWAL
80NSSC24PA957,"AIR PURIFICATION, INC.",14291.0,2024-04-29,MOBILE AIR PURIFIER
80NSSC24PA958,"ELECTRONIC FLUOROCARBONS, LLC",22084.0,2024-08-05,RECOVER XENON FROM A MULTIPLE CYLINDERS OF MIXED GASES
80NSSC24PA959,"ANGELUS CORP, THE",11074.52,2024-04-29,"P/N: E50424 CABLE,QUAD,4/C STAR   QTY 500 FEET /      P/N: E6A3824 CABLE, ETHERNET   QTY 500 FEET"
80NSSC24PA960,"IBASET, INC.",40299.75,2024-05-06,IBASET MANUFACTURING EXECUTION (MES) ANNUAL UPDATE AND SUPPORT SUBSCRIPTION
80NSSC24PA961,NORTHEAST PROJECTIONS INC,24788.8,2024-04-30,AUDIO/VISUAL EQUIPMENT RENTAL
80NSSC24PA962,"THE OPEN GROUP, L.L.C",21300.0,2024-04-30,ANNUAL SOSA MEMBERSHIP FOR NESC AVIOINCS TDT
80NSSC24PA963,SIEMENS GOVERNMENT TECHNOLOGIES INC,13078.8,2024-05-02,SIEMENS NX MACH 3 PRODUCT DESIGN MAINTENANCE
80NSSC24PA964,SCIENTIFIC FORMING TECHNOLOGIES CORPORATION,42250.0,2024-05-02,DEFORM PREMIER ANNUAL SOFTWARE LEASE
80NSSC24PA965,"CROWN INNOVATIONS, INC.",94863.84,2024-05-02,TECHNICAL AND STRATEGIC SUPPORT
80NSSC24PA966,CRYSTALTEK CORPORATION,44400.0,2024-05-06,THREE FULL TQCM SYSTEMS
80NSSC24PA967,ORCHARD SOFTWARE CORP,41054.67,2024-04-30,ORCHARD ANNUAL HARVEST & COPIA SILVER LEVEL SUPPORT FY24
80NSSC24PA968,"AVNET, INC.",47500.0,2024-05-08,RENEW VX WORKS
80NSSC24PA969,IOWA STATE UNIVERSITY OF SCIENCE AND TECHNOLOGY,101485.0,2024-05-01,SEMICONDUCTOR NANOINKS FOR IN-SPACE ADDITIVE MANUFACTURING
80NSSC24PA970,INTERPRO SOLUTIONS LLC,26996.0,2024-04-30,2024-2025 RENEWAL EZMAXMOBILE 1-YEAR ANNUAL SUPPORT 100 NAMED USER LICENSES.
80NSSC24PA971,AVNET INC,13885.0,2024-05-01,TO RENEW ACTEL
80NSSC24PA972,DRC ACQUISITION INC,14045.0,2024-04-30,PURCHASE NEW THRUSTER LIFT
80NSSC24PA973,LIGHT INTEGRATION TECHNOLOGIES LLC,25940.0,2024-05-09,"1-RUN OF FABRICATION OF SILICON NITRIDE PHOTONIC INTEGRATED CIRCUITS WAFERS, 5-FACET POLISHING"
80NSSC24PA976,UNIVERSITY OF WASHINGTON,249946.0,2024-05-02,"PROVIDES FOR THE DEVELOPMENT AND EXECUTION OF A HACKWEEK, FOCUSED ON CRYOSPHERIC SCIENCE APPLICATIONS OF ICESAT-2."
80NSSC24PA977,H. CO. COMPUTER PRODUCTS,18498.0,2024-05-02,TITAN W799-DUAL WORKSTATION
80NSSC24PA979,SCIENCE PUMP CORP,26745.2,2024-05-06,60 SPC OZONESONDE
80NSSC24PA980,METCUT RESEARCH ASSOCIATES INC.,23765.0,2024-05-06,PMC COMPOSITE COUPON MACHINING
80NSSC24PA981,"MODERN TECHNOLOGY SOLUTIONS, INC.",244701.94,2024-05-02,MODEL BASED SYSTEM ENGINEERING SUPPORT
80NSSC24PA983,"NIKON METROLOGY, LLC",15428.0,2024-05-02,STERO MICROSCOPE AND ACCESS
80NSSC24PA984,BETA CAE SYSTEMS USA INC,113050.0,2024-05-02,ANSA SOFTWARE LICENSE RENEWAL (10 SEATS)
80NSSC24PA985,TANIOBIS USA LLC,35000.0,2024-05-06,AMTRINSIC POWDER GRADE FS-85 (15-63 MICRON)
80NSSC24PA986,"CANON U.S.A., INC.",159600.0,2024-05-08,ANNUAL SERVICE AGREEMENT
80NSSC24PA987,TEVET LLC,27112.51,2024-05-15,HELIUM LEAK DETECTOR
80NSSC24PA988,HEXCEL CORP,22899.82,2024-05-03,HEXCEL 1078-1 RESIN
80NSSC24PA990,"RESODYN ACOUSTIC MIXERS, INCORPORATED",50847.0,2024-05-06,LABRAM II BENCH TOP MIXING SYSTEM AND 5IN DIAMETER STANDARD VESSEL HOLDER
80NSSC24PA991,"ADA CORE TECHNOLOGIES, INC.",38770.0,2024-05-07,GNAT PRO (MDA) PURCHASE
80NSSC24PA992,"OUSTER, INC.",22385.0,2024-05-06,OUSTER OS2-REV7-128 LIDAR
80NSSC24PA993,"INTERCAX, LLC",45000.0,2024-05-07,TO RENEW SYNDEIA/ETD/DIGITIALENGINEERING
80NSSC24PA994,"LABSPHERE, INC.",13090.0,2024-05-14,SCIFLI LABSPHERE CALIBRATION
80NSSC24PA995,SOUTHWEST RESEARCH INSTITUTE,115000.0,2024-05-06,"NASGRO PRESSURE VESSEL DEVELOPMENT PLAN PHASE 11 - SWRI HAS COMPLETED PHASES 1 -10 DEVELOPMENT WORK, THIS IS A CONTINUATION OF THAT EFFORT."
80NSSC24PA996,"TYLER FEDERAL, LLC",33229.35,2024-05-06,ANTI-HARASSMENT ANNUAL SOFTWARE SUBSCRIPTION RENEWAL
80NSSC24PA997,"INTEGRATED HOLDINGS, INC.",211420.37,2024-05-07,DEEP REACTIVE ION ETCHING OF SINGLE CRYSTAL 4H-SIC
80NSSC24PA998,"CRYOGENIC INDUSTRIES SERVICE COMPANIES, LLC",52451.32,2024-05-06,A1 LOX PUMP REFURBISHMENT
80NSSC24PA999,FSR CONSULTING LLC,18997.0,2024-05-16,EVIDENT WELDSIGHT INSPECTION SOFTWARE LICENSE KEY
80NSSC24PB001,"CP ORLANDO LAKESIDE, LLC",35652.73,2024-05-07,HOTEL PROCUREMENT FOR NASA SPACE FLIGHT AWARENESS CEREMONY IN MAY 2024
80NSSC24PB002,SUMITOMO (SHI) CRYOGENICS OF AMERICA INC,20462.0,2024-05-08,CRYOCOOLER PROCUREMENT FOR SMA LUNAR TEST RIG
80NSSC24PB003,"OPTIPRO SYSTEMS, LLC",13952.0,2024-05-07,OPTIPRO RTCP 5 AXIS POST PROBING FOR KINEMATICS WITH TRAINING AND TRAVEL
80NSSC24PB004,"LEROY DIXON ENTERPRISES, INC.",32360.5,2024-05-08,"TENTS, STAGE, TABLES, AND CHAIRS FOR GODDARD ON THE GREEN"
80NSSC24PB005,"EXPLORANCE, INC.",31895.0,2024-05-20,EXPLORANCE BLUE EXPERIENCE MANAGEMENT PLATFORM - ALL-IN-ONE SURVEYS AND EVALUATIONS. ELMT STANDALONE
80NSSC24PB006,"CADACTIVE TECHNOLOGIES, INC.",14605.5,2024-05-09,CADACTIVE SUBSCRIPTION RENEWAL
80NSSC24PB007,BNC CORP.,14637.39,2024-05-07,MHZ-RF SIGNAL GENERATOR
80NSSC24PB008,"VIRTUAL OFFICEWARE DE, LLC",127421.2,2024-05-07,ATHENAPRACTICE EMR ANNUAL RENEWAL
80NSSC24PB009,"IDEAL VACUUM PRODUCTS, LLC",10684.68,2024-05-16,1 - VD-14621 - 16X16  WELDED STAINLESS STEEL VACUUM CHAMBER
80NSSC24PB010,CARL ZEISS INDUSTRIAL QUALITY SOLUTIONS LLC,61325.0,2024-05-08,FY24 CAPTURE 3D_HW AND SW SUPPORT RENEWAL
80NSSC24PB011,ESI NORTH AMERICA INC,99810.0,2024-05-09,OT : VA-ONE SOFTWARE LICENSE AND SUPPORT MAINT RENWAL
80NSSC24PB012,VAISALA INC.,27125.0,2024-05-08,LIGHTNING DATA FROM VENDOR FOR MISSION SAFETY AND SCIENTIFIC ANALYSIS
80NSSC24PB013,"SOUTHWESTERN INDUSTRIES, INC",63661.0,2024-05-08,TRAK MILLING MACHINE P/N TRAK DPMRX3- WILL REPLACE TWO OUTDATED BRIDGEPORT MANUAL MILLS THAT NO LONGER ACHIEVE TOLERANCES NEEDED TO DO THE JOB
80NSSC24PB016,MONTANA TECHNOLOGICAL UNIVERSITY,75000.0,2024-05-22,LABRAM 5 DEVELOPMENT
80NSSC24PB017,HYDRAULIC AND PNEUMATIC SYSTEMS INC,13930.0,2024-05-09,FACTORY REFURBISHMENT OF SPARE MOOG HYDRAULIC SERVO VALVES FOR THE NATIONAL TRANSONIC FACILITY (NTF) AT THE NASA LANGLEY RESEARCH CENTER (LARC).
80NSSC24PB018,"NEIL SENEFF, INC.",64676.33,2024-05-09,PLC HARDWARE FOR SPACE SIMULATION FACILITIES CONTROL SYSTEMS
80NSSC24PB019,"THINKLOGICAL, INC.",12118.0,2024-05-08,"THINKLOGICAL KEYBOARD, VIDEO, MOUSE (KVM) EXTENDERS"
80NSSC24PB020,"TECHNOLOGY APPLICATIONS, INC.",16690.0,2024-05-09,OT : CUSTOM HIGH PURITY COPPER THERMAL STRAP FABRICATION
80NSSC24PB021,ZAYO GROUP LLC,35952.0,2024-05-09,DARK FIBER LEASE RENEWAL
80NSSC24PB022,BRUKER BIOSPIN CORP,29506.8,2024-05-13,BRUKER BIOSPIN FULL PREVENTATIVE MAINTENANCE AND SERVICE AGREEMENT FOR NEO NMR
80NSSC24PB023,THERMO ELECTRON NORTH AMERICA LLC,16708.0,2024-05-09,SEMI VOLATILE ORGANICS ANALYSIS
80NSSC24PB024,SANCHEZ CONSTRUCTION SERVICES,73269.0,2024-05-23,INSTALLATION OF NEW STOREFRONT DOUBLE DOORS IN FRONT AND SINGLE DOOR IN THE REAR OF THE BUILDING WITH NEW HARDWARE. INSTALLATION OF DUAL ACCESS CONTROL BADGE READERS WIRING AND CONTROLS FOR AUTOMATIC ACCESS TO BUILDING N257 PER ATTACHED SCOPE OF WORK
80NSSC24PB025,PHASE SENSITIVE INNOVATIONS INC,130000.0,2024-05-09,8 BALANCED PHOTODIODES AND 1 PHASE MODULATOR
80NSSC24PB027,EFFICIENT TOOL SOLUTIONS LLC,21662.25,2024-05-10,SONIC WORKSTATION W/ TOOLBOXES FOR WELD SHOP
80NSSC24PB028,"CORSAIR MEMORY, INC.",22834.6,2024-05-10,ORIGIN LAPTOPS
80NSSC24PB029,MINDRUM PRECISION INC.,120000.0,2024-05-15,FLIGHT QUALIFIED MICROVALVES
80NSSC24PB031,ALTA DATA TECHNOLOGIES LLC,10407.0,2024-05-13,"ALTADT ENET2 J1, 2 CHANNELS CABLE ASSEMBLY & ENET APPLIANCE"
80NSSC24PB032,FIREBIRD OPTICS LLC,27206.0,2024-05-15,PROCURE A 300MM OPTICAL WINDOW FOR CRYOGENIC VACUUM TEST CHAMBER
80NSSC24PB033,"COUNTY OF SANTA CLARA, CALIFORNIA",12529.0,2024-05-16,SERVICE AGREEMENT WITH SANTA CLARA COUNTY COMMUNICATIONS FOR EMERGENCY 911 RADIO COMMUNICATION CONNECTIVITY AND MAINTENANCE
80NSSC24PB035,B & H INTERNATIONAL LLC,39346.99,2024-05-15,MKS INSTRUMENTS DUALMAG AND STABIL-LON GAUGES
80NSSC24PB036,KURT J LESKER CO,22750.0,2024-05-23,"LESKER 8"" INDIUM SHUTTER UPGRADE"
80NSSC24PB038,"TEC-MASTERS, INC",51284.43,2024-05-13,MARVIN_CASTING
80NSSC24PB039,"REXEL USA, INC.",15673.37,2024-05-15,DELIVER THE MODELS OF ELECTRICAL HARDWARE
80NSSC24PB040,"INTEGRATED SOLUTIONS WORLDWIDE, LLC",30695.56,2024-05-15,"FIXED SPEED ROTARY COMPRESSOR INGERSOLL RAND, MODEL #RS22IE-A138-TAS."
80NSSC24PB042,ELECTRICAL EQUIPMENT CO,13632.06,2024-05-13,14X22 MODEL CART CONTROLS UPDATE
80NSSC24PB043,"SCHOTT NORTH AMERICA, INC.",21567.0,2024-05-14,OT : ZERODUR GLASS
80NSSC24PB044,LINDE ADVANCED MATERIAL TECHNOLOGIES INC.,127844.0,2024-05-16,ADDITIVE MANUFACTURING POWDER
80NSSC24PB045,ERIE TECH GROUP LLC,39044.0,2024-05-15,PURCHASE OF NEW EBARA ESA-70W DRY VACUUM PUMP FOR VACUUM FACILITY 11 (VF-11)
80NSSC24PB046,SPACEDESIGN CORPORATION,10700.0,2024-05-14,RENEW TSS/ETD
80NSSC24PB047,EDWARD BUIEL CONSULTING LLC,30000.0,2024-05-28,THE CONTRACTOR SHALL ADAPT ONE OF THEIR EXISTING 21700 CELL DESIGNS WITH MAX DIAMETER AND HEIGHT AS SPECIFIED HEREIN.
80NSSC24PB049,"MICROGATE SYSTEMS, LTD.",24059.0,2024-05-14,PURCHASE OF MICROGATE SYNCLINK DUAL PORT CABLES
80NSSC24PB050,OPEN IT INC.,58813.0,2024-05-14,ONE YEAR SUBSCRIPTION OF OPEN IT
80NSSC24PB051,"BUENDEA, LLC",84700.0,2024-05-16,XOSS PLUGIN UPDATE PACKAGE
80NSSC24PB052,PROTEUS INC,17080.0,2024-05-16,PURCHASE OF SCINTILLATOR UNIT
80NSSC24PB053,4 D TECHNOLOGY CORPORATION,176750.0,2024-05-16,"1 ASM, BEAM EXPANDER, OAP, 9MM TO 150MM, 532NM PART NUMBER 8002-00622"
80NSSC24PB054,ALTAIR ENGINEERING INC.,11700.0,2024-05-14,RENEW ALTAIR/PSIM/ETD
80NSSC24PB055,NORTH AMERICAN MANUFACTURING PROS LLC,71280.0,2024-05-15,3 MONTH RENTAL OF A M280 PRINTER TO PRINT GRX-810 SAMPLES. (GRC) SUPPLIED POWDERS.
80NSSC24PB056,NOMAD SHIPPING COMPANY LLC,36225.0,2024-05-16,15 CONNEX BOXES FOR B703 CLOSEOUT
80NSSC24PB057,PHOTON ENGINEERING LLC,12455.0,2024-05-14,OT : FRED SOFTWARE LICENSE RENEWAL
80NSSC24PB058,"FBG, LLC",26856.0,2024-05-16,60FT SPHERE HEPA FILTERS
80NSSC24PB059,"S.K.M. SYSTEMS ANALYSIS, INC.",12245.4,2024-05-16,SKM POWER TOOLS ELECTRICAL ENGINEERING SOFTWARE RENEWAL
80NSSC24PB060,CLEAN ROOMS INTERNATIONAL INC,15703.0,2024-05-15,4FT & 6FT HORIZONAL FLOW CLEAN BENCHES
80NSSC24PB061,"PFEIFFER VACUUM, INC.",33328.0,2024-05-16,PURCHASE OF A SINGLE ATH1603 M 250 CF-F TURBOPUMP WITH SHIPPING
80NSSC24PB062,NORTH AMERICAN MANUFACTURING PROS LLC,249280.0,2024-05-16,ORCALLOY DEVELOPMENT AND BUILDS USING LASER POWDER BED FUSION
80NSSC24PB063,TECPLOT INC,27360.0,2024-05-16,FY24 TECPLUS RENEWAL FOR TECPLOT 360 SINGLE-FACILITY NETWORK - SHARON E MCKEE - ARC - TS
80NSSC24PB064,"QUALITY THERMISTOR, INC",21750.0,2024-05-20,PRT EM UNITS
80NSSC24PB065,"HORSEWOOD, JERRY L",15500.0,2024-05-16,RENEW MANE ETD
80NSSC24PB067,STAR CASES LLC,46499.03,2024-06-12,CUSTOM BUILT MODULAR SHIPPING CONTAINER FOR THE STORIE PROJECT INSTRUMENT
80NSSC24PB068,"NUMED TECHNOLOGIES, L.L.C.",54000.0,2024-05-22,FABRICATION OF PRESSURE/TEMPERATURE SENSORS IN 4H SIC
80NSSC24PB069,SIEMENS INDUSTRY INC,276626.0,2024-05-23,ZONE A RACKS SECURITY INFRASTRUCTURE PHASE 3
80NSSC24PB070,"ATA ENGINEERING, INC.",13250.0,2024-05-17,SW  ATA
80NSSC24PB071,WORKSCAPES INC,30851.73,2024-05-17,OFFICE FURNITURE
80NSSC24PB072,KEYSIGHT TECHNOLOGIES INC,18290.4,2024-05-20,GENESYS MAINTENANCE RENEWAL
80NSSC24PB073,"Q-MATION, LLC",173693.0,2024-05-17,RENEWAL OF AVEVA CUSTOMER FIRST SUPPORT AGREEMENT ID 48169 FOR NASA GRC SOFTWARE
80NSSC24PB074,"ROHDE & SCHWARZ USA, INC.",247445.0,2024-05-17,R&S ESW44 EMI TEST RECEIVER
80NSSC24PB075,UNIVERSITY OF VIRGINIA DARDEN SCHOOL FOUNDATION,65000.0,2024-06-06,LEADING IN THE GLOBAL TECHNICAL AND SCIENTIFIC COMMUNITIES
80NSSC24PB076,KEYSIGHT TECHNOLOGIES INC,14214.12,2024-05-21,OT : ADS SOFTWARE RENEWAL
80NSSC24PB078,FISCHER CUSTOM COMMUNICATIONS INC,25250.0,2024-05-17,"1000 AMP, 300 MHZ CURRENT MEASUREMENT PROBE PART NO. F-170317-1005-1"
80NSSC24PB079,LINDE ADVANCED MATERIAL TECHNOLOGIES INC.,35528.4,2024-05-17,HR-2 ADDITIVE MANUFACTURING POWDER
80NSSC24PB080,INTERNATIONAL SPACE UNIVERSITY,43440.0,2024-05-20,"COMPLETE THE REGISTRATION, INCLUDING PAYMENT OF FEES, FOR INTERNATIONAL SPACE UNIVERSITY - SSP INSTITUTIONAL TUITION FEES"
80NSSC24PB081,AANTILIA LLC,16573.7,2024-05-23,DENTON DESK-V SPUTTER COATER
80NSSC24PB083,BITFASTT INC.,27240.0,2024-05-20,FY24 TICRA RENEWAL
80NSSC24PB084,STRATEGIC TECHNOLOGY CONSULTING LLC,59595.4,2024-05-24,BEST PRACTICES/LESSONS LEARNED REQUIRED TO ESTABLISH A CORPORATE 3DEXPERIENCE INFRASTRUCTURE
80NSSC24PB085,BLUE TECH INC.,10944.0,2024-05-20,SW  - VEEAM ELMT STANDALONE
80NSSC24PB086,"HEXAGON MANUFACTURING INTELLIGENCE, INC.",21538.0,2024-05-21,: FY24 HEXAGON/VOLUME GRAPHICS VGSTUDIO MAX LICENSE RENEWALS
80NSSC24PB087,EDDYFI CORP,18695.0,2024-05-22,EDDYFI MAGNIFI PRO
80NSSC24PB088,TOMMYTQL LLC,20060.0,2024-05-22,VEEAM DATA PLATFORM FOUNDATION ENTERPRISE MAINTENANCE RENEWAL
80NSSC24PB089,"THE MODAL SHOP, INC.",44366.0,2024-05-23,PROCUREMENT OF SHAKER SYSTEM FOR THE DYNAMICS LAB
80NSSC24PB090,"A & P TECHNOLOGY, INC.",185080.0,2024-05-22,ZYLON POLY-BENZOBISOXAZOLE (PBO) CUSTOM BRAID AND CORD
80NSSC24PB091,"COORSTEK, INC.",30000.0,2024-05-29,BREAK-OFF CERAMICS FOR NEUTRAL GAS AND ION MASS SPECTROMETER
80NSSC24PB092,PGCE LLC,0.0,2024-05-22,PURCHASE JP-10 AVIATION FUEL
80NSSC24PB093,SAVE AGAIN.COM,84020.4,2024-05-23,PM8000 ELECTRICAL METER REPLACEMENT
80NSSC24PB094,TECHNOLOGIES DESIGN WORKSHOP INC,16200.0,2024-07-29,OT : DW-2000 LAYOUT EDITOR ANNUAL SOFTWARE MAINTENANCE RENEWAL
80NSSC24PB095,FIVE POINTS INFRASTRUCTURE SERVICES LLC,76915.97,2024-05-28,PATCH MANAGER SERVICE CONTRACT RENEWAL
80NSSC24PB097,NATIONAL OUTDOOR LEADERSHIP SCHOOL,15000.0,2024-05-23,OUTDOOR LEADERSHIP AND TEAM BUILDING EXPEDITION TRAINING
80NSSC24PB098,"BENCHMARK CRAFTSMAN, INC.",57225.0,2024-05-23,SCALE MODEL OF A PROPOSED TEST FACILITY AT GRC
80NSSC24PB099,"UNIVERSITY OF MARYLAND ALUMNI ASSOCIATION, INC.",36248.8,2024-06-14,OT : FERMI 2024 SYMPOSIUM
80NSSC24PB101,BLUEFORS OY,0.0,2024-05-29,OT : CRYOGENIC SYSTEM HARDWARE
80NSSC24PB102,POWDER ALLOY CORP,155900.0,2024-05-28,ORCALLOY-21 ATOMIZED POWDER
80NSSC24PB103,ESKO-GRAPHICS INC.,19810.0,2024-05-23,FY24 MEDIABEACON ANNUAL RENEWAL
80NSSC24PB104,TA INSTRUMENTS - WATERS L.L.C.,14900.0,2024-05-23,REPLACEMENT TGA Q500/Q50 FURNACE AND THERMOCOUPLE
80NSSC24PB106,PRIMARY ARMS LLC,67476.16,2024-05-24,"GLOCKS, AMMUNITION AND MAGAZINE PURCHASE FOR SECURITY"
80NSSC24PB107,FOUR POINT SOLUTIONS LTD,165000.0,2024-05-28,ADDITIONAL SCOPE ON KSC AEM SUPPORT
80NSSC24PB108,SOFTEK INTERNATIONAL INC,23220.0,2024-05-28,WRIKE SOFTWARE RENEWAL
80NSSC24PB110,FILMETRICS INC,30122.0,2024-05-30,PURCHASE AND INSTALL A MOTORIZED AUTOFOCUS STAGE TO UPGRADE THE OCF F40-UVX MICROSCOPE
80NSSC24PB111,FED CREW INC,67038.75,2024-05-28,WIRELESS INSITE PRO PACKAGE & STANDARD RENEWAL FY24
80NSSC24PB112,"GARTNER, INC.",43149.0,2024-06-18,GARTNER ADVISORY SERVICES
80NSSC24PB113,"TEXTILES COATED, INCORPORATED",78266.29,2024-05-28,MULTI-PLY PTFE CROSSFILM LINER
80NSSC24PB114,VIAKORP CORPORATION,16600.0,2024-07-01,KSC MAID SERVICE SUPPORT FOR CREW QUARTERS
80NSSC24PB115,TRILLAMED LLC,85350.32,2024-05-28,2 UNITS OF THE VIVID IQ STANDARD ULTRA EDITION V206
80NSSC24PB116,HAMAMATSU CORP,79000.0,2024-06-26,SILCON STRIP DETECTOR
80NSSC24PB117,UNIVERSITY OF KANSAS,24999.0,2024-05-28,TRAINING COURSE ENTITLED INTRODUCTION TO AIRWORTHINESS
80NSSC24PB118,ALICAT SCIENTIFIC INC.,21092.78,2024-05-29,MASS FLOW CONTROLLERS
80NSSC24PB119,COMSOUTH INC,22158.0,2024-05-30,ZETRON UPGRADE SERVICES
80NSSC24PB120,"MUNICIPAL EMERGENCY SERVICES, INC.",133508.52,2024-05-28,"WSTF FIREFIGHTER PROTECTIVE ENSEMBLES FOR FIREFIGHTING 27 HFRP TAIL COATS, 27 TAIL PANTS, 27 HELMETS, 27 STRUCTURAL BOOTS, AND 27 MASKS FIREFIGHTER BUNKER GEAR"
80NSSC24PB121,"TORAY ADVANCED COMPOSITES USA, INC.",15268.2,2024-05-29,"CYANATE ESTER RESIN, 5 GAL"
80NSSC24PB122,"CAMI RESEARCH, INC.",22670.0,2024-05-29,"1 EACH HVX HIGH VOLTAGE TEST SYSTEM, DC/AC, 128 TP HI-POT MACHINE THAT IS USED TO TEST THE STRESS OF AN ELECTRONIC DEVICE FOR SAFETY AND QUALITY PURPOSES."
80NSSC24PB123,IDEAL AEROSMITH INC,25825.0,2024-05-29,ANGLE MEASUREMENT SENSOR CALIBRATION SERVICES BENCHMARKING
80NSSC24PB124,DYNAMIC SYSTEMS INC,28300.0,2024-05-29,HYPERION SOFTWARE
80NSSC24PB125,"NEW TECH SOLUTIONS, INC.",160909.15,2024-05-29,RTI CONNEXT DDS AND SUPPORT SUBSCRIPTION RENEWAL
80NSSC24PB126,LINSEIS INC,109701.0,2024-05-31,SEEBECK THERMAL MEASUREMENT SYSTEM FOR R&D
80NSSC24PB127,TRILION QUALITY SYSTEMS LLC,12366.0,2024-05-30,ARAMIS RENEWAL
80NSSC24PB128,SEVENTH GENIUS LLC,14602.0,2024-05-30,AR3300 APC NETSHELTER SX 42U/600MM/1200MM ENCLOSURE WITH ROOF & SIDES BLACK
80NSSC24PB129,"KRATOS SRE, INC.",11419.0,2024-05-29,PURCHASE GRAPHITE ELECTRICAL RESISTIVITY DATA. HIGH TEMPERATURE ELECTRICAL RESISTIVITY MEASUREMENT DATA ON SCHUNK-TOKAI G530 GRADE GRAPHITE.
80NSSC24PB130,INFICON INC,58377.0,2024-05-29,MICRO GC FUSION 3 CHROMATOGRAPH AND REPAIR SERVICE
80NSSC24PB131,POTOMAC SECURITY LP,40846.63,2024-06-04,RENEW BARRIER MAINTENANCE AGREEMENT WITH POTOMAC SECURITY
80NSSC24PB132,"HOMOGENEOUS METALS, INC.",36150.0,2024-05-30,MANUFACTURING POWDERS
80NSSC24PB133,"EOS OF NORTH AMERICA, INC.",11600.0,2024-05-30,EOS TRAINING
80NSSC24PB134,DOUGLAS ELECTRICAL COMPONENTS INC,41170.0,2024-06-05,BULKHEAD FEEDTHROUGHS AND THERMOCOUPLE FEEDTHROUGHS
80NSSC24PB135,"KROSLEY, RAMON",10000.0,2024-05-29,"CONSULTATIVE SUPPORT FOR THE TECHNICAL ANALYSIS, STRATEGIC DIRECTION, AND ASSESSMENT OF SOIS DATA STANDARDS FOR NASA WITHIN THE CONSULTATIVE COMMITTEE FOR SPACE DATA SYSTEMS (CCSDS)."
80NSSC24PB136,DS GOVERNMENT SOLUTIONS CORP,12800.95,2024-05-30,500-CST RENEWAL
80NSSC24PB137,"OXFORD INSTRUMENTS AMERICA, INC.",17492.0,2024-05-29,OXFORD INSTRUMENTS HW MAINTENANCE
80NSSC24PB138,LUTRON SERVICES CO INC,18847.65,2024-05-30,SUPPORT RENEWAL FOR LUTRON LIGHTING CONTROLS
80NSSC24PB139,"DATADOG, INC.",0.0,2024-06-05,DATADOG SUBSCRIPTION PERIOD OF PERFORMANCE: 6/1/2024 - 10/31/2025
80NSSC24PB140,SIEMENS INDUSTRY SOFTWARE INC.,18975.82,2024-05-30,FY24 SIEMENS MAINTENANCE - CRAIG FORTIER- KSC - NETC0
80NSSC24PB141,AANTILIA LLC,59720.88,2024-05-30,POWER PANEL UPGRADE MATERIALS
80NSSC24PB142,SIEMENS INDUSTRY SOFTWARE INC.,17054.65,2024-05-31,STAR CCM RENEWAL
80NSSC24PB143,"TESTFORCE USA, INC.",100950.0,2024-06-03,100 KW POWER SUPPLY WITH BATTERY EMULATIONOUTPUT VOLTAGE 1200V MAX OUTPUT CURRENT 333A MAX
80NSSC24PB144,GOVERNMENT ACQUISITIONS INC,12605.0,2024-05-31,PURCHASE OF TEKTRONIX KEITHLEY 2460 SOURCE MEASURE UNIT
80NSSC24PB145,IN-SITU MARINE OPTICS PTY LTD,46803.4,2024-06-06,DALEC PROCUREMENT
80NSSC24PB146,ARC ENERGY LLC,128125.0,2024-05-31,SWASHPLATELESS HUB DESIGN FOR A COAXIAL ROTOR
80NSSC24PB147,"STATIC CLEAN INTERNATIONAL, INC",25240.0,2024-05-31,1 ELECTROSTATIC VOLTMETER AND PROBE
80NSSC24PB148,"ROCKWELL COLLINS, INC.",11810.0,2024-05-30,JEPESSEN NAV DB TYPE C22 MILITARY WORLD PLATFORM - COLLINS FLIGHT MANAGEMENT SYSTEM DATABASE FIR C130 N436NA ANNUAL RENEWAL
80NSSC24PB149,CAROLINA GROUND SERVICE EQUIPMENT INC,12561.89,2024-06-10,BATTERY STORAGE / RG-131 / 2 EA
80NSSC24PB150,"EXCEL TECHNOLOGIES, INC.",11495.0,2024-06-03,EXPERTEC MAINTENANCE RENEWAL
80NSSC24PB151,"CODESECURE, INC.",39780.0,2024-05-31,CODESONAR SUBSCRIPTION LICENSE RENEWAL
80NSSC24PB152,NORTH STAR IMAGING INCORPORATED,10140.0,2024-05-31,NORTH STAR SOFTWARE RENEWAL
80NSSC24PB153,"NTS TECHNICAL SYSTEMS, LLC",58082.5,2024-05-31,THIS PR IS FOR ENVIRONMENTAL TESTING OF REEFING LINE CUTTERS (RLC).
80NSSC24PB155,PACMIN INC,13805.0,2024-05-31,CREATION OF DISPLAY MODEL FOR AETC NASA EXHIBIT AT AVIATION IN JULY
80NSSC24PB156,HOTTINGER BRUEL & KJAER INC.,24480.0,2024-05-31,WEIBULL++ AND BLOCKSIM SOFTWARE LICENSE
80NSSC24PB157,NASA WALLOPS EXCHANGE,24188.18,2024-05-31,LODGING AND MEALS FOR TRAINING
80NSSC24PB161,J & J 2000 INC,12001.84,2024-06-06,HID READERS
80NSSC24PB162,"PRECISION CRYOGENIC SYSTEMS, INC",46195.0,2024-06-10,ORANGE OFFSET CRYOSTAT
80NSSC24PB163,"SCIENCE ENGINEERING ASSOCIATES, INC.",13780.98,2024-06-03,"DUAL PORT BACKGROUND HUMITY INLET FOR THE IRT 1 $ 1 3,780.98 $ 1 3,780.98 PER SOW FOR BWV INLET 2024-05-30"
80NSSC24PB164,"CLEARTRONIC, INC.",104000.0,2024-06-10,"NASA OFFICE OF PROTECTIVE SERVICES (OPS) REQUIRES A COMPREHENSIVE INCIDENT MANAGEMENT SYSTEM THAT CAN EFFECTIVELY COORDINATE EMERGENCY RESPONSE ACTIVITIES, IMPROVE SITUATION"
80NSSC24PB165,"TTTECH NORTH AMERICA, INC.",248800.0,2024-06-04,"TTTECH 3U CPCI, 3U CPCI EDU & LAB SPACE (PCIE)"
80NSSC24PB166,AMERICAN SOCIETY FOR TESTING & MATERIALS,96000.0,2024-06-06,LANDSCAPE ANALYSIS FOR INSPACE METAL MANUFACTURING
80NSSC24PB167,VIAVI SOLUTIONS INC.,23004.0,2024-06-12,VIAVI T-BERD TRAINING SESSIONS
80NSSC24PB168,"ERI ECONOMIC RESEARCH INSTITUTE, INC.",10622.0,2024-06-04,3 SW LICENSES
80NSSC24PB169,"3D SYSTEMS, INC.",16500.0,2024-06-04,3D SYSTEMS PROJET MJP 3600W ANNUAL SERVICE PLAN
80NSSC24PB170,"DYNETICS, INC.",19000.0,2024-06-06,EDS GLASS COVER
80NSSC24PB171,ROBERT E MASON & ASSOCIATES INC,160735.19,2024-06-04,EMERSON DELTAV UPGRADE HARDWARE & SOFTWARE SERVICES
80NSSC24PB172,INTERNATIONAL SPACE UNIVERSITY,20000.0,2024-06-04,INTERNATIONAL SPACE UNIVERSITY TUITION FOR ALI LLEWELLYN
80NSSC24PB175,THOUGHTVENTIONS UNLIMITED LLC,29050.0,2024-06-06,HIGH TEMPERATURE VERTICAL VACUUM TUBE FURNACE
80NSSC24PB176,"STRESS AEROSPACE AND DEFENSE, LLC",148500.0,2024-06-07,LASER INSPECTION OF VACUUM INSULATED PIPES
80NSSC24PB178,"JMSI, INC",25000.0,2024-06-06,INTELLIGENT LIGHT KOMBYN PROFESSIONA
80NSSC24PB180,"INSPIRED ENERGY, LLC",19950.31,2024-06-06,"BATTERY CHARGERS, BATTERIES FOR CST-AVTPE IN SUPPORT OF X-59"
80NSSC24PB184,ALLIUM US HOLDING LLC,33230.5,2024-06-06,GOLDFIRE RENEWAL
80NSSC24PB185,"SYNOPSYS, INC.",16054.0,2024-03-13,PHOENIX OPTO SOFTWARE LICENSE RENEWAL
80NSSC24PB186,SENSURON LLC,43354.22,2024-06-06,FOR THE PURCHASE OF SINGLE MODE FIBER WITH BRAGG GRATING
80NSSC24PB190,"KRATOS S1, INC.",10157.74,2024-06-11,REPAIR OF T400XR TELEMETRY MODEM
80NSSC24PB193,BRUKER SCIENTIFIC LLC,15088.95,2024-06-10,FY24 SERVICE CONTRACT FOR BRUKER LUMOS II FTIR MICROSCOPE (PLATINUM)
80NSSC24PB194,TERMA B.V.,159963.0,2024-06-12,STAMP SOFTWARE DEVELOPMENT SERVICES
80NSSC24PB195,MPB COMMUNICATIONS INC,25125.0,2024-06-13,MPB EOA PREAMPLIFIER
80NSSC24PB197,SIEMENS INDUSTRY SOFTWARE INC.,26611.21,2024-06-12,MAGNET 7 LICENSE RENEWAL
80NSSC24PB198,WILLOUGHBY CONSULTING GROUP,11000.0,2024-06-17,OT : EXECUTIVE COACHING
80NSSC24PB199,TANIOBIS USA LLC,33000.0,2024-06-10,NIOBIUM ALLOY SPHERICAL POWDER
80NSSC24PB201,"ADVR, INC.",25075.0,2024-06-14,"HIGH-PURITY, HIGH-RATE, PHOTON PAIR SOURCE"
80NSSC24PB202,"LOTUSUSA, INC.",57489.0,2024-06-11,B STAND DERRICK JIB CHAIN AND SPROCKET REPLACEMENT
80NSSC24PB205,VCLOUD GOV INC.,20172.0,2024-06-12,PURCHASE LIGHT SOURCE FOR SPEX-2 INSTRUMENT
80NSSC24PB207,"AMPTEK, INC",15003.0,2024-06-14,AMPTEK XR100 FAST-SDD 70 MM^2 X-RAY DETECTOR FOR LOW ENERGY MEASUREMENTS
80NSSC24PB209,TRIEX LLC,37100.77,2024-06-11,MASSIVE DIMENSION EXTRUDER AND ACCESSORIES
80NSSC24PB210,B/E AEROSPACE INC,0.0,2024-06-11,P/N: AA202-77-850A ALUMINUM HONEYCOMB PANEL    QTY 10
80NSSC24PB211,"AELUMA, INC.",149878.0,2024-08-05,FY24 STTR PHASE I- QPICS: QUANTUM DOT PHOTONIC INTEGRATED CIRCUITS ON SILICON
80NSSC24PB212,"AGILE SPACE INDUSTRIES, INC.",144386.0,2024-08-07,FY24 SBIR PHASE I- REFRACTORY METALS AND ADVANCED COATINGS FOR RADIATIVELY COOLED RDRES
80NSSC24PB213,"ANALYSWIFT, LLC",156424.0,2024-08-06,FY24 SBIR PHASE I- IN-SPACE DISASSEMBLY AND ASSEMBLY OF THERMOPLASTIC COMPOSITE STRUCTURES WITH EMBEDDED CARBON NANO-HEATERS
80NSSC24PB214,APPLIED DECISION SCIENCE LLC,149965.0,2024-07-22,"COGNITIVE SYSTEMS ENGINEERING (CSE) METHODS TO SUPPORT ADAPTIVE, INTEGRATED ANOMALY RESPONSE"
80NSSC24PB215,"ASTER LABS, INC.",149925.0,2024-07-23,FY24 SBIR PHASE I- AUTONOMOUS STORM DETECTION AND TRACKING USING RANDOM FINITE SETS
80NSSC24PB216,ASTROBOTIC TECHNOLOGY INC,149986.0,2024-08-11,FY24 SBIR PHASE I- RASTR ULTRA-FAST SMART LIDAR SENSOR FOR TERRAIN MAPPING
80NSSC24PB217,"ASTROPORT SPACE TECHNOLOGIES, INC.",149991.0,2024-08-07,FY24 SBIR PHASE I- DEPLOYABLE SURFACE COVER FOR LUNAR SURFACE OPERATIONS DURING LAUNCH AND LANDING
80NSSC24PB218,ATSP INNOVATIONS INC,149933.0,2024-07-31,FY24 SBIR PHASE I- DEVELOPMENT OF HIGH-VOLTAGE CRYOGENIC SECONDARY LI-METAL BATTERIES SUITABLE FOR TEMPERATURES BELOW MINUS 80 DEGREES C
80NSSC24PB219,"BLUE RIDGE RESEARCH AND CONSULTING, LLC",149984.0,2024-07-30,FY24 SBIR PHASE I- FULL-SCALE EVTOL CABIN NOISE MEASUREMENTS AND ANALYSIS
80NSSC24PB220,BLUESHIFT LLC,156494.0,2024-07-30,OPTIMIZATION OF LUNAR MATERIALS FOR LAUNCH AND LANDING PADS
80NSSC24PB221,"BUENDEA, LLC",149857.0,2024-07-30,FY24 SBIR PHASE I- AI-POWERED XR HEALTH APPLICATION FOR DIAGNOSTICS AND HEALTH MANAGEMENT
80NSSC24PB222,CISLUNE INC,149982.0,2024-07-30,FY24 SBIR PHASE I- REAL-TIME TRUST DYNAMICS IN SPACE CYBER-HUMAN TEAMING
80NSSC24PB223,CISLUNE INC,156416.0,2024-07-30,FY24 SBIR PHASE I- SHEAR STRENGTH ENHANCEMENT FOR AUTONOMOUS REGOLITH PREPARATION (SHEARPREP)
80NSSC24PB224,CONTINUUM DYNAMICS INC,149403.0,2024-08-06,FY24 SBIR PHASE I- EVTOL AIRCRAFT SUBSCALE DISTURBANCE RESPONSE TESTING FOR FULL-SIZED VEHICLE QUALIFICATION
80NSSC24PB225,CU AEROSPACE L.L.C.,156495.0,2024-07-30,PLASMA REACTOR TECHNIQUES FOR CARBON PRODUCT GENERATION FROM THE MARTIAN ENVIRONMENT
80NSSC24PB226,"DIGITALFISH, INC.",156087.0,2024-08-03,FY24 SBIR PHASE I- OPENUSD + INTERACTIVITY FOR XR EXPERIENCE DESCRIPTION (USDI-XRED)
80NSSC24PB227,"ELDER RESEARCH, INC.",149990.0,2024-08-02,FY24 STTR PHASE 1 - MODEL-DRIVEN DEEP GRAPH LEARNING FOR RISK-AWARE ANOMALY RESPONSE
80NSSC24PB228,ENERGIZED COMPOSITE TECHNOLOGIES LLC,149990.0,2024-08-05,FY24 SBIR PHASE I- THERMOPLASTIC BASED CARBON FIBER STRUCTURAL BATTERIES FOR SPACE TECHNOLOGIES
80NSSC24PB229,ENGENIUSMICRO LLC,149851.0,2024-08-02,FY24 STTR PHASE 1 - HYBRID ADDITIVE MANUFACTURING OF COMPLEX FUNCTIONAL STRUCTURES
80NSSC24PB230,ENOVA CONCEPTS LLC,174186.0,2024-07-31,FY STTR PHASE I - 3D PRINTED ELECTRONICS WITH MATERIAL PROPERTIES ENGINEERED FOR COLD SURVIVABILITY
80NSSC24PB231,"FARADAY TECHNOLOGY, INC.",156492.0,2024-08-05,FY24 SBIR PHASE I- ELECTROCHEMICAL PRODUCTION OF POLYETHYLENE FROM ATMOSPHERIC CARBON DIOXIDE
80NSSC24PB232,"INTEGRATED SOLUTIONS FOR SYSTEMS, INC.",148979.0,2024-08-06,FY24 STTR PHASE 1 - HOLODECK THE NEXT GENERATION USING ANAGLYPH EXTENDED REALITY TECHNOLOGIES
80NSSC24PB233,INTEGSENSE INC,149980.0,2024-08-07,FY24 SBIR PHASE I- MULTIMODAL WIRELESS PIEZOELECTRIC MICROSENSORS FOR HARSH ENVIRONMENTS
80NSSC24PB234,"A2 LABS, LLC",149773.0,2024-08-06,FY24 SBIR PHASE I- DPUQC: DATA PIPELINE UNCERTAINTY AND QUALITY CONTROL FOR TRUSTWORTHY SPACE AUTONOMY
80NSSC24PB235,LYNNTECH INC.,149942.0,2024-08-19,FY24 SBIR PHASE I- REPURPOSABLE THERMOPLASTIC COMPOSITES FOR LUNAR USE (RTCLU)
80NSSC24PB236,LYNNTECH INC.,149975.0,2024-08-19,FLY24 SBIR PHASE I- THIN-FILM LITHIUM NIOBATE MODULATOR FOR INERTIAL NAVIGATION
80NSSC24PB237,MEMQ INC,156451.0,2024-07-26,FY24 SBIR PHASE I- WAVEGUIDE INTEGRATED SNSPDS ON FOUNDRY SILICON PICS
80NSSC24PB239,NANOHMICS INC,156451.0,2024-08-02,FY24 SBIR PHASE I- VOLUME-CONSTRAINED ADDITIVE MANUFACTURED  POLYMERS FOR INTEGRATED ROBUST ELECTRONICS (VAMPIRE)
80NSSC24PB240,"ROCKDALE SYSTEMS, LLC",99999.0,2024-06-14,DEVELOPMENT OF A MACHINE LEARNING USE CASE FOR AIRCRAFT ENGINE HEALTH ASSESSMENT
80NSSC24PB241,511 SPACE INNOVATION LLC,155530.0,2024-08-05,FY24 SBIR PHASE I- LOSS OF SIGNAL PREDICTION
80NSSC24PB242,9K VANTAGE LLC,149126.0,2024-07-24,FY24 SBIR PHASE I- IMPROVING AERIAL FIRE RETARDANT DROP EFFICIENCY USING A DYNAMIC TARGETING DEVICE
80NSSC24PB243,A10 SYSTEMS INC,166257.0,2024-07-25,FY24 SBIR PHASE I- FUTURE LUNAR SURFACE COMMS USING COGNITIVE 3GPP RADIO ACCESS NETWORKS FOR UBIQUITOUS MISSION SUCCESS (FULCRUM)
80NSSC24PB244,AA PLASMA LLC,149985.0,2024-07-26,FY24 SBIR PHASE I-DEVELOPMENT OF A MODULAR PLASMA-ACTIVATED FOG SYSTEM FOR ENHANCED PLANETARY PROTECTION AND CONTAMINATION CONTROL
80NSSC24PB245,ACELLENT TECHNOLOGIES INC,149998.0,2024-07-26,FY24 SBIR PHASE I- SHM SYSTEM FOR HYPERSONIC VEHICLES
80NSSC24PB246,ADDITIVE INNOVATIONS LLC,149447.0,2024-07-27,"SBIR PHASE I - LOW-COST, FREE-FORM OPTICS USING SILICON CARBIDE ADDITIVE MANUFACTURING"
80NSSC24PB247,ADVANCED COOLING TECHNOLOGIES INC,149981.0,2024-07-19,FY24 SBIR PHASE I- FUEL CELL THERMAL MANAGEMENT CONCEPTS FOR ELECTRIFIED AIRCRAFT PROPULSION
80NSSC24PB248,ADVANCED SPACE LLC,149993.0,2024-08-07,FY21 SPIR PHASE I- ADVANCED TRANSFER AND RELAY STAGE
80NSSC24PB249,"ADVENT DIAMOND, INC.",156500.0,2024-08-01,FY24 SBIR PHASE I - PHOSPHORUS DOPED QUANTUM DIAMOND FOR MAGNETOMETRY
80NSSC24PB250,ADVENT INNOVATIONS LTD CO,165775.0,2024-07-29,FY24 SBIR PHASE I- STRUCTURES
80NSSC24PB251,AEGIS AEROSPACE INC,149615.0,2024-08-06,FY24 SBIR PHASE !- PAYLOAD UNIVERSAL MULTI-PURPOSE ADAPTER (PUMA)
80NSSC24PB252,"AERIAL VANTAGE, INC.",166493.0,2024-08-01,FY24 SBIR PHASE I- OPTIMIZED LEARNING FOR YIELDING METEOROLOGICAL PREDICTIONS USING SURROGATES
80NSSC24PB253,AERODYNE RESEARCH INC,149995.0,2024-07-23,FY24 SBIR PHASE I- CAVITY ENHANCED LED-INDUCED FLUORESCENCE DETECTION OF NITROGEN DIOXIDE
80NSSC24PB254,AERODYNE RESEARCH INC,149999.0,2024-07-30,FY24 SBIR PHASE I- AIRBORNE SPECTROSCOPIC STATIC TEMPERATURE SENSOR
80NSSC24PB255,AEROFLY LLC,149451.0,2024-07-24,"FY24 SBIR PHASE I-ADVANCING MODULAR CONVEYING SYSTEM: MODULAR STATIC AUGER SYSTEMS FOR BULK MATERIAL HANDLING FOR MATERIAL PROCESSING PLANT SYSTEMS BASED ON PLANETS, SMALL BODIES, AND MOONS"
80NSSC24PB256,AGILE RF SYSTEMS LLC,156494.0,2024-07-24,FY24 SBIR PHASE I - ULTRALOW COST AND SIZE RADAR FOR AAM ENHANCED MOBILE WEATHER STATION
80NSSC24PB257,"AI BIOSCIENCES, INC.",166499.0,2024-08-07,SELF-CONTAINED DUAL-MODE SAMPLE PREPARATION MODULE USING NON-HAZARDOUS REAGENTS
80NSSC24PB258,ALPHACORE INC,156464.0,2024-07-29,FY24 SBIR PHASE I- VIPER: VERSATILE IMAGER PLATFORM WITH ENHANCED RADIATION HARDNESS
80NSSC24PB259,AMETHYST RESEARCH INC,149998.0,2024-08-06,FY24 SBIR PHASE I- HIGH TEMPERATURE ULTRA-HIGH PERFORMANCE MWIR/LWIR DETECTORS BASED ON PLASMONIC-ENHANCED TYPE II SUPERLATTICES
80NSSC24PB260,ANALYTICAL SCIENTIFIC PRODUCTS LLC,166499.0,2024-08-01,"FY24 SBIR PHASE I- RADIATION, DUST AND COOLANT FREEZE-OUT MITIGATION"
80NSSC24PB261,"ANASPHERE, INC",149555.0,2024-08-07,FY24 SBIR PHASE I- SOLID-STATE NONCOMBUSTIBLE GAS GENERATOR
80NSSC24PB262,"ANZEN UNMANNED, LLC",166339.0,2024-08-05,FY24 SBIR PHASE I- IN-TIME FLIGHT RISK ASSESSMENT TOOL (IFRAT) WITH CERTIFICATION COMPLIANCE
80NSSC24PB263,APPTRONIK INC,149136.0,2024-09-03,"FY24 SBIR PHASE I- ROBOTIC, EFFICIENT ARM FOR CARGO HANDLING"
80NSSC24PB264,ARCHITECTURE TECHNOLOGY INC,149980.0,2024-07-30,FY24 SBIR PHASE I- TOOL FOR OPTIMAL RECONFIGURATION OF SATELLITE SWARMS (TORSS)
80NSSC24PB265,"ASTER LABS, INC.",149966.0,2024-07-23,FY24 SBIR PHASE I- EFFICIENT ON-BOARD AUTONOMY USING RFS-SLAM FOR ROBUST LUNAR SURFACE MOBILITY
80NSSC24PB266,ASTRANIS SPACE TECHNOLOGIES CORP,149983.0,2024-07-26,FY24 SBIR PHASE I- ADVANCING LUNAR COMMUNICATION INFRASTRUCTURE USING FLEXIBLE SOFTWARE DEFINED RADIO
80NSSC24PB267,ASTROBOTIC TECHNOLOGY INC,148394.0,2024-07-31,FY24 SBIR PHASE I- EXTRA LARGE VERTICAL SOLAR ARRAY TECHNOLOGY (VSAT-XL)
80NSSC24PB268,ASTROBOTIC TECHNOLOGY INC,149921.0,2024-08-08,"FY24 SBIR PHASE I- ASICS ADAPTABLE, SCALABLE, INTELLIGENT COMPUTING FOR SPACE"
80NSSC24PB269,"ASTROFORGE, INC.",149677.0,2024-07-24,FY24 SBIR PHASE I- COLD ABLATION DRILLING: NON-CONTACT PLANETARY SAMPLING TECHNOLOGY
80NSSC24PB270,ATAC,156419.0,2024-08-06,FY24 SBIR PHASE I- A FRAMEWORK FOR UNLOCKING HIDDEN AIR TRAFFIC MANAGEMENT DATA SOURCES THROUGH ADVANCED TECHNOLOGIES
80NSSC24PB271,"ATOMIC-6, INC.",149548.0,2024-07-31,FY24 SBIR PHASE I-REDEPLOYABLE SOLAR ARRAY STRUCTURE FOR LUNAR BASE INFRASTRUCTURE
80NSSC24PB272,AVEC INC,156450.0,2024-08-01,FY24 SBIR PHASE I- LOW-NOISE HIGH-EFFICIENCY SPACECRAFT VENTILATION FAN
80NSSC24PB273,AVISURE INTERNATIONAL INC,165073.0,2024-08-01,FY24 SBIR PHASE I- AVIAN COLLISION MITIGATION: A PREDICTIVE ADVANCED AIR MOBILITY GUIDANCE APP FOR ENHANCED AVIATION SAFETY
80NSSC24PB274,AXOMETRICS INC,149694.0,2024-07-31,FY24 SBIR PHASE I- RETARDATION MAPPING SYSTEM FOR ASTRONOMICAL MIRRORS
80NSSC24PB275,BENCHMARK SPACE SYSTEMS INC,148438.0,2024-08-01,FY24 SBIR PHASE I- BENCHMARK SINGLE ASSET KICK STAGE
80NSSC24PB276,BIOPICO SYSTEMS INC,166499.0,2024-08-02,FY24 SBIR PHASE I- PLATFORM FOR RADIATION-INDUCED SENESCENCE USING MULTIORGANS (PRISM) FOR HIGH THROUGHPUT SENOLYTICS SCREENING
80NSSC24PB277,"BIOSPHERICAL INSTRUMENTS, INC.",139434.0,2024-08-02,FY24 SBIR PHASE I- HYPERSPECTRAL OPTICAL PROFILING SYSTEM WITH ADVANCED DYNAMIC VERTICAL SAMPLING RESOLUTION (HY-OPS ADVSR)
80NSSC24PB278,BLUESHIFT LLC,156432.0,2024-08-01,RESOURCE EXTRUDER FOR CONTINUOUS CASTING OF CONSTANT CROSS-SECTION HARDWARE
80NSSC24PB279,"BOOM TECHNOLOGY, INC.",149063.0,2024-08-07,"FY24 SBIR PHASE I- HIGH ACCURACY TIME SYNCHRONIZATION, CLOUD-BASED DATA MANAGEMENT AND VISUALIZATION ENHANCEMENTS FOR REAL TIME DATA TELEMETRY"
80NSSC24PB280,"BRANCH TECHNOLOGY, INC.",149999.0,2024-08-06,FY24 SBIR PHASE I- FREEFORM 3D PRINTING OF A TALL LUNAR TOWER
80NSSC24PB281,"BRIGHTLIGHT PHOTONICS, INC",155226.0,2024-08-02,FY24 SBIR PHASE I- SPACE-READY CHIP-INTEGRATED TITANIUM:SAPPHIRE LASERS
80NSSC24PB282,BRIMROSE TECHNOLOGY CORP,149995.0,2024-08-01,FY24 SBIR PHASE I- UV/VISIBLE ALPHA-BARIUM BORATE ACOUSTO-OPTIC MODULATORS FOR ATOMIC INTERFEROMETRY APPLICATIONS
80NSSC24PB283,BRYKA INC,149813.0,2024-07-31,FY24 SBIR PHASE I- CERAMIFLUX: ADVANCED HEAT FLUX SENSING
80NSSC24PB284,CE-RI-SS MATERIALS LLC,165517.0,2024-07-31,FY24 SBIR PHASE I- SPACE (SOLIDIFIED PROFILE ALUMINUM CAST EXTRUSIONS)
80NSSC24PB285,CFD RESEARCH CORPORATION,149940.0,2024-08-07,FY24 SBIR PHASE I- RADIATION HARDENED POWER EFFICIENT ARTIFICIAL INTELLIGENCE AND MACHINE LEARNING (AIML) PROCESSOR
80NSSC24PB286,CFD RESEARCH CORPORATION,149954.0,2024-08-07,FY24 SBIR PHASE I- GRIND: GENOMIC RAPID INSPECTION OF NON-ABUNDANT BACTERIA AFTER DECONTAMINATION
80NSSC24PB287,CFD RESEARCH CORPORATION,149892.0,2024-08-05,FY24 SBIR PHASE I- PERFORMANCE OF EXPANSION-DEFLECTION NOZZLES FOR ROTATING DETONATION ROCKET ENGINES
80NSSC24PB288,"CIGNUS CONSULTING, LLC",146429.0,2024-08-06,FY24 SBIR PHASE I- DIGITAL AIRPORT SAFETY TWIN
80NSSC24PB289,CISLUNE INC,156406.0,2024-07-31,FY24 SBIR PHASE I- COMPACT INTEGRATED SORTING TECHNOLOGY FOR OXYGEN AND REGOLITH TREATMENT (CISORT)
80NSSC24PB290,CISLUNE INC,156404.0,2024-07-31,FY24 SBIR PHASE I- FLUFFY LAYER ULTRA-LOW-FORCE SOIL COMPRESSION ANALYSER (FLUFSCAN)
80NSSC24PB291,CLOUDSCI LLC,148812.0,2024-08-05,FY24 SBIR PHASE I- AIRBORNE HOLOGRAPHIC PROBE FOR SMALL ICE DETECTION
80NSSC24PB292,COMBUSTION RESEARCH & FLOW TECHNOLOGY INC,149999.0,2024-08-07,FY24 SBIR PHASE I- EFFICIENT  MODELS FOR FILM CONDENSATION IN CRYOGENIC TANK APPLICATIONS
80NSSC24PB293,"COMPUTATIONAL PHYSICS, INC.",149846.0,2024-08-06,FY24 SBIR PHASE I- DEGAP: A DEEP GAUSSIAN PROCESS SURROGATE MODEL FOR CLEANING DATA FROM SPATIALLY DISTRIBUTED SENSOR NETWORKS
80NSSC24PB294,"CONCEPTS NREC, LLC",149994.0,2024-08-06,FY24 SBIR PHASE I- SPACE EXPLORATION HYDROGEN BOOST PUMP
80NSSC24PB295,CONTINUUM DYNAMICS INC,156431.0,2024-08-06,FY24 SBIR PHASE I- INNOVATIVE SYSTEM FOR AIRCRAFT EMISSIONS REDUCTION AND PERFORMANCE IMPROVEMENT
80NSSC24PB296,CORNERSTONE RESEARCH GROUP INC,156488.0,2024-07-29,ACOUSTILYTIX: AN INTELLIGENT BIOACOUSTICS SYSTEM FOR MONITORING PLANT HEALTH
80NSSC24PB297,CORNERSTONE RESEARCH GROUP INC,156492.0,2024-08-05,GENERATIVE DESIGN OF HEAT EXCHANGERS VIA VARIABLE-FIDELITY NETWORKS
80NSSC24PB298,CREARE LLC,149973.0,2024-07-26,FY24 SBIR PHASE I- A COMPACT ELECTRICALLY-DRIVEN BOOSTER PUMP FOR SATURATED LH2
80NSSC24PB299,CREARE LLC,149973.0,2024-07-26,FY24 SBIR PHASE I- SELF-HEALING RADIATOR COOLANT TUBES FOR SPACECRAFT THERMAL CONTROL
80NSSC24PB300,CREARE LLC,156464.0,2024-07-29,FY24 SBIR PHASE I- MULTIUSE QUICK DISCONNECT FOR LUNAR SURFACE FLUID TRANSFER OPERATIONS
80NSSC24PB301,CREATIVE MICROSYSTEMS CORPORATION,149784.0,2024-08-02,FY24 SBIR PHASE I- HOLOGRAPHIC ENABLED DISPLAY FOR XEVA
80NSSC24PB302,"CUBIC AEROSPACE, LLC",149222.0,2024-08-06,FY24 SBIR PHASE I- COPROCESSORS FOR DIGITAL SIGNAL PROCESSING (DSP) AND ARTIFICIAL INTELLIGENCE (AI)
80NSSC24PB303,CYBERNET SYSTEMS CORPORATION,149398.0,2024-08-02,FY24 SBIR PHASE I- LUNAR SURFACE EXCAVATION EXCAVATED REGOLITH TRANSPORT
80NSSC24PB304,D&P L.L.C.,149994.0,2024-07-29,FY24 SBIR PHASE I- A GAS-KINETIC RELAXATION SCHEME FOR FAN BROADBAND NOISE PREDICTION
80NSSC24PB305,"DESIGN, ANALYSIS AND RESEARCH CORPORATION",149997.0,2024-07-23,FY24 SBIR PHASE I- OPENAIRFRAME: A FRAMEWORK FOR EVTOL MULTIMODAL DESIGN-SPACE EXPLORATION AND OPTIMIZATION
80NSSC24PB306,"DESIGN, ANALYSIS AND RESEARCH CORPORATION",149988.0,2024-07-17,SBIR PHASE I - QUIET FAN FOR SPACECRAFT CABIN VENTILATION
80NSSC24PB307,DIGITAL OPTICS TECHNOLOGIES INC,166465.0,2024-07-30,ENHANCING SENSITIVITY OF RING LASER GYROSCOPES AND ACCELEROMETERS USING  SLOW-LIGHT AUGMENTED UNBALANCED MACH-ZEHNDER INTERFEROMETRY
80NSSC24PB308,DRAGOON TECHNOLOGY LLC,149572.0,2024-08-01,FY24 SBIR PHASE I- LOW-COST UAS FOR WILDFIRE LOGISTICS AND MANAGEMENT
80NSSC24PB309,DYNOVAS INC,156492.0,2024-08-02,FY24 SBIR PHASE I- BOOM-ENABLED ACTUATING MANIPULATOR (BEAM)
80NSSC24PB310,DYNOVAS INC,156436.0,2024-08-02,FY24 SBIR PHASE I- DYNOVAS ADVANCED PRESSURE RESIN TRANSFER MOLDING (DAP-RTM) FOR LARGE THREE DIMENSIONAL WOVEN PREFORMS
80NSSC24PB311,ENCAPSULATE INC.,156494.0,2024-08-05,FY24 SBIR PHASE I- NVASIVE: UNRAVELING THE ENIGMA OF METASTASIS
80NSSC24PB312,ENSEMBLE SPACE LABS INC,149995.0,2024-07-29,CONTAINERIZED MODELS TO PREDICT IONOSPHERIC SCINTILLATIONS
80NSSC24PB313,ENVENTION LLC,154888.0,2024-08-03,"FY24 SBIR PHASE I- A RESILIENT, VERSATILE, AND FUTURE-PROOF SPACEFLIGHT COPROCESSOR PLATFORM"
80NSSC24PB314,EXQUADRUM INC,156496.0,2024-08-03,FY24 SBIR PHASE I- ZEBRA AEROSPACE ENGINE
80NSSC24PB315,"FARADAY TECHNOLOGY, INC.",156492.0,2024-08-03,FY24 SBIR PHASE I- REUSABLE ELECTROCHEMICALLY ENABLED CO2 SCRUBBER FOR LIFE SUPPORT SYSTEMS
80NSSC24PB316,"FARADAY TECHNOLOGY, INC.",156499.0,2024-08-03,FY24 SBIR PHASE I- MULTILAYERED METAL INSULATION (MLMI) FOR RADIOISOTOPE POWER SYSTEM DESIGNS
80NSSC24PB317,"FIBERTEK, INC.",149643.0,2024-07-31,FY24 SBIR PHASE I- COMPACT LIDAR SPECTROMETER FOR LUNAR SCIENCE AND ISRU
80NSSC24PB318,"FIBERTEK, INC.",149999.0,2024-07-31,FY24 SBIR PHASE I- OPTICAL WIRELESS TECHNOLOGY FOR LUNAR TO MARS
80NSSC24PB319,"FIFTH GAIT TECHNOLOGIES, INC.",149999.0,2024-08-06,FY24 SBIR PHASE I- ENHANCED SYSTEM-LEVEL SINGLE EVENT EFFECTS FOR SPACE WEATHER OPERATIONS
80NSSC24PB320,"FLUXWORKS, INC.",149920.0,2024-08-06,FY24 SBIR PHASE I- COMPACT INTEGRATED SENSING AND CONTROL OF MAGNETIC GEAR FOR END EFFECTORS SUITABLE FOR EXTREME ENVIRONMENTS
80NSSC24PB321,"GIGAEROSPACE, INC.",149917.0,2024-08-03,"FY24 SBIR PHASE I- VERSATILE, LOW-COST, HIGH DELTA-V SMALL SPACECRAFT TRANSFER STAGE"
80NSSC24PB322,"GINER, INC.",156498.0,2024-08-05,"FY24 SBIR PHASE I- HIGH ENERGY DENSITY, FAST DISCHARGE LI-S BATTERIES FOR ELECTRIFIED AIRCRAFT PROPULSION"
80NSSC24PB324,GLOYER-TAYLOR LABORATORIES INC,149995.0,2024-08-01,FY24 SBIR PHASE I- HIGH TEMPERATURE THIN FILM SHM SENSOR
80NSSC24PB325,GOEPPERT LLC,159896.0,2024-07-30,AU-TIO2-AL2O3 NANOCOMPOSITES FOR MULTI-ANALYTE DETECTION AND PLANT HEALTH MONITORING
80NSSC24PB326,"GREEN MOUNTAIN SEMICONDUCTOR, INC.",160000.0,2024-08-06,FY24 SBIR PHASE I- SPIKING NEUROMORPHIC HARDWARE ACCELERATOR WITH RERAM
80NSSC24PB327,GREYCLIFF INDUSTRIES INC,149600.0,2024-07-26,FY24 SBIR PHASE I- CHRP-I: ADDING IMAGERY TO A LOW-COST MULTI-NETWORK / MULTI-PATH HORIZONTAL COMMUNICATIONS COMMUNICATION HUB AND ROUTING PLATFORM
80NSSC24PB328,"HEBI ROBOTICS, INC.",159999.0,2024-08-06,FY24 SBIR PHASE I- SPACE-RATED MODULAR ROBOTIC BUILDING BLOCKS
80NSSC24PB329,HELIOSPACE CORPORATION,148800.0,2024-07-31,FY24 SBIR PHASE I- QUASISTATIC RELEASE MECHANISM
80NSSC24PB330,HELIOSPACE CORPORATION,149053.0,2024-08-05,FY24 SBIR PHASE I- 6 METER ANTENNA AND BOOM SYSTEM FOR CUBESATS
80NSSC24PB331,HOLOCHIP CORP,159999.0,2024-07-31,FY24 SBIR PHASE I- MULTIFOCAL AUGMENTED REALITY VISUAL INFORMATICS SYSTEM
80NSSC24PB332,HYPER TECH RESEARCH INC,149999.0,2024-08-05,FY24 SBIR PHASE I-HIGH POWER DENSITY MOTORS/GENERATORS FOR SINGLE AND DOUBLE AISLE PASSENGER AIRCRAFT USING MULTIFILAMENTARY HIGH PURITY ALUMINUM COILS AT 20K
80NSSC24PB333,ICON TECHNOLOGY INC,140449.0,2024-08-06,FY24 SBIR PHASE I- HELCOW: HIGH ENERGY LASER CAPABLE OF WELDING
80NSSC24PB334,IMPOSSIBLE SENSING LLC,147653.0,2024-08-03,FY24 SBIR PHASE I- ADVANCING SERS: NEXT-LEVEL ORGANIC DETECTION FOR LIFE MISSIONS
80NSSC24PB335,IMPROVING AVIATION LLC,158677.0,2024-08-02,FY24 SBIR PHASE I- TARGET ACQUISITION AND GUIDANCE SYSTEM (TAGS) FOR WILDFIRE RESPONSE
80NSSC24PB336,"INFIBERTECH, CORP",156310.0,2024-08-05,FY24 SBIR PHASE I-MINIATURE HIGH-PERFORMANCE INTEGRATED PHOTONICS IMU
80NSSC24PB337,INNOSENSE CORPORATION,156499.0,2024-07-30,FY24 SBIR PHASE I- ELECTROCHEMICAL DETECTION OF SALTS USING MOF-COMPOSITE ELECTRODES FOR SPACE APPLICATIONS
80NSSC24PB338,INNOVATIVE IMAGING & RESEARCH CORP,150000.0,2024-08-05,FY24 SBIR PHASE I- HAPS DAY NIGHT HYPERSPECTRAL IMAGING DEMONSTRATOR
80NSSC24PB339,INTELLIGENT FIBER OPTIC SYSTEMS CORPORATION,149326.0,2024-08-06,"FY24 SBIR PHASE I- ""ADVANCED HYBRID PHOTONIC BASED FIBER OPTIC SENSOR FOR LUNAR HABITATS """
80NSSC24PB340,INTELLISENSE SYSTEMS INC,156472.0,2024-08-01,FY24 SBIR PHASE I- SENSING WEATHER FOR ADVANCED AIR MOBILITY
80NSSC24PB341,INTELLISENSE SYSTEMS INC,156496.0,2024-08-02,FY24 SBIR PHASE I- SPACEBORNE SCANNING LIDAR SENSOR
80NSSC24PB342,INTELLISENSE SYSTEMS INC,156495.0,2024-08-02,FY24 SBIR PHASE 1 - EXPLORATION EXTRAVEHICULAR MOBILITY UNIT SPACESUIT HEADS-UP DISPLAY
80NSSC24PB343,INTELLISENSE SYSTEMS INC,149990.0,2024-08-03,FY24 SBIR PHASE I- IN-SPACE PORTABLE MULTI-FUNCTIONAL INTELLIGENT EVALUATION TOOL
80NSSC24PB344,INTERDISCIPLINARY CONSULTING CORP,156500.0,2024-08-01,FY24 SBIR PHASE I- HIGH-TEMPERATURE PIEZOELECTRIC MICROPHONES FOR AFT-ENGINE NOISE MEASUREMENT
80NSSC24PB345,INTERDISCIPLINARY CONSULTING CORP,156500.0,2024-08-02,"FY24 SBIR PHASE I- ""WIRELESSLY ACTIVATED REMOTE DAQ FOR SPACE (WARDS)  """
80NSSC24PB346,"INTERLINK ELECTRONICS, INC",149895.0,2024-08-08,FY24 SBIR PHASE I- MULTI-ANALYTE VOC AND STRESSOR SENSING NODE FOR PLANT HEALTH MONITORING
80NSSC24PB347,IO AERONAUTICAL AUTONOMY LABS LLC,149562.0,2024-08-06,"FY24 SBIR PHASE I- TABLETFTS - ADVANCED EFB APPLICATIONS FOR RAPID, LOWCOST, FLIGHT TEST EXECUTION"
80NSSC24PB348,IRPI LLC,149989.0,2024-08-01,FY24 SBIR PHASE I- GRAVITY INDEPENDENT CONDENSING HEAT EXCHANGER
80NSSC24PB349,J2F ENGINEERING,137231.0,2024-08-06,FY24 SBIR PHASE I- DESIGN AND MATERIAL TESTING FOR A SELF-CONTAINED SYSTEM FOR MICROGRAVITY SAMPLE PREPARATION
80NSSC24PB350,"JACKSON BOND ENTERPRISES, LLC",156280.0,2024-08-01,FY24 SBIR PHASE I- HIGH TEMPERATURE INFLATION HOSES AND PORTS FOR NEXT GENERATION INFLATABLE HEAT SHIELDS
80NSSC24PB351,KAYHAN SPACE CORP,149450.0,2024-08-06,FY24 SBIR PHASE I- AUTONOMOUS GNC SOLUTION WITH OPTICAL GEO OBJECT TRACKING
80NSSC24PB352,KITWARE INC,149274.0,2024-08-07,FY24 SBIR PHASE I- ACCELERATING DESIGN OF ML AND AI EXPERIMENTS IN SCIENTIFIC SIMULATION
80NSSC24PB353,KOSTACLOUD INC,159746.0,2024-08-06,FY24 SBIR PHASE I- A PHYSICS-BASED APPROACH TO SOLVING THE NEAR ANGLE SCATTER DILEMMA (FRTS)
80NSSC24PB354,KUDU DYNAMICS LLC,159997.0,2024-08-07,FY24 SBIR PHASE I- LUNATONE
80NSSC24PB355,L5 AUTOMATION INC.,156499.0,2024-08-05,FY24 SBIR PHASE I- AUTONOMOUS PERCEPTION AND MANIPULATION OF CABLES AND FLUID LINES FOR REMOTE INFRASTRUCTURE MAINTENANCE FOR ORBITAL AND LUNAR MISSIONS
80NSSC24PB356,LAMBDA METRICS LLC,149946.0,2024-08-02,FY24 SBIR PHASE I- SERPENTINE INTEGRATED GRATING SPECTROMETER FOR EXTREME PRECISION RADIAL VELOCIMETRY
80NSSC24PB357,LEIDEN MEASUREMENT TECHNOLOGY LLC,156500.0,2024-07-26,"SBIR PHASE I, CHESS: COMPACT HIGH-ENTENDUE SPECTROMETER FOR SPACE"
80NSSC24PB358,"LUNAR RESOURCES, INC.",149999.0,2024-08-02,FY24 SBIR PHASE I- IMMORTAL MOLTEN REGOLITH ELECTROLYSIS ANODE FOR OXYGEN AND METALS EXTRACTION FROM LUNAR REGOLITH (IMMORTAL)
80NSSC24PB359,"LUNAR RESOURCES, INC.",150000.0,2024-08-02,FY24 SBIR PHASE I- LUNAR JOINING OF ELEMENTARY STRUCTURES (LUJES)
80NSSC24PB360,LYNNTECH INC.,149996.0,2024-08-19,FY24 SBIR PHASE I- HIGH-THROUGHPUT LIVE CELL SENESCENCE COUNTERMEASURE SCREENING PLATFORM
80NSSC24PB361,LYNNTECH INC.,149998.0,2024-08-19,FY24 SBIR PHASE I- ON-DEMAND NOVEL ELECTROCHEMICAL DEVICE FOR WASTEWATER RECLAMATION
80NSSC24PB362,LYNNTECH INC.,149961.0,2024-08-19,FY24 SBIR PHASE I-ASTERIA
80NSSC24PB363,LYNNTECH INC.,149462.0,2024-08-19,FY24 SBIR PHASE I- ELECTROCHEMICAL PUMPS FOR RFCS
80NSSC24PB364,LYNNTECH INC.,149965.0,2024-08-19,FY24 SBIR PHASE I- METAL ALLOY CRYOGENIC INTERFACE SEAL
80NSSC24PB365,"M4 ENGINEERING, INC.",149989.0,2024-07-25,FY24 SBIR PHASE I- UAM DESIGN SPACE EXPLORATION FRAMEWORK WITH EMBEDDED VERSION CONTROL
80NSSC24PB366,"MAGNOLIA OPTICAL TECHNOLOGIES, INC.",149999.0,2024-08-06,FY24 SBIR PHASE I- HIGH-SENSITIVITY UV SOLID-STATE PHOTON-COUNTING DEVICES AND ARRAYS
80NSSC24PB367,"MAGPLASMA, INC.",148252.0,2024-07-29,FY24 SBIR PHASE I- COLD PLASMA STERILIZATION FOR CONTAMINATION CONTROL
80NSSC24PB368,MAINSTREAM ENGINEERING CORP,149364.0,2024-07-30,FY24 SBIR PHASE I- TOROIDAL SPACECRAFT VENTILATION FAN
80NSSC24PB369,MATERIALS MODIFICATIONS INC,155925.0,2024-08-02,FY24 SBIR PHASE I-CERAMIC COMPOSITE NANOFIBER AEROGEL INSULATION FOR EVA SUITS
80NSSC24PB370,"MAX SPACE, INC",149607.0,2024-07-22,FY24 SBIR PHASE I- MULTISENSE: A MULTIPLEX STRUCTURAL HEALTH MONITORING SYSTEM FOR SOFTGOOD ARCHITECTURES' RESTRAINT LAYER TO MONITOR CREEP & STRAIN
80NSSC24PB371,"MELATECH, L.L.C.",150000.0,2024-07-23,FY24 SBIR PHASE I- MELANIN COMPOSITES FOR RADIATION HARDENING AND THERMAL MANAGEMENT
80NSSC24PB372,"METROLASER, INCORPORATED",156425.0,2024-08-02,FY24 SBIR PHASE I-LASER-INDUCED INCANDESCENCE SENSOR FOR SOOT PARTICLE SIZE AND CONCENTRATION
80NSSC24PB373,"METROLASER, INCORPORATED",156419.0,2024-08-02,FY24 SBIR PHASE I- NONINTRUSIVE DIAGNOSIS OF EJECTA CLOUD FROM PLUME SURFACE INTERACTIONS USING HIGH-SPEED DIGITAL HOLOGRAPHY
80NSSC24PB374,"MIDGARD AI, INC.",149890.0,2024-07-31,FY24 SBIR PHASE I- HIGHLY PHOTOREALISTIC PROGRAMMABLE 3D WORLDS
80NSSC24PB375,MILLER SCIENTIFIC INCORPORATED,131500.0,2024-08-06,"FY24 SBIR PHASE I- ADVANCED THERMAL PROTECTION SYSTEM (TPS) TO REDUCE MASS, STOWED VOLUME AND COST OF INFLATABLE STRUCTURES"
80NSSC24PB376,MIZAR THERAPEUTICS INC.,155536.0,2024-08-05,FY24 SBIR PHASE I- MIZAR S/TAR HIGH-THROUGHPUT PLATFORM FOR IDENTIFICATION OF SENESCENCE ALTERING THERAPEUTICS
80NSSC24PB377,MOONPRINT SOLUTIONS LLC,149890.0,2024-07-30,FY24 SBIR PHASE I- SPACE SUIT MATERIALS FOR USE IN CRYOGENIC COLD
80NSSC24PB378,MOONPRINT SOLUTIONS LLC,149901.0,2024-07-30,FY24 SBIR PHASE I- 50KW PNEUMATIC RELOCATABLE SOLAR ARRAY (PRSA)
80NSSC24PB379,MOONPRINT SOLUTIONS LLC,149838.0,2024-07-30,FY24 SBIR PHASE I- FLEXIBLE LUNAR ROBOTICS/ROVER DUST MITIGATION COVERS
80NSSC24PB380,"MOSAIC ATM, INC.",166481.0,2024-08-05,FY24 SBIR PHASE I- NEXTGEN INCIDENT RESPONSE COMMUNICATION SYSTEM
80NSSC24PB381,"MOTIV SPACE SYSTEMS, INC.",149719.0,2024-07-16,"SBIR PHASE I, ROBOTIC ACTUATORS FOR CRYOGENIC ENVIRONMENTS (RACE)"
80NSSC24PB382,"MOTIV SPACE SYSTEMS, INC.",149294.0,2024-07-16,"SBIR PHASE I, SAFE PERSISTENT OPERATIONS WITH COBOTS IN SPACE (SPOCS)"
80NSSC24PB383,NABLA ZERO LABS,149224.0,2024-07-26,FY24 SBIR PHASE I - MISSFIT: STATISTICAL MULTI-EVENT MISSED-THRUST OPTIMIZATION FOR LOW-THRUST TRAJECTORIES
80NSSC24PB384,"NALU SCIENTIFIC, LLC",156498.0,2024-07-30,SBIR PHASE I (COSMOS) COMPACT STANDOFF BIOMOLECULAR OBSERVATION SYSTEM
80NSSC24PB385,NANOSONIC INC.,150000.0,2024-07-29,FY24 SBIR PHASE I- RADIATION SHIELDING FOR SPACE ELECTRONICS IN SEVERE ENVIRONMENTS
80NSSC24PB387,NEOSKYE INC,149715.0,2024-07-29,FY24 SBIR PHASE 1 - S17.03 - FAULT MANAGEMENT TECHNOLOGIES
80NSSC24PB388,NOU SYSTEMS INC,156029.0,2024-08-01,FY24 SBIR PHASE I- AMMONIX: LOW-COST SMALLSAT END-OF-LIFE MANAGEMENT DEORBITING STAGE
80NSSC24PB389,"N.P. PHOTONICS, INC.",149999.0,2024-08-03,FY24 SBIR PHASE I- SPACE-QUALIFIED SINGLE-FREQUENCY BLUE LASERS FOR OPTICAL ATOMIC CLOCKS
80NSSC24PB390,"OFF-WORLD, INC.",149493.0,2024-08-01,FY24 SBIR PHASE I- PLUG & PLAY MODULAR ROBOTIC MINING SYSTEM
80NSSC24PB391,"OPTERUS RESEARCH AND DEVELOPMENT, INC",155155.0,2024-07-30,FY24 SBIR PHASE I-  DEPLOYABLE AND/OR STEERABLE APERTURE TECHNOLOGIES
80NSSC24PB392,"OPTERUS RESEARCH AND DEVELOPMENT, INC",155268.0,2024-07-30,FY24 SBIR PHASE I-  ADVANCED DEPLOYABLE/INFLATABLE ANTENNA APERTURES AT FREQUENCIES UP TO MILLIMETER-WAVE
80NSSC24PB393,OPTO-ATOMICS CORP,149984.0,2024-08-01,FY24 SBIR PHASE I- DEPLOYABLE MINI-ASTROCOMB
80NSSC24PB394,OPTOWARES INC,149997.0,2024-07-23,FY24 SBIR PHASE I- AMBIENT PRESSURE-DRIED ORMOSIL HYBRID AEROGEL COMPOSITE BLANKETS FOR ADVANCED SPACE SUIT INSULATION
80NSSC24PB395,ORBOTIC SYSTEMS INC,149983.0,2024-07-29,FY24 SBIR PHASE I- RIDDANCE: REMOVAL OF IRREGULAR DEBRIS USING DOUBLE ASSISTED NETS WITH CONTROLLED ENHANCEMENT
80NSSC24PB396,OSEMI INC,160000.0,2024-08-02,FY24 SBIR PHASE I- CUBIC BORON NITRIDE DIODES AND TRANSISTORS
80NSSC24PB397,"OSMOPURE TECHNOLOGIES, INC",155974.0,2024-07-30,"FY24 SBIR PHASE I- RELIABLE, SIMPLE, AND LIGHTWEIGHT WATER RECYCLING USING PRESSURE-DRIVEN DISTILLATION"
80NSSC24PB398,PACIFIC MICROCHIP CORP.,149994.0,2024-08-01,FY24 SBIR PHASE I- AN ULTRA-FAST SAMPLING ADC ASIC INTERFACING WITH FPGAS
80NSSC24PB399,PACIFIC MICROCHIP CORP.,149987.0,2024-08-01,FY24 SBIR PHASE I- A CRYOGENIC SPECTROMETER ASIC
80NSSC24PB400,"PARABILIS SPACE TECHNOLOGIES, INC.",149981.0,2024-07-17,SBIR PHASE I ACOUSTIC FLUID MANAGEMENT DEVICE
80NSSC24PB401,"PARATOOLS, INC",149999.0,2024-07-24,FY24 SBIR PHASE I- SALT-FM: SOURCE ANALYSIS TOOLKIT FOR FORTRAN AND MIXED-LANGUAGE SOFTWARE
80NSSC24PB402,"UNITED SEMICONDUCTORS, LLC",149998.0,2024-08-02,FY24 SBIR PHASE I- PHYSICAL VAPOR DEPOSITION REACTOR DESIGN AND VALIDATION FOR IN-SPACE MANUFACTURING OF ALUMINUM NITRIDE SINGLE CRYSTALS
80NSSC24PB403,PHASE III PHYSICS LLC,149999.0,2024-08-01,FY24 SBIR PHASE I- SOLAR UPDATE NEURAL NETWORK FOR IMPROVED EVENT PREDICTION (SUNNIE)
80NSSC24PB404,LAIRSON BRUCE,149840.0,2024-08-03,FY24 SBIR PHASE I- LARGE SILICON CARBIDE GRIDS FOR X-RAY MICROCALORIMETER BLOCKING FILTERS
80NSSC24PB405,"PHOTONIC CLEANING TECHNOLOGIES, LLC",149956.0,2024-08-07,"SBIR PHASE I - POLYMER BARRIER, PROTECTION AND CLEANING FOR UVOIR AND X-RAY MIRRORS"
80NSSC24PB406,PHYSICAL SCIENCES INC.,149995.0,2024-08-06,FY24 SBIR PHASE I- HIGH ENERGY DENSITY NEXT-GENERATION BATTERIES FOR LUNAR/MARS SURFACE MISSIONS
80NSSC24PB407,PICKNIK INC.,149904.0,2024-08-05,FY24 SBIR PHASE I- LUNAR AUTONOMY ENABLED BY SIMULTANEOUS LOCALIZATION AND MAPPING FOR SPACE
80NSSC24PB408,PICKNIK INC.,149974.0,2024-07-31,FY24 SBIR PHASE I- LONG RANGE NAVIGATION CAPABILITIES FOR AUTONOMOUS MOBILE MANIPULATION
80NSSC24PB409,PICKNIK INC.,149974.0,2024-08-01,FY24 SBIR PHASE I- ACCELERATING SPACE ROBOT OPERATING SYSTEM FOR A SUSTAINABLE LUNAR FUTURE
80NSSC24PB410,PLASMONICS INC,149401.0,2024-08-06,FY24 SBIR PHASE I- FLEXIBLE VARIABLE EMISSION MATERIAL
80NSSC24PB411,POLARONYX INC,149966.0,2024-07-25,FY24 SBIR PHASE I - BIOMIMETIC ZERO CTE LIGHTWEIGHT OPTICAL STRUCTURES
80NSSC24PB412,"PRECISION COMBUSTION, INC.",149539.0,2024-08-03,FY24 SBIR PHASE I- EFFICIENT AND SUSTAINABLE PARADIGM FOR MW-HR. ELECTRIC PROPULSION (ESP FOR MEP)
80NSSC24PB413,PREDICTIVE SCIENCE INCORPORATED,149362.0,2024-07-25,FY24 SBIR PHASE I- AN ADVANCED SURFACE FLUX TRANSPORT MODEL FOR SPACE WEATHER
80NSSC24PB414,PRINCETON INFRARED TECHNOLOGIES INC,149867.0,2024-08-03,FY24 SBIR PHASE I- HIGH DYNAMIC RANGE VISIBLE/SWIR IMAGING ARRAYS USING DROICS AND WAFER SCALE HYBRIDIZATION
80NSSC24PB415,"PROTOINNOVATIONS, LLC",149882.0,2024-07-25,FY24 SBIR PHASE I- MODULAR SOFTWARE ARCHITECTURE AND ALGORITHMS FOR FAST AND EFFICIENT LUNAR MOBILITY (M-SAFE)
80NSSC24PB416,"PROTOINNOVATIONS, LLC",149079.0,2024-07-26,FY24 SBIR PHASE I - SET PARTITIONING FRAMEWORK FOR IDENTIFYING LRUS WITH BUILT-IN DIAGNOSTICS
80NSSC24PB417,QMAGIQ LLC,149994.0,2024-08-06,FY24 SBIR PHASE I- TECHNIQUES TO IMPROVE THE QUANTUM EFFICIENCY OF LWIR SLS FPAS
80NSSC24PB418,QORTEK INC,150000.0,2024-08-03,SBIR PHASE I - DYNAMIC POWER CONVERSION
80NSSC24PB419,QUADRUS CORPORATION,150000.0,2024-08-06,FY24 SBIR PHASE I- OPTIMIZED AND LIGHTWEIGHT ROTATING DETONATION ROCKET ENGINE
80NSSC24PB420,"QUALTECH SYSTEMS, INC.",149518.0,2024-07-12,FY24 SBIR PHASE I - FAULT MANAGEMENT ARCHITECTURE FOR DISTRIBUTED SYSTEMS
80NSSC24PB421,QUANTCAD LLC,166440.0,2024-07-18,SBIR PHASE I - ALL-OPTICAL MAGNETOMETER FOR EXTREME LOW-TEMPERATURE ENVIRONMENTS USING NITROGEN-VACANCY CENTER IN DIAMONDS
80NSSC24PB422,"QUINSTAR TECHNOLOGY, INCORPORATED",148718.0,2024-08-03,SBIR PHASE I - HIGH LINEARITY V-BAND LOW NOISE AMPLIFIER
80NSSC24PB423,RATIONAL CYPHY INC,149730.0,2024-08-06,FY24 SBIR PHASE I- SKYAID: A SAFE AUTONOMY INFRASTRUCTURE FOR DISASTER RESPONSE
80NSSC24PB424,"REACTION SYSTEMS, INC.",149710.0,2024-07-29,SBIR PHASE I - LONG DURATION PLSS
80NSSC24PB425,"REDONDO OPTICS, INC.",152840.0,2024-08-07,SBIR PHASE I - INFLATABLE HABITAT STRUCTURE HEALTH MONITORING SYSTEM
80NSSC24PB426,RELATIVE DYNAMICS INC,149909.0,2024-08-03,SBIR PHASE I - BALLOON LASERCOM TERMINAL
80NSSC24PB428,RESEARCH INSTRUMENTS CORPORATION,149671.0,2024-08-06,SBIR PHASE I - RESOLUTION NDE WITH X-RAY IMAGING AND COMPUTED
80NSSC24PB429,RIKARBON INC,156499.0,2024-07-30,SBIR  PHASE I - SUSTAINABLE AVIATION FUELS FROM AGRICULTURE WASTE
80NSSC24PB430,"ROBUST ANALYTICS, INC.",156471.0,2024-07-26,FY24 SBIR PHASE I- MONITOR AND FORECAST SYSTEM FOR AIRPORT AND NETWORK OPERATIONAL RISK
80NSSC24PB431,"ROBUST ANALYTICS, INC.",156478.0,2024-07-30,FY24 SBIR PHASE I- SURFACE ANOMALY AND INTENT FORECAST SYSTEM
80NSSC24PB432,ROGO FIRE LLC,165538.0,2024-08-13,"FLY24 SBIR PHASE I- GAS ON FIRE (GUIDED, ACCURATE SLURRY DROPS ON FIRE)"
80NSSC24PB433,ROGUE SPACE SYSTEMS CORP,149728.0,2024-07-25,FY24 SBIR PHASE I- ARCHITECTURE FOR SPACE TRUSTED RESPONSIVE AUTONOMY (ASTRA)
80NSSC24PB434,RUNE AERO INC.,159795.0,2024-08-02,FY24 SBIR PHASE I- SAF-COMPATIBLE HYBRID-ELECTRIC PROPULSION FOR A FIXED-WIND AIRCRAFT
80NSSC24PB435,RYDBERG TECHNOLOGIES INC,156488.0,2024-08-03,FY24 SBIR PHASE I- RYDBERG FIELD PROBES FOR QRR IN AIRBORNE APPLICATIONS
80NSSC24PB436,"SAAZ MICRO, INC.",149187.0,2024-08-02,FY24 SBIR PHASE I- ALOHA - ADAPTIVE LARGE-CAPACITY OPTICAL-INFRARED HIGH-DYNAMIC-RANGE ARRAY
80NSSC24PB437,SECMATION LLC,156352.0,2024-08-07,FY24 SBIR PHASE I- RESILIENT REAL-TIME REASONING RISC-V ROBOTIC OPERATING SYSTEM (R5OS)
80NSSC24PB438,SENSEICS CORPORATION,159631.0,2024-07-29,SBIR - PHAS I EXTREMELY LOW SWAP
80NSSC24PB439,"SEQUOIA SCIENTIFIC, INC",149614.0,2024-08-06,FY24 SBIR PHASE I- IN-SITU HYPERSPECTRAL TRANSMISSOMETER FOR OCEAN IOP CLOSURE
80NSSC24PB440,"SKYVISION SCIENCES, LLC",149998.0,2024-07-23,PRODUCTION OF MAGNETIC CORE MATERIALS FOR FLUX-GATE MAGNETOMETERS
80NSSC24PB441,SOLID MATERIAL SOLUTIONS LLC,150000.0,2024-07-22,SUPERCONDUCTING COIL OPERATING AT TEMPERATURES ABOVE 15K FOR ADR INSTRUMENTS
80NSSC24PB442,SOUTHWEST SCIENCES INC,149983.0,2024-07-30,"FY24 SBIR PHASE I- HIGH SPEED MEASUREMENTS OF VELOCITY, TEMPERATURE AND WATER CONTENT IN HYPERSONIC FLOWS"
80NSSC24PB443,"SPACE ENVIRONMENT TECHNOLOGIES, LLC",149997.0,2024-07-19,SBIR PHASE I - COMMERCIAL DATA ASSIMILATION TOOL FOR OPERATIONAL THERMOSPHERIC DENSITY
80NSSC24PB445,"SPACE LAB TECHNOLOGIES, LLC",156489.0,2024-08-01,FY24 SBIR PHASE I- ECOMINE KREEP BIOREGENERATIVE RARE EARTH ELEMENT MINING FROM LUNAR MARE REGOLITH
80NSSC24PB446,"SPACE LAB TECHNOLOGIES, LLC",156495.0,2024-08-01,FY24 SBIR PHASE I- AN EFFICIENT FREEZE TOLERANT RADIATOR FOR SINGLE-PHASE ACTIVE THERMAL CONTROL SYSTEMS
80NSSC24PB447,SPACEWORKS ENTERPRISES INC,149936.0,2024-07-30,FY24 SBIR PHASE I- 6-DEGREE-OF-FREEDOM MULTI-FIDELITY CLOSED-LOOP TRAJECTORY TOOL
80NSSC24PB448,SPATIAM CORPORATION,149805.0,2024-07-26,SBIR PHASE I - SPATIAM DTN NETWORK FUNCTION FOR 3GPP LUNAR SYSTEM
80NSSC24PB449,SPECTRAL ENERGIES LLC,149861.0,2024-07-29,"FY24 SBIR PHASE I- SIMULTANEOUS VELOCIMETRY, THERMOMETRY, AND CHEMICAL SPECIES MEASUREMENTS FOR HIGH-ENTHALPY FLOWS"
80NSSC24PB450,SPECTRAL ENERGIES LLC,147390.0,2024-07-29,FY24 SBIR PHASE I- A PORTABLE MULTI-RESOLUTION HOLOGRAPHIC PARTICLE IMAGING SYSTEM TO IMPROVE AWARENESS OF ICING POTENTIAL FOR AAM OPERATION
80NSSC24PB451,"SPECTRAL SCIENCES, INC",156498.0,2024-07-25,"HIGH-ALTITUDE, LONG-ENDURANCE, VISIBLE THROUGH EXTENDED SWIR HYPERSPECTRAL IMAGING FOR EARTH SCIENCES"
80NSSC24PB452,"SPECTRAL SENSOR SOLUTIONS, LLC",149998.0,2024-07-24,SBIR PHASE I - CO2 AIRBORNE LIDAR ENABLING SCIENCE FOR CARBON EFFICIENTLY (COALESCE)
80NSSC24PB453,"SPECTRAL SCIENCES, INC",149186.0,2024-07-31,"FY24 SBIR PHASE I- HIGH-ALTITUDE, LONG-ENDURANCE, VISIBLE THROUGH EXTENDED SWIR HYPERSPECTRAL IMAGING FOR EARTH SCIENCES"
80NSSC24PB454,"STOTTLER HENKE ASSOCIATES, INC",149995.0,2024-07-31,FY24 SBIR PHASE I- DISASTER AUTONOMOUS AERIAL RESPONSE TECHNOLOGY
80NSSC24PB455,"STOTTLER HENKE ASSOCIATES, INC",149995.0,2024-08-01,FY24 SBIR PHASE I- MULTIPLE ROVER EFFICIENT AUTOMATED MAPPING
80NSSC24PB456,"STRATTON PARK ENGINEERING CO., INC.",149709.0,2024-08-01,"FY24 SBIR PHASE I- A COMPACT, LOW-COST, MULTI-ANGLE, MULTI-SPECTRAL IMAGER (CMAS) FOR  AIRBORNE, SPACEBORNE AND SURFACE-BASED OBSERVATIONS"
80NSSC24PB457,SWIFT ENGINEERING INC.,148084.0,2024-08-07,FAY24 SBIR PHASE I- SWIFT ULTRA LONG ENDURANCE (SULE) HIGH-ALTITUDE PLATFORM SYSTEMS (HAPS) CAPABILITY DEMONSTRATION
80NSSC24PB458,"TANGRAM ROBOTICS, INC.",143264.0,2024-08-01,"FY24 SBIR PHASE I- A LOW-POWER, HIGH-DYNAMIC RANGE SENSOR SYSTEM FOR LONG-TERM AUTONOMY, NAVIGATION, AND MAPPING ON THE LUNAR SURFACE"
80NSSC24PB459,"TDA RESEARCH, INC.",149985.0,2024-08-05,FY24 SBIR PHASE I- SENSORS FOR PRECISION AGRICULTURE AND CROP MANAGEMENT DECISIONS
80NSSC24PB460,"TDA RESEARCH, INC.",144084.0,2024-08-05,FY24 SBIR PHASE I- LUNAR SURFACE SECONDARY BATTERY MODULES FOR CONTINUOUS DAY/NIGHT OPERATION
80NSSC24PB461,"TEXAS RESEARCH INSTITUTE , AUSTIN, INC.",149992.0,2024-08-05,FYL24 SBIR PHASE I- ACTIVE MICROWAVE THERMOGRAPHY PROTOTYPE DEVELOPMENT FOR USE AS AN IN-SPACE NONDESTRUCTIVE EVALUATION TOOL
80NSSC24PB462,THE BELMONT GROUP INC,148696.0,2024-07-30,FY24 SBIR PHASE I- PLACEHOLDER
80NSSC24PB463,THE ENABLED MANUFACTURING LLC,166499.0,2024-07-15,FY24 SBIR PHASE I - DEVELOPMENT OF A MULTIFUNCTIONAL SOLIDSTIR MANUFACTURING TECHNOLOGY FOR LUNAR INFRASTRUCTURE
80NSSC24PB464,"THE INNOVATION LABORATORY, INC.",149907.0,2024-07-27,FY24 SBIR PHASE I- TURBULENCE-IMPACT COLLABORATIVE RESPONSE SYSTEM
80NSSC24PB465,"THE LONGBOW GROUP, LLC",149198.0,2024-07-26,FY24 SBIR PHASE I- SERVICES FOR ONGOING ASSESSMENT OF RISK (SOAR)
80NSSC24PB466,THERMAVANT TECHNOLOGIES LLC,156401.0,2024-07-15,FY24 SBIR PHASE I - HIGH TEMPERATURE OSCILLATING HEAT PIPE RADIATOR
80NSSC24PB467,TIETRONIX SOFTWARE INC,149973.0,2024-07-22,FY24 SBIR PHASE I- RAPID GENERATION OF SYSML MODELS USING NLP/LLM
80NSSC24PB468,TMC TECHNOLOGIES OF WEST VIRGINIA CORP,150000.0,2024-07-25,FY24 SBIR PHASE I- ADVANCING THE SMALLSAT DIGITAL TWIN (SSDT) FOR ACTIVE DEBRIS REMOVAL SIMULATIONS
80NSSC24PB469,TRACLABS INC.,148114.0,2024-08-05,FY24 SBIR PHASE I- EASING THE DEVELOPMENT OF ROBOT APPLICATIONS FOR SPACE MISSIONS
80NSSC24PB470,"TRUSPIN NANOMATERIAL INNOVATION, INC",148432.0,2024-07-26,FY24- IN-SPACE PRODUCTION OF DACARBAZINE LOADED NANOFIBERS FOR CANCER TREATMENT
80NSSC24PB471,"TRUWEATHER SOLUTIONS, INC",149989.0,2024-07-30,FY24 SBIR PHASE I- REAL-TIME DETECTION OF LOW ALTITUDE ICING CONDITIONS
80NSSC24PB473,UMPQUA RESEARCH COMPANY,149804.0,2024-07-28,FY24 SBIR PHASE I- PHOTOCATALYTIC WATER RECYCLING FOR SHORT DURATION MISSIONS
80NSSC24PB474,VENUS AEROSPACE CORP.,155908.0,2024-07-26,FY24 SBIR PHASE I- VENUS AEROSPACE ROTATING DETONATION NOZZLE DEVELOPMENT
80NSSC24PB475,VESCENT TECHNOLOGIES INC.,149849.0,2024-07-30,COMPACT OPTICAL CAVITIES FOR QUANTUM PHOTONICS AND INTEGRATED TIMING SOLUTIONS (COCQPITS)
80NSSC24PB476,"VIRGINIA DIODES, INC.",150000.0,2024-07-29,FY24 SBIR PHASE I- NOISE SOURCES FOR 0.1 - 1.0 THZ
80NSSC24PB477,"VIRGINIA DIODES, INC.",150000.0,2024-07-30,FY24 SBIR PHASE I- THZ LO SOURCES FOR HELIOPHYSICS
80NSSC24PB478,VISTAR ENTERPRISES LLC,149964.0,2024-07-30,FY24 SBIR PHASE I- ADVANCED COMPOSITE DESIGN OF ORIGAMI INSPIRED DEPLOYABLE METAOPTIC LIDAR APERTURE
80NSSC24PB479,VOLCANO PLATFORMS INC,149920.0,2024-07-26,FY24 SBIR PHASE I- PREDICTIVE LOW-COST LARGE EDDY SIMULATION CAPABILITY FOR FAN AND OPEN ROTOR NOISE
80NSSC24PB480,"WECOSO, INC.",149179.0,2024-07-29,MULTI-CHANNEL STIRLING CONVERTOR SPACE CONTROLLER (MC-SCSC)
80NSSC24PB481,"WECOSO, INC.",148949.0,2024-07-29,SUB-10K HIGH EFFICIENCY STIRLING/PULSE TUBE HYBRID CRYOCOOLER
80NSSC24PB482,WHISPER AERO INC,150000.0,2024-08-07,DESIGN OF AN ULTRA-LOW NOISE VENTILATION FAN FOR SPACE APPLICATIONS
80NSSC24PB483,XANALYTIX SYSTEMS LLC,149431.0,2024-07-31,ADVANCED TECHNIQUES FOR TRAJECTORY DESIGN AND OPTIMIZATION
80NSSC24PB484,X-BYTE RESEARCH LLC,149584.0,2024-07-31,MIO: TAILORING MULTI-LEVEL DECOMPOSITION FOR STORAGE I/O FOR COMPUTATIONAL APPLICATIONS
80NSSC24PB485,"X-WAVE INNOVATIONS, INC.",131500.0,2024-07-25,AN ADJACENT INDUCTIVE COIL SENSOR (AICS) SYSTEM FOR STRUCTURAL HEALTH MONITORING OF THE RESTRAINT LAYER
80NSSC24PB486,"YANK TECHNOLOGIES, INC.",149987.0,2024-08-01,FY24 SBIR PHASE I- WIRELESS POWER RECEIVER CONVERTER SYSTEMS
80NSSC24PB487,"YANK TECHNOLOGIES, INC.",149992.0,2024-08-01,FY24 SBIR PHASE I- RESONANT TRANSFORMER CONNECTORS FOR HIGH VOLTAGE TRANSMISSION LINES
80NSSC24PB488,ZANDEF DEKSIT INC.,149966.0,2024-08-05,FY24 SBIR PHASE I- ADVANCING EXOCAM 360 VIDEO TECHNOLOGY VIA IN SITU VACUUM CHAMBER TEST RELEVANT TO LUNAR PLUME SURFACE INTERACTION
80NSSC24PB489,"WILLIAMSON & WILMER, INCORPORATED",13366.0,2024-06-17,OT : CHAIN HOIST AND MOTORIZED TROLLEY
80NSSC24PB490,THE MITRE CORPORATION,150000.0,2024-06-11,GLOBAL NAVIGATION SATELLITE SYSTEM STUDY FOR IMPROVED PERFORMANCE
80NSSC24PB491,UNITED ELECTRONIC INDUSTRIES INC,18460.0,2024-06-11,UEI INPUT BOARDS & ACQUISITION & CONTROL RACK
80NSSC24PB492,OXY-GON INDUSTRIES INC,16425.0,2024-06-11,FIELD SERVICE INSTALLATION AND TRAINING FOR OXY-GON FURNACE
80NSSC24PB493,DS GOVERNMENT SOLUTIONS CORP,140413.0,2024-06-12,SW - ABAQUS
80NSSC24PB494,"A & P TECHNOLOGY, INC.",20000.0,2024-06-11,MANUFACTURING OF CARBON FIBER SHAFT FOR RVLT PROJECT
80NSSC24PB495,WICHITA STATE UNIVERSITY,244416.0,2024-06-16,PLAN AND FABRICATE TRUSS ELEMENTS
80NSSC24PB496,LIGHT INTEGRATION TECHNOLOGIES LLC,149993.0,2024-08-28,"FY24 SBIR PHASE I- A LOW SWAP-C, NARROW-BANDWIDTH, AND HIGH-CHANNEL-DENSITY RF PHOTONIC INTEGRATED CHANNELIZER BASED ON SERIAL ARRAYED WAVEGUIDE GRATINGS AND LIQUID CRYSTAL PHASE MODULATORS"
80NSSC24PB497,NANOHMICS INC,156495.0,2024-08-05,FY24 SBIR PHASE I- QUANTUM LIGHT SOURCES FROM VDW ULTRATHIN NIOBIUM OXYHALIDE CRYSTALS
80NSSC24PB498,"NEXUS PHOTONICS, INC",149985.0,2024-08-03,FY24 SBIR PHASE I- III/V NONLINEAR SOURCES FOR ENTANGLEMENT AND SQUEEZING
80NSSC24PB499,OMNITEK PARTNERS LLC,149992.0,2024-08-01,24 SBIR PHASE I-- HIGH-FREQUENCY AC HEATING OF BATTERIES IN EXTREME COLD ENVIRONMENTS
80NSSC24PB500,OPTO-ATOMICS CORP,149974.0,2024-08-03,FY24 SBIR PHASE I- ULTRA-NARROW BANDPASS FILTER
80NSSC24PB501,"OPTOXENSE, INC.",149793.0,2024-07-31,FY24 SBIR PHASE I- SUBSCALE EVTOL TESTBED FOR SAFETY CRITICAL SOFTWARE DEVELOPMENT AND SCALABILITY RESEARCH (SETTER)
80NSSC24PB502,OXEON ENERGY LLC,149996.0,2024-08-01,"FY24 SBIR PHASE I- EFFICIENT, HIGH PERFORMANCE SOLID OXIDE ELECTROLYSIS CELL FOR HYDROGEN PRODUCTION"
80NSSC24PB503,PHYSICAL SCIENCES INC.,149986.0,2024-08-03,FY24 SBIR PHASE I- QUANTUM-ENTANGLED SPECTROMETER USING INFRA-RED INTERFERENCE TECHNOLOGY: Q-SPIRIT
80NSSC24PB504,PHYSICAL SCIENCES INC.,149842.0,2024-08-06,"FY24 SBIR PHASE I ADAPTIVE SAMPLING LIDAR FOR HIGH SPEED, HIGH RESOLUTION HAZARD DETECTION"
80NSSC24PB505,PLUS DESIGNS INC,149975.0,2024-08-07,FY24 SBIR PHASE I-INNOVATIVE DESIGN SOLUTIONS ENABLING REFRACTORY MATERIALS FOR DETONATION ENGINES
80NSSC24PB506,QUADRUS CORPORATION,150000.0,2024-08-05,"FY24 SBIR PHASE I- NEXT-GENERATION ENABLING, EXTREME TEMPERATURE RDRE"
80NSSC24PB507,"RHEA SPACE ACTIVITY, INC.",149912.0,2024-07-31,FY24 SBIR PHASE I- LITPHAM: LOW ILLUMINATION PLANETARY HAZARD AVOIDANCE AND MAPPING
80NSSC24PB508,RNET TECHNOLOGIES INC,149990.0,2024-08-01,FY24 SBIR PHASE I- AUTONOMOUS STORM TRACKING AND CONTROL FOR SPACE BASED LIGHTNING SENSORS
80NSSC24PB509,SLATE GEOTECHNICAL CONSULTANTS INC,150000.0,2024-08-14,FY24 SBIR PHASE I- FOUNDATION DESIGN AND SEISMIC PROTECTION OF LUNAR INFRASTRUCTURE UTILIZING BULK REGOLITH
80NSSC24PB510,SOLID ENERGIES INC,173129.0,2024-08-01,"FY24 SBIR PHASE I- ADVANCED LOW-TEMPERATURE CAPABLE POLYMER COMPOSITE ELECTROLYTE, SEMI SOLID-STATE BATTERY"
80NSSC24PB511,"SPACE LAB TECHNOLOGIES, LLC",156431.0,2024-08-01,FY24 SBIR PHASE I- SOSH A SENSOR OPTIMIZATION FOR SPACE HABITAT AWARENESS
80NSSC24PB512,SPECTRAL ENERGIES LLC,149544.0,2024-07-29,FY24 SBIR PHASE I- MULTI-PARAMETER MEASUREMENTS FOR THERMAL SHOCK AND THERMO-MECHANICAL LOADING IN RDRES
80NSSC24PB513,SPECTRAL ENERGIES LLC,149815.0,2024-07-29,FY24 SBIR PHASE I- IOT-INSPIRED WIRELESS SENSOR NETWORKS FOR GROUND AND FLIGHT TEST INSTRUMENTATION
80NSSC24PB514,TIETRONIX SOFTWARE INC,149993.0,2024-07-18,FY24 PHASE I- OPERATIONALLY MODULATING NEUROPHYSIOLOGICAL INTERFACE FOR EXTENDED REALITY (OMNI COG XR)
80NSSC24PB515,TRL11 INC,148519.0,2024-07-31,FY24 SBIR PHASE I- ADAPTIVE IMAGING SOFTWARE FOR OPTIMIZED DETECTION AND TRACKING OF THUNDERSTORMS FROM LEO
80NSSC24PB516,"WECOSO, INC.",149022.0,2024-07-29,RECHARGEABLE BATTERIES FOR IMPROVED LOW-TEMPERATURE PERFORMANCE BASED ON ALLOY ANODES
80NSSC24PB517,"X-WAVE INNOVATIONS, INC.",149999.0,2024-08-01,"A WIRELESS, EMBEDDED SENSOR SYSTEM FOR ROCKET PROPULSION TEST APPLICATIONS ENVIRONMENT"
80NSSC24PB518,DOUGLAS ELECTRICAL COMPONENTS INC,13260.0,2024-06-11,"ELECTRICAL FEEDTHROUGHS FOR POWER, VOLTAGE, AND THERMOCOUPLES"
80NSSC24PB519,MONUMENT CHEMICAL HOUSTON LLC,24090.0,2024-06-11,PURCHASE JP-10 AVIATION FUEL
80NSSC24PB520,LIGHTWAVE CONSULTING LTD,18950.0,2024-06-17,FEMTOSECOND LASER WRITTEN FIBER BRAGG GRATINGS
80NSSC24PB522,"SIENNA TECHNOLOGIES, INC.",143750.0,2024-06-11,DRPA SENSOR CHIPS
80NSSC24PB523,THE ENVOY PORTFOLIO LLC,34450.0,2024-06-12,FACILITATION COORDINATION
80NSSC24PB525,SPEEDGOAT INC,51168.0,2024-06-12,"SPEEDGOAT CONTROLLER WITH APPLICABLE IO MODULES, FPGA TRAINING, AND SERVICE PACKAGE."
80NSSC24PB527,THIERRY PLASMA LLC,307121.63,2024-07-26,FABRICATION OF VACUUM CHAMBER
80NSSC24PB528,ELECTRO ENTERPRISES INC,29088.0,2024-06-13,WL GORE RADIO FREQUENCY CABLES
80NSSC24PB529,CHEMRING ENERGETIC DEVICES INC,109500.0,2024-06-21,PURCHASE OF JOINT COMBINES AIRCREW SYSTEMS TESTER (JCAST)
80NSSC24PB530,AVIATION PROPELLERS INC.,10355.0,2024-06-13,PN: HO-V62R-1 PROPELLER   QUANTITY 1
80NSSC24PB531,"POLYTEC, INC.",23517.0,2024-06-13,VOXEL TESTING
80NSSC24PB532,APPLIED FLOW TECHNOLOGY LLC,34188.0,2024-06-12,FY24 AFT SOFTWARE RENEWAL
80NSSC24PB533,CREARE LLC,250000.0,2024-06-17,OT : FABRICATE PROTOTYPE WIDE RANGE PUMP (WRP) AND GROUND SUPPORT EQUIPMENT (GSE) COMPLETION.
80NSSC24PB534,"VTN MANUFACTURING, INC",24255.0,2024-06-13,PURCHASE OF GSE MULTIPLE WATER CONNECTOR (MWC) COMPONENTS
80NSSC24PB535,US TRAINING CONSULTANTS LLC,12350.0,2024-06-14,BASIC RIGGER TRAINING FILM CAPTURE AT NASA SAFETY CENTER
80NSSC24PB536,"CALIFORNIA SURVEYING & DRAFTING SUPPLY, INC.",45358.5,2024-06-14,GNSS/GPS SURVEY EQUIPMENT
80NSSC24PB537,CHEMRING ENERGETIC DEVICES INC,24720.0,2024-06-13,JCAST ASSETS NEED TO GO IN FOR CALIBRATION.
80NSSC24PB538,"COLDQUANTA, INC.",241761.2,2024-06-18,OT : RUBECI COLD ATOM SYSTEM
80NSSC24PB539,"ASCA, INC",80129.73,2024-06-18,BLUE ORIGIN CHAPTER 8 MMDB PRA
80NSSC24PB541,UNISON COST ENGINEERING LLC,67469.35,2024-06-24,TRUEPLANNING SOFTWARE AND SUBSCRIPTION  SERVICE
80NSSC24PB542,"SELLERS OPTICAL, INC.",58890.0,2024-06-13,PRECISION OPTICAL LASER RETROREFLECTOR ARRAY
80NSSC24PB543,HAZARD DYNAMICS LLC,14500.0,2024-06-20,ANALYSIS OF D-SITE BATTERY TEST CHAMBER FOR FIRE AND ENERGY CONTAINMENT
80NSSC24PB544,KELTRON IOT CORP,36971.61,2024-06-18,CRMS KELTRON EXTENDED WARRANTY ONSITE TRAINING AND COMMISSIONING
80NSSC24PB545,"ILLUMINA, INC.",202492.5,2024-06-14,ILLUMINA NEXTSEQ 1000
80NSSC24PB546,KURT J LESKER CO,18186.0,2024-06-17,VACUUM CHAMBER  SKU0248807
80NSSC24PB547,UNIVERSITY OF VIRGINIA DARDEN SCHOOL FOUNDATION,65000.0,2024-07-15,STEWARDSHIP OF FEDERAL RESOURCES
80NSSC24PB548,PRO-LINE PROCUREMENT SERVICES LLC,32684.0,2024-06-28,LARC TERRA UNIVERSAL PURGE CABINET
80NSSC24PB549,ELECTROIMPACT INC.,45058.09,2024-06-17,PREVENTATIVE MAINTENANCE OF AFP ROBOT FROM ELECTRO IMPACT
80NSSC24PB550,"ADVANTAGE BUSINESS STRATEGIES, INC",12881.18,2024-06-14,PAY INVOICE FOR FACILITATOR SERVICES OVER 10K PCARD COULDN'T BE UTILIZED
80NSSC24PB551,SUSAN L SANTOS,134363.0,2024-06-25,COMMUNITY OUTREACH SUPPORT
80NSSC24PB552,MASSACHUSETTS INSTITUTE OF TECHNOLOGY,124999.99,2024-06-20,RESEARCH RELIABLE AUTONOMOUS SYSTEMS LAB AT MIT (REALM)-1-YEAR RESEARCH SUPPORT FROM DR. CHUCHU
80NSSC24PB553,MSM GROUP INC,34470.0,2024-06-24,FY24 ISITE RENEWAL
80NSSC24PB554,"PRECISION X-RAY, INC.",14750.0,2024-06-20,RELOCATION SERVICE FOR A X-RAY CABINET S/N 1711-3110-12
80NSSC24PB555,"SOFTREL, LLC",12500.0,2024-06-17,REQUS AI PREDICT FLOATING LICENSE
80NSSC24PB556,COMMERCIAL FLUID POWER LLC,12452.0,2024-06-17,FABRICATED/HONED BARRELS FOR GAS GUN
80NSSC24PB557,"TELLUS1 SCIENTIFIC, LLC",249492.0,2024-06-17,SUPPORT FOR EVALUATION OF SCATTERING EFFECTS IN CORONAGRAPHY
80NSSC24PB558,MONTANA STATE UNIVERSITY,29167.0,2024-06-18,CONSULTATION
80NSSC24PB559,TECHNOSOFT INC,224893.1,2024-06-17,AML TECHNOLOGY PARTNER SOFTWARE BUNDLE
80NSSC24PB560,KEYSIGHT TECHNOLOGIES INC,27373.8,2024-06-18,SUPPORT SERVICES FOR EXATA SOFTWARE
80NSSC24PB562,"KOETTER FIRE PROTECTION INTERNATIONAL, LLC",22695.0,2024-06-18,FIRE SUPPRESSION SYSTEM (INSTALLATION AND MATERIALS)
80NSSC24PB563,DS GOVERNMENT SOLUTIONS CORP,43878.9,2024-06-17,"DASSAULT CATIA HYBRID DESIGN 2, STEP CORE INTERFACE & MAINTENANCES"
80NSSC24PB564,"REAL-TIME INNOVATIONS, INC.",22120.0,2024-06-17,FY24 DSA RTI RENEWAL
80NSSC24PB566,"NEW TECH SOLUTIONS, INC.",48865.0,2024-06-17,ASPEN SERVER
80NSSC24PB568,CODEWARE INC,30000.0,2024-06-18,INSPECT ANNUAL ON-PREMISE SUBSCRIPTION LICENSE
80NSSC24PB569,"HEXAGON MANUFACTURING INTELLIGENCE, INC.",14000.0,2024-06-18,HEXAGON MY CARE SUBSCRIPTION RENEWAL
80NSSC24PB570,AVIONIC INSTRUMENTS LLC,29294.0,2024-07-24,TWO REPAIRS OF P/N:RTR3360-1A/E-2020
80NSSC24PB571,GOODRICH CORPORATION,17600.0,2024-06-18,COLLINS AEROSPACE RAIN EROSION TESTING AGREEMENT
80NSSC24PB572,"IMC DATAWORKS, LLC",73782.0,2024-06-18,IMC DATAWORKS ROTORCRAFT TELEMETRY SYSTEM
80NSSC24PB573,HYPERION TECHNOLOGIES LLC,85000.0,2024-06-18,NASA STARTUP STUDIO TECH SHOWCASE 2024
80NSSC24PB575,HOTTINGER BRUEL & KJAER INC.,51370.8,2024-06-18,SW - BK CONNECT (IDEAS)
80NSSC24PB576,TA INSTRUMENTS - WATERS L.L.C.,26690.0,2024-06-18,MAINTENANCE SERVICE ON SDT Q600 BY TA INSTRUMENTS
80NSSC24PB578,VANDERBILT UNIVERSITY,90861.0,2024-06-24,UV RAMAN SCATTERING FOR HYDROGEN TEMPERATURE MEASUREMENT IN NTREES
80NSSC24PB579,"CARL ZEISS MICROSCOPY, LLC",58959.0,2024-06-20,2024 SERVICE CONTRACT FOR ZEISS SEM/FIB
80NSSC24PB580,ADVANCED TECHNICAL CERAMICS COMPANY,58100.0,2024-06-21,HIGH TEMPERATURE ELECTRONICS PACKAGING PARTS/COMPONENTS
80NSSC24PB581,SENIOR OPERATIONS LLC,333529.0,2024-06-20,E1 LH VENT HIGH PRESSRE VENT LINE
80NSSC24PB582,WHIRLWIND3D LLC,12715.0,2024-06-20,HIGH LEVEL ARCHITECTURE (HLA) DISTRIBUTED SIMULATION TRAINING
80NSSC24PB583,"JH ACQUISITION, LLC",41069.48,2024-06-26,55 OZONESONDES
80NSSC24PB584,ZAYO GROUP LLC,28910.0,2024-06-20,ZAYO DARK FIBER RENEWAL
80NSSC24PB585,ALLTERRA CENTRAL INC,16183.49,2024-06-20,TRIMBLE MAINTENANCE RENEWAL
80NSSC24PB586,DS GOVERNMENT SOLUTIONS CORP,14605.0,2024-06-25,FY24 CST STUDIO SUITE PACKAGE RENEWAL
80NSSC24PB587,MTS SYSTEMS CORPORATION,82395.0,2024-06-24,MTS FLEXTEST 40 CONTROLLER AND ON-SITE SERVICES
80NSSC24PB589,"HERBER AIRCRAFT SERVICE, INC.",26888.3,2024-07-01,C-SEAL FOR VMS
80NSSC24PB590,RTEC-INSTRUMENTS INC,97000.0,2024-06-23,AIR JET PARTICLE EROSION TESTER UP TO 900 DEGC AND 150 M/S
80NSSC24PB591,KURT J LESKER CO,28614.88,2024-06-25,CUSTOM BOX CHAMBER
80NSSC24PB593,"ECI DEFENSE GROUP, INC.",246023.68,2024-06-21,28 PHANTOM II MASKS
80NSSC24PB594,CLAREMONT BIOSOLUTIONS LLC,39965.54,2024-06-24,MOLD DESIGN AND FABRICATION TO INCORPORATE A LARGER LYSIS CHAMBER AND LIQUID STORAGE RESERVOIRS
80NSSC24PB595,"CRFS, INC.",45916.5,2024-06-27,FY24 RFEYE RENEWAL
80NSSC24PB596,MTS SYSTEMS CORPORATION,100000.0,2024-06-26,MTS SERVICE CONTRACT FOR MTS EQUIPMENT AT LARC SERVICE PLAN FOR SITES 506829 & 506834
80NSSC24PB598,SCIENCE PUMP CORP,24558.1,2024-06-24,55 OZONESODES
80NSSC24PB599,KEYSIGHT TECHNOLOGIES INC,22031.88,2024-06-24,ANNUAL CALIBRATION AGREEMENT FOR THE CODE 569 ANTENNA CHAMBER
80NSSC24PB600,SMITHSONIAN INSTITUTION,14900.0,2024-06-26,OT : ANALYSIS AND INSTRUMENTATION SUPPORT
80NSSC24PB602,KEYENCE CORPORATION OF AMERICA,157439.0,2024-06-24,KEYENCE MICROSCOPE
80NSSC24PB603,WAVECONTROL INC,18797.75,2024-06-24,PORTABLE EMF FIELD METER AND PROBES
80NSSC24PB604,AB SCIEX LLC,103314.6,2024-06-26,OT : CESI 8000 PLUS SYSTEM
80NSSC24PB605,"SGL CARBON, LLC",56836.09,2024-06-24,CARBON FELT SIGRATHERM KFA5
80NSSC24PB606,"BRUKER NANO, INC",70152.0,2024-06-26,ISMODME-DXT-A - DEKTAKXT ADVANCED SYSTEM
80NSSC24PB607,"CLASSONE TECHNOLOGY, INC.",37700.0,2024-06-26,OT : INSTALLATION OF CLASSONE SST SPRAY LIFT-OFF TOOL
80NSSC24PB608,SIFCO INDUSTRIES INC,12146.7,2024-06-27,HOT COGGING FORGING TRIALS ON 5-INCH NITI AND NITIHF CAST INGOTS
80NSSC24PB609,"SANATRON, INC",37310.0,2024-07-05,ACRYLIC ALTITUDE CHAMBER
80NSSC24PB610,C M FURNACES INC.,22550.0,2024-06-24,MODEL 1706 FL FRONT LOADING BOX FURNACE
80NSSC24PB611,PURDUE UNIVERSITY,249912.0,2024-06-25,HYPERFIRE SYSTEM MODIFICATION AND TESTING SUPPORT AT NASA LANGLEY
80NSSC24PB612,ADVANCED PROCESSING TECHNOLOGY INC,30000.0,2024-06-25,TENNEY AUTOCLAVE HW MAINT RENEWAL
80NSSC24PB613,PKJ INTERNATIONAL LLC,13072.0,2024-06-26,PURCHASE OF STAINLESS STEEL FAST CLOSING PNEUMATIC VALVE DN 40 FOR REF
80NSSC24PB614,MEASUREMENT SPECIALTIES INC,25630.34,2024-06-25,MEAS NETSCANNER 9916 PRESSURE SCANNER
80NSSC24PB615,POSIT SOFTWARE PBC,73560.0,2024-06-25,POSIT TEAM BUNDLE RENEWAL
80NSSC24PB616,"LAVISION, INC.",11885.0,2024-06-25,DAVIS 11 UPGRADE
80NSSC24PB618,AJAX TOCCO MAGNETHERMIC CORP,32339.0,2024-06-25,VIM VACUUM PUMPING SYSTEM UPGRADE
80NSSC24PB619,"BITLY, INC.",23880.0,2024-06-25,BITLY RENEWAL
80NSSC24PB620,WELDSHIP LLC,76448.0,2024-06-25,GOX TRAILER MODIFICATION AND RECERTIFICATION
80NSSC24PB623,"PHOTOMACHINING, INC",16370.0,2024-06-26,PHOT MACHINING ANNUAL SUBSCRIPTION
80NSSC24PB624,"FORMASPACE, LP",15409.92,2024-06-27,NASA/JSC NEEDS UNIQUE QTY:4 WORKSURFACES BUILT TO HANDLE BATTERY CELL HANDLING AND PROCESSING.
80NSSC24PB625,VIRGINIA COMMONWEALTH UNIVERSITY,60000.0,2024-06-26,FABRICATION AND CHARACTERIZATION
80NSSC24PB626,"STRATASYS, INC",114123.7,2024-06-26,STRATASYS MAINTENANCE RENEWAL
80NSSC24PB627,"HDR, L.L.C",62866.15,2024-06-26,EO4AFRICA - SERVIR TECHNICAL EXCHANGE SUPPORT
80NSSC24PB628,TUXERA US INC,59100.0,2024-06-26,TUXERA RELIANCE NITRO SOFTWARE DEVELOPMENT KIT
80NSSC24PB629,"QUALTECH SYSTEMS, INC.",37000.0,2024-06-28,QSI SUBSCRIPTIONS
80NSSC24PB630,"GENERAL DYNAMICS MISSION SYSTEMS, INC.",65540.0,2024-06-26,PURCHASE OF TACLANE CUSTOMIZABLE ENCRYPTION PLATFORMS
80NSSC24PB631,ARMEDIA LLC,28500.0,2024-06-26,FORMTEK MODULE FOR ALFRESCO
80NSSC24PB632,"JEOL USA, INC.",17526.26,2024-06-26,JEOL SEM JSM IT200 SERVICE CONTRACT RENEWAL
80NSSC24PB633,MATERIALISE USA LLC,14300.0,2024-06-26,MATERIALISE MAGICS TRAINING
80NSSC24PB634,FLORIDA INSTITUTE OF TECHNOLOGY INC,61385.0,2024-06-26,PHASE II FOLLOW-ON WITH FLORIDA INSTITUTE OF TECHNOLOGY FOR AI FOR STANDARDS
80NSSC24PB635,UNIVERSITY OF PITTSBURGH - OF THE COMMONWEALTH SYSTEM OF HIGHER EDUCATION,20000.0,2024-06-26,MEMBERSHIP TO AMPED UNIVERSITY OF PITTSBURGH ADVANCED MAGNETICS FOR POWER AND ENERGY DEVELOPMENT)
80NSSC24PB636,"SCHNEIDER ELECTRIC BUILDINGS AMERICAS, INC.",0.0,2024-06-26,3-DAY TRAINING COURSE CONTROL EXPERT LEVEL 1
80NSSC24PB637,FOTRONIC CORPORATION,45173.8,2024-06-27,MSO58B 5-BW-1000 INSTALLED OPTION 1 GHZ BANDWIDTH OSCILLOSCOPE
80NSSC24PB638,ANSYS INC,22160.0,2024-06-27,ANSYS ZEMAX OPTICSTUDIO ENTERPRISE - LEASE
80NSSC24PB639,INTERNATIONAL SPACE UNIVERSITY ORGANIZATION  INC,19497.6,2024-06-27,SSP INSTITUTIONAL FEES FOR MARTINS ROBERT
80NSSC24PB640,"PFEIFFER VACUUM, INC.",33783.0,2024-06-27,LEAK DETECTOR MOMA
80NSSC24PB641,UNIVERSITY OF NORTH CAROLINA AT CHAPEL HILL,153000.0,2024-07-05,YULISTA TRAINING FACILITY
80NSSC24PB642,"EOS OF NORTH AMERICA, INC.",50000.0,2024-06-27,1 MONTH RENTAL ON M400 AND CONSULT
80NSSC24PB643,DRAEGER INC,11733.54,2024-06-27,DRAGER X-AM 8000
80NSSC24PB644,INTERGRAPH CORPORATION,10632.0,2024-07-02,OT : CEASAR/PV ELITE SOFTWARE MAINTENANCE SUPPORT RENEWAL
80NSSC24PB646,UNITED MACHINING NORTH AMERICA LLC,56267.0,2024-06-27,EDM DRILL
80NSSC24PB647,KEY TO METALS AMERICAS INC.,28371.06,2024-06-28,"KEY TO METALS AMERICAS, INC. RENEWAL"
80NSSC24PB648,FABRIC DEVELOPMENT INC,60361.3,2024-06-27,PROCUREMENT OF ORTHO FABRIC
80NSSC24PB649,"PRECISION CRYOGENIC SYSTEMS, INC",31045.0,2024-06-28,"50K AND 4K SUSPENSION ASSEMBLY, AND TELESCOPE REEIVER LID ASSEMBLY"
80NSSC24PB650,"CENTER FOR ADVANCED STUDIES IN BUSINESS, INC.",24795.0,2024-06-28,NEGOTIATIONS AND LEADING BY INFLUENCE
80NSSC24PB651,"RAISBECK ENGINEERING, INC.",196883.52,2024-06-28,FIVE-BLADED PROPELLER FOR NASA LARC B-200 (N529NA). P/N 19BC-61-42-1E.
80NSSC24PB652,"RAISBECK ENGINEERING, INC.",95381.82,2024-07-01,B-200 (N529NA) HIGH FLOAT GEAR DOOR KIT P/N R81-1701-6 AND DUAL AFT STRAKE P/N R81-1004-1 WITH FAA 8103-3 AIRWORTHINESS APPROVAL TAG.
80NSSC24PB653,"CENTEX AEROSPACE, INC.",187145.0,2024-06-28,"SADDLE TANK WITH FUEL CELLS FOR NASA LARC B-200 (N529NA). P/NS ST 190-S, 26012-4040-1 AND 26012-4040-2."
80NSSC24PB654,"SB & COMPANY, LLC",13500.0,2024-06-28,LARC EXCHANGE OPERATIONS AUDIT SERVICES FOR FY24
80NSSC24PB655,GENERAL ELECTRIC COMPANY,140900.0,2024-06-28,EXTENDED WARRANTY ON GE ADDITIVE XLINE 2000R ADDITIVE MANUFACTURING MACHINE - GE ADDITIVE
80NSSC24PB657,RESCUE ONE TRAINING FOR LIFE INC,12700.0,2024-07-02,CR2 DEFIBRILLATORS
80NSSC24PB658,"HIGH PRECISION DEVICES, INC",14834.0,2024-07-01,OT : HITC LEAD SETS
80NSSC24PB659,KIMBALL PHYSICS INC,47600.0,2024-07-12,OT : EGF-3104 FLOOD ELECTRON BEAM SOURCE
80NSSC24PB660,INTERGRAPH CORPORATION,10632.0,2024-07-02,OT : CEASAR/PV ELITE SOFTWARE MAINTENANCE SUPPORT RENEWAL
80NSSC24PB661,LUNA INNOVATIONS INCORPORATED,44930.4,2024-07-02,"POLARIZATION DIVERSITY DETECTOR, SM FIBER, FC/APC CONNECTORS, 1550NM"
80NSSC24PB662,TANIOBIS USA LLC,28000.0,2024-07-05,20KG OF FS-85 POWDER
80NSSC24PB664,"FLAWLESS PHOTONICS, INC.",95500.0,2024-07-10,PURCHASE OF SMALL SAMPLES OF OPTICAL FIBER MANUFACTURED ON THE INTERNATIONAL SPACE STATION TO ENABLE INDEPENDENT GOVERNMENT (DOD) CHARACTERIZATION TESTING OF THE FIBER PERFORMANCE AS COMPARED TO TERRESTRIALLY MANUFACTURED FIBER.
80NSSC24PB665,45 DRIVES LTD,14199.53,2024-07-03,STORNADO ENHANCED STORAGE SERVER -45DRIVES
80NSSC24PB667,MALVERN PANALYTICAL INC,12727.0,2024-07-03,AERIS X-RAY DIFFRACTOMETER MAINTENANCE
80NSSC24PB668,CERION LLC,25000.0,2024-07-05,SILVER CHLORIDE SUSPENSION
80NSSC24PB669,CINDY ZOOK ASSOCIATES LLC,129575.0,2024-07-05,RPS PROGRAM DEVELOPMENT AND PLANNING FACILITATION
80NSSC24PB670,EMENDA USA INC,33460.0,2024-07-02,FY24 SCITOOLS RENEWAL
80NSSC24PB671,FREEDOM PHOTONICS LLC,51405.0,2024-07-02,INSTATUNE C1/ 1550NM CENTER WAVELENGTH LASER
80NSSC24PB673,"ECI DEFENSE GROUP, INC.",167576.74,2024-07-02,28 GENTEX DRINK FACILITY ASSEMBLY UNITS
80NSSC24PB675,"SYMMETRY RESOURCES, INC",62953.0,2024-07-02,"THREE CYLINDRICAL CELLS DESIGNS EVALUATED WITH RATE VS TEMPERATURE DISCHARGE TESTING (USING ADIABATIC CALORIMETRY), CYCLE LIFE TESTING, CAPACITY AND ENERGY VS RATE TESTING, AND ACCEPTANCE TESTING A NEW BOXES OF 2 CELL DESIGNS (100 AND 130 CELLS)."
80NSSC24PB677,SIERRA SPACE CORP,50000.0,2024-07-08,SIERRA SPACE CORPORATION COLLABORATION WITHIN THE MELT-CR PROJECT
80NSSC24PB678,T & M MACHINE SHOP INC,49330.0,2024-07-16,OT : CUSTOM MACHINE PARTS
80NSSC24PB679,"GARTNER, INC.",194382.0,2024-07-08,"NASA HUMAN CAPITAL AND LEARNING & DEVELOPMENT ADVISORY, RESEARCH AND BENCHMARKING SERVICES."
80NSSC24PB680,FISCHER CUSTOM COMMUNICATIONS INC,79900.0,2024-07-05,"TWO 1000 AMPERE, 1000 VDC, LINE IMPEDANCE STABILIZATION NETWORK(LISN)"
80NSSC24PB681,DBISP LLC,20165.96,2024-07-03,THERMO FISHER CHILLERS
80NSSC24PB682,BATTEL ENGINEERING INC,36281.25,2024-07-05,CONSULTING ON LOW VOLTAGE POWER SUPPLY (LVPC) DESIGN
80NSSC24PB684,RPM INNOVATIONS INC,248420.0,2024-07-08,NI-CO-CR DEVELOPMENT ALLOY AND JBK-75 THIN-WALL DIRECTED ENERGY DEPOSITION
80NSSC24PB685,KEYENCE CORPORATION OF AMERICA,73832.59,2024-07-08,LASER MARKER SYSTEM
80NSSC24PB686,XIRIS AUTOMATION INC,37600.0,2024-07-11,XIRIS XIR-1800 BASIC SWIR CAMERA KIT AND CALIBRATION
80NSSC24PB687,"VACUUM TECHNOLOGY ASSOCIATES, INC",43490.0,2024-07-08,CRYOSHROUD LID FOR THE SMIRF FACILITY
80NSSC24PB688,SONNET SOFTWARE INC,13085.42,2024-07-12,SONNET 2D/3D ELECTROMAGNETIC SOFTWARE YEARLY MAINTENANCE AGREEMENT
80NSSC24PB689,OHD LLLP,24200.0,2024-07-12,QUANTIFIT2 RESPIRATOR
80NSSC24PB690,EXXACT CORPORATION,17000.0,2024-07-08,GPU FOR ENGINEERING WORKSTATION
80NSSC24PB691,KEYSIGHT TECHNOLOGIES INC,44790.0,2024-07-09,KEYSIGHTS DESIGN SYSTEM SOFTWARE YEARLY MAINTENANCE AGREEMENT
80NSSC24PB692,"OHIO STATE UNIVERSITY, THE",18500.0,2024-07-09,MEMBERSHIP OHIO STATE GEARLAB ONE-YEAR TERM
80NSSC24PB693,BECKER PROFESSIONAL DEVELOPMENT CORPORATION,12650.0,2024-07-08,BECKER CPE SUBSCRIPTION
80NSSC24PB694,ALTAIR ENGINEERING INC.,14995.0,2024-07-09,ALTAIR SOFTWARE ASSET OPTIMIZATION (SAO) ANNUAL LEASE
80NSSC24PB695,DS GOVERNMENT SOLUTIONS CORP,30047.96,2024-07-09,SW - DELMIA
80NSSC24PB696,AMERICAN ASTRONAUTICAL SOCIETY INC,22000.0,2024-07-09,GRC PRE-PAYMENT TO AAS FOR 110 EMPLOYEE REGISTRATIONS FOR THE 2024 JOHN GLENN SPACE TECHNOLOGY SYMPOSIUM
80NSSC24PB697,"PROCESS INSIGHTS - EXTREL CMS, LLC",37290.0,2024-07-09,PROCESS INSIGHTS MAX300-CAT LABORATORY GAS ANALYZER
80NSSC24PB698,"BUGEYE TECHNOLOGIES, INC.",36330.0,2024-07-10,BUGEYE CONTROL LOADER
80NSSC24PB699,"CLARKE MOSQUITO CONTROL PRODUCTS, INC.",99792.0,2024-07-09,NATULAR-G MOSQUITO CONTROL AGENT/252 40-LB BAGS
80NSSC24PB700,"DBR INDUSTRIES, INC.",26622.2,2024-07-30,"OT : VMS C-SEALS INCLUDING PACKAGING, AND CERTIFICATIONS"
80NSSC24PB701,DS GOVERNMENT SOLUTIONS CORP,17297.57,2024-07-09,ABAQUS CAE RENEWAL
80NSSC24PB702,SPACE DATA ASSOCIATION LTD.,15000.0,2024-07-10,SUBSCRIPTION FEE
80NSSC24PB703,UNIVERSITY OF NOTRE DAME DU LAC,47313.0,2024-07-10,NEW AWARD UND/OR-ANCF EXERCISE OPTION TASK 5-
80NSSC24PB704,AEG GROUP INC,12178.8,2024-07-10,V700 MOTOROLA BODY WORN CAMERAS
80NSSC24PB705,"EMS TECHNOLOGIES CANADA, LTD",70552.0,2024-07-16,NASA LEOLUT 600 SYSTEM
80NSSC24PB706,MOODLE US LLC,15840.0,2024-07-10,MOODLE ANNUAL RENEWALFY24
80NSSC24PB707,PHILLIPS CORPORATION,34050.0,2024-07-15,EOS SERVICE AGREEMENT (2) EOS M100 PRINTERS
80NSSC24PB708,GOVERNMENT SCIENTIFIC SOURCE INC,21815.42,2024-07-10,RIGAKU SILVER SERVICE CONTRACT 2024 & 2025
80NSSC24PB709,"FLOW SCIENCE, INC",68400.0,2024-07-11,FLOW SCIENCE FLOW-3D PERMANENT LICENSE CONVERSION
80NSSC24PB712,"BRUKER NANO, INC",39155.0,2024-07-11,BRUKER DEKTAKX ENTRY SYSTEM
80NSSC24PB713,CORRELATED SOLUTIONS INC,12431.0,2024-07-11,"CSI BASLER ACE 2 CAMERAS, CABLES & ACCESSORIES"
80NSSC24PB714,"TORAY COMPOSITE MATERIALS AMERICA, INC.",28716.5,2024-07-12,T1100SC-12K-50C CARBON FIBER MATERIAL
80NSSC24PB715,THERMO ENVIRONMENTAL INSTRUMENTS LLC,29616.07,2024-07-15,TAPERED ELEMENT OSCILLATING MICROBALANCE P/N EM-1405D-AEF
80NSSC24PB716,K5 DEFENSE LLC,10620.0,2024-07-12,"15 OF 5962R1322001VXC 1.5A BY RENESAS ELECTRONICS (HAR) FOR FLIGHT UNITS, WITH CERTIFICATION"
80NSSC24PB717,"COSTAR REALTY INFORMATION, INC.",49050.0,2024-07-12,COSTAR
80NSSC24PB719,PERATON INC.,12291.0,2024-07-12,FY24 PERATON ANNUAL MAINTENANCE
80NSSC24PB720,R3 UNIQ INC,71648.9,2024-07-15,OMNEST NETWORK SIMULATION SOFTWARE LICENSES AND SUPPORT
80NSSC24PB721,QUINCY COMPRESSOR LLC,100670.31,2024-07-15,QUINCY HPIW COMPRESSED AIR SYSTEM
80NSSC24PB722,FERROUS SYSTEMS GMBH,20475.6,2024-07-15,RUST TRAINING FOR TEAMS RUST COURSE
80NSSC24PB724,STARTWHEEL CORP.,19400.0,2024-07-15,INNOVATE HAMPTON ROADS EVENT FOR NASA
80NSSC24PB725,"KRAMER & AMADO, P.C.",16288.75,2024-07-16,OT : PATENT APPLICATION PREP
80NSSC24PB727,SURFACE OPTICS CORPORATION,42566.19,2024-07-16,HANDHELD EMISSOMETER MEASUREMENT HEAD
80NSSC24PB729,"FLOW SCIENCE, INC",24600.0,2024-07-16,SW - FLOW 3D
80NSSC24PB730,PARRAID LLC,19683.0,2024-07-15,PARRAID NEXT PRO EXTENDED PRODUCT SUPPORT RENEWAL
80NSSC24PB731,TOPTICA PHOTONICS INC,29640.0,2024-07-16,TUNABLE LASER DIODE
80NSSC24PB732,PARRAID LLC,44888.0,2024-07-15,PARRAID EXTENDED PRODUCT SUPPORT FOR ODE RENEWAL FY24
80NSSC24PB733,"TEK-TEMP INSTRUMENTS, INC.",17345.0,2024-07-15,AIR COOLED CHILLER
80NSSC24PB734,"H2I GROUP, INC.",31241.0,2024-07-16,NASA ADDED EXHAUST FOR NEW FUME HOOD
80NSSC24PB736,NEWPORT CORP,19207.0,2024-07-16,LABORATORY MOTION CONTROL PRODUCTS
80NSSC24PB737,HOTTINGER BRUEL & KJAER INC.,24477.0,2024-07-16,B&K SOFTWARE SUPPORT RENEWAL
80NSSC24PB739,PHILLIPS CORPORATION,118870.7,2024-07-16,EOS INTEGRATED PROCESS CHAIN MANAGEMENT (IPCM) PRO
80NSSC24PB740,AWAL LLC,0.0,2024-07-16,BAKER DX STATIC MOTOR ANALYZER
80NSSC24PB742,OLD DOMINION UNIVERSITY RESEARCH FOUNDATION,49654.0,2024-07-16,PILOT PROTOTYPING FOR COMMERCIALIZATION OF NASA TECHNOLOGIES
80NSSC24PB743,THERMCO SYSTEMS LIMITED,24582.0,2024-07-16,OT : FURNACE MAINTENANCE
80NSSC24PB744,ULTIMATE AVIATION SOLUTIONS INC,12077.39,2024-07-17,INERTIAL NAVIGATION UNIT (INU) STANDBY BATTERY FOR GIII AIRCRAFT NASA 808
80NSSC24PB745,"TVAR SOLUTIONS, LLC",52921.84,2024-07-18,"NETAPP, NETBACKUP, AND DELL HARDWARE SUPPORT RENEWAL"
80NSSC24PB748,CHICAGO LESSEE LLC,33776.74,2024-07-18,"1/OIG OM MANAGER'S CONFERENCE/INCLUDING CONFERENCE ROOM RENTAL, F&B, AND A/V SERVICES"
80NSSC24PB750,"ATA ENGINEERING, INC.",107691.1,2024-07-17,SW- FEMAP
80NSSC24PB751,THE MITRE CORPORATION,95365.0,2024-08-28,TO SERVE AS CCSD RAPPORTEUR FOR SCAN STANDARDS ACTIVITIES
80NSSC24PB752,"TEK-TEMP INSTRUMENTS, INC.",19140.0,2024-07-18,"WATER COOLED CHILLER (34,000 BTU/HR)"
80NSSC24PB753,MADE IN 3D CANADA INC,30000.0,2024-07-18,EXTENDED WARRANTY FOR AON M3+ ADDITIVE MACHINE
80NSSC24PB755,JIREH INDUSTRIES LTD,15091.98,2024-07-17,"PURCHASE OF 1 ROTIX SCANNER, 2 QUICK LINK, 1 PROBE POSITIONING SYSTEM (PPS) AND 1 PPS ENCODER."
80NSSC24PB757,SRINSOFT INC,26000.0,2024-07-18,FY24 SRINSOFT REVIT WGM RENEWAL
80NSSC24PB758,HYBRID PROJECT LLC,11700.0,2024-07-18,"TWO SPARE PARTS KITS, TWO GEN 4 ENGINE CORES AND TWO NOSE CONES FOR HYBRID PROJECT SUPERVOLO."
80NSSC24PB759,ILLINOIS TOOL WORKS INC,38875.0,2024-07-22,INSTRON 8862 ETMT SYSTEM COMPONENTS
80NSSC24PB760,KULR TECHNOLOGY CORP,15000.0,2024-07-17,"USE OF FACILITY FOR BATTERY PACK ABUSE TESTING, FACILITY WILL ACQUIRE TEMPERATURE AND ELECTRICAL DATA FROM THE PACK DURING FAILURE ANALYSIS."
80NSSC24PB761,"IXSYSTEMS, INC.",48048.51,2024-07-18,TRUENAS R50 & SUPPORT
80NSSC24PB763,DELILLE OXYGEN CO,51000.0,2024-07-18,O2/H2 TRAILER RENTAL FEES
80NSSC24PB764,MOOG INC,20100.0,2024-07-18,PROPORTIONAL FLOW CONTROL VALVE FOR XE FEED SYSTEM
80NSSC24PB765,"KIJERO, LLC",8400.0,2024-07-19,P/N: N1C.LR-10TXR   STEP DOWN TRANSFORMER    QTY 4
80NSSC24PB766,GENERAL ATOMICS,180000.0,2024-07-18,DESIGN OF A SPACE RATED NAK PUMP FOR THE PRIMARY CIRCUIT OF A LIQUID METAL-COOLED NUCLEAR REACTOR
80NSSC24PB768,VASTGLOBE LOGISTICS LLC,11000.0,2024-07-18,TWO BOLIN TECHNOLOGY EXU420N 4K60 OUTDOOR NDI 6 READY PTZ CAMERAS ALONG WITH THEIR ASSOCIATED WALL MOUNT BRACKETS AND A SINGLE REMOTE CONTROLLER.
80NSSC24PB770,MCCRONE MICROSCOPES & ACCESSORIES LLC,18382.0,2024-07-19,LINKAM HEATED STAGE WITH SOFTWARE FOR AN FTIR SPECTROMETER
80NSSC24PB771,"AEROGO, INC",21800.0,2024-07-18,14X22 CART AIR PAD REPLACEMENT
80NSSC24PB772,PHAETON SOLUTIONS LLC,100544.72,2024-07-24,IBM FLASHSYSTEM STORAGE AND SERVICES
80NSSC24PB773,HOTTINGER BRUEL & KJAER INC.,10062.5,2024-07-21,BK CONNECT MAINTENANCE RENEWAL UPGRADE & SUPPORT ELMT STANDALONE
80NSSC24PB774,ROBERT E MASON & ASSOCIATES INC,24750.0,2024-07-19,RE MASON ADDITIONAL SERVICE BANK HOURS
80NSSC24PB777,EASTMAN MACHINE COMPANY,102501.4,2024-07-23,EASTMAN EAGLE UPGRADE
80NSSC24PB778,ENCHOICE INC,13114.15,2024-07-19,FY24 CYA SMARTRECOVERY LICENSE RENEWAL
80NSSC24PB779,MSE SUPPLIES LLC,11428.09,2024-07-22,AUTOMATIC BENCHTOP LAB HEAT PRESS
80NSSC24PB780,ALTA DATA TECHNOLOGIES LLC,34010.0,2024-07-23,ALTA DATA PCI CARDS & CABLE ASSEMBLY
80NSSC24PB781,REDFORT TECHNOLOGIES LLC,19115.0,2024-07-25,FLUIDIZED TEMPERATURE BATH SYSTEM
80NSSC24PB783,TRILION QUALITY SYSTEMS LLC,67000.0,2024-07-19,FEASIBILITY STUDY AND TEST OF HIGH TEMPERATURE DIC IN NTREES
80NSSC24PB784,AEROFAB NDT LLC,14785.0,2024-07-22,PURCHASE OF NASA CUSTOM ECA BACKWALL INSPECTION REFERENCE STANDARDS FOR CUSTOM NASA NDE CALIBRATION PLATES - OTY. 10.
80NSSC24PB785,BIG STEEL RACK LLC,54671.0,2024-07-23,10' TALL RACK SYSTEM W/ 16 PALLETS & PALLET CART
80NSSC24PB787,"AMPHENOL THERMOMETRICS, INC.",63477.0,2024-07-24,UNIFORM TEMPERATURE REFERENCES/RTDS
80NSSC24PB788,ESCO PRODUCTS INC,60000.0,2024-07-22,ZNSE WINDOW REFURBISHMENT
80NSSC24PB789,THERMO-CALC SOFTWARE INC.,21701.25,2024-07-22,FY24 LARC THERMO-CALC LICENSE MAINTENANCE
80NSSC24PB790,ALTAIR ENGINEERING INC.,16485.0,2024-07-23,S W - HYPERWORKS
80NSSC24PB791,"KIJERO, LLC",48050.0,2024-07-22,TEKTRONIX MSO58B 5-BW-1000
80NSSC24PB792,"OHIO STATE UNIVERSITY, THE",7245.4,2024-07-23,"THIS IS AN OFF-SITE TRAINING ADMINISTRATION REQUEST IN WHICH THE VENDOR DOES NOT ACCEPT CREDIT CARD PAYMENT. HRC1397113, 4200876783 , 247767 , EZRA MCNICHOLS, POP AUGUST 20, 2024-DECEMBER 12, 2024"
80NSSC24PB793,ANGSTROM DESIGNS INC,60000.0,2024-07-23,OT : LED UV LIGHT SOURCE
80NSSC24PB794,"ATI SPECIALTY ALLOYS & COMPONENTS, LLC",20000.0,2024-07-22,ATI C103 (TM) NIOBIUM SHEET
80NSSC24PB796,ESI NORTH AMERICA INC,73080.0,2024-07-25,FY24 VA ONE
80NSSC24PB798,"POLYTEC, INC.",142978.0,2024-07-23,THIS PROCUREMENT IS FOR 1 LASER VIBROMETER SYSTEM.
80NSSC24PB800,GULF COAST AVIONICS CORP,170120.0,2024-07-24,AVIONICS UPGRADE FOR B-200 AIRCRAFT
80NSSC24PB801,GREEN HILLS SOFTWARE LLC,50468.0,2024-07-23,FY24 GREEN HILLS ARINC ANNUAL MAINTENANCE RENEWAL
80NSSC24PB802,SCANIVALVE CORP,11989.1,2024-07-25,SCANIVALVE PRESSURE MEASUREMENT SYSTEM FOR BENCHTOP TURBOMACHINERY TEST RIG
80NSSC24PB803,ESI NORTH AMERICA INC,51176.0,2024-07-23,VA-ONE SOFTWARE LICENSE AND MAINTENANCE RENEWAL
80NSSC24PB804,FLUKE ELECTRONICS CORP,21020.0,2024-07-23,FLUKE REFERENCE THERMOMETERS AND MODULES
80NSSC24PB805,NATIONAL ACADEMY OF SCIENCES,41000.0,2024-07-01,"ANNUAL OPERATING COSTS OF NATIONAL ACADEMY OF SCIENCES BOARD ON BEHAVIORAL, COGNITIVE, AND SENSORY SCIENCES"
80NSSC24PB806,ROBERT E MASON & ASSOCIATES INC,54931.96,2024-07-23,NEW PRESSURE REGULATING VALVE
80NSSC24PB807,PACIFIC SCIENTIFIC ENERGETIC MATERIALS COMPANY (CALIFORNIA LLC),42154.0,2024-07-29,"TEST LEADS, MANIFOLDS."
80NSSC24PB809,HOTTINGER BRUEL & KJAER INC.,43587.0,2024-07-23,HBK NEXUS
80NSSC24PB810,EDWARDS NEILS LLC,12250.0,2024-07-24,OT : PATENT APP PREP
80NSSC24PB812,AITECH DEFENSE SYSTEMS INC,12250.0,2024-07-23,REPAIR OF AITECH ETHERNET SWITCHES
80NSSC24PB813,LEONARDPATEL PC,15000.0,2024-07-24,PATENT APPL
80NSSC24PB814,AMITABH NAG,15249.25,2024-07-23,PERFORM ON LIGHTING ADVISORY PANEL.
80NSSC24PB815,RAID INC,29595.0,2024-07-24,FY24 RAID INC ARI-600 SERIES 25GBE ISCSI
80NSSC24PB817,"ENSCO AVIONICS, INC.",18360.0,2024-07-24,FY24 RPL IDATA RENEWAL
80NSSC24PB818,ACELLENT TECHNOLOGIES INC,52988.72,2024-07-24,ACELLENT SMART PACKAGE
80NSSC24PB819,MTS SYSTEMS CORPORATION,49000.0,2024-07-24,MTS SERVICE CONTRACT
80NSSC24PB820,SPIRENT FEDERAL SYSTEMS INC,249999.0,2024-07-24,INSTRUMENT MAINTENANCE
80NSSC24PB821,HADLAND TECHNOLOGIES INC,38000.0,2024-07-24,HADLAND HMXST PWM MANIPULATOR CONTROLLER & INSTALLATION
80NSSC24PB822,INBOX BOOTHS LLC,23273.1,2024-07-24,"SOUND BOOTH, TEAM INBOX BOOTH AND INSTALLATION"
80NSSC24PB823,GLENBROOK TECHNOLOGIES INC,128800.0,2024-07-24,THE JEWEL BOX 110T REAL TIME XRAY INSPECTION SYSTEM
80NSSC24PB824,OXY-GON INDUSTRIES INC,23893.0,2024-07-24,OXY-GON FEILD SERVICE FOR F00201
80NSSC24PB825,TA INSTRUMENTS - WATERS L.L.C.,31250.0,2024-07-24,"RENEW A MAINTENANCE SERVICE CONTRACT FOR THERMAL ANALYTICAL INSTRUMENTS MANUFACTURED BY TA INSTRUMENTS-WATERS, L.L.C."
80NSSC24PB826,FREEDOM PHOTONICS LLC,18625.0,2024-07-25,2-FP4209-C1 - INSTATUNE-C1/1550 NM CENTER
80NSSC24PB827,PEREGRINE FALCON CORP,85000.0,2024-07-25,TRANSFER/SHIPMENT OF CUSTOMIZED HOT PRESS TO GRC
80NSSC24PB828,IFM EFECTOR INC,16047.25,2024-07-24,FLOWMETERS
80NSSC24PB829,CARAHSOFT TECHNOLOGY CORP,14492.1,2024-08-23,BRAVIUM UPGRADE ASSISTANT (BUA) IS A POWERFUL INSTANCE-GOVERNANCE-APPLICATION IN THE SERVICENOW ECOSYSTEM OFFERING DEEPER ANALYSIS CAPABILITIES THAN ANYTHING ELSE AVAILABLE. ELMT STANDALONE
80NSSC24PB830,BIG QUESTIONS EXPEDITIONS PTY LTD,24650.0,2024-07-25,SMD ASTROBIOLOGY/GEOLOGY TRIP TO PILBARA AUSTRALIA TO GAIN DEEPER UNDERSTANDING OF MARS EXPLORATION
80NSSC24PB831,"J. H. BENNETT AND COMPANY, INC.",22384.0,2024-07-25,W7 FACILITY - NETSCANNER TUBING PURCHASE
80NSSC24PB832,INTERGRAPH CORPORATION,19476.0,2024-07-25,SW - CAESAR PV ELITE ELMT STANDALONE
80NSSC24PB834,WHITESOURCE SOFTWARE INC,13200.0,2024-07-25,MEND TEAMS OSS MANAGEMENT PLATFORM 2 YR RENEWAL
80NSSC24PB835,NORWICH UNIVERSITY APPLIED RESEARCH INSTITUTES LTD,26000.0,2024-07-25,DECIDE PLATFORM CYBERSECURITY EXERCISE
80NSSC24PB837,"INGENION, LLC",21974.0,2024-07-25,SPACE WIRE SWITCHES
80NSSC24PB838,INERT CORPORATION,41391.8,2024-07-25,ARGON GAS MANAGEMENT SYSTEM
80NSSC24PB839,VPRIME TECH INC,12530.0,2024-07-25,FLIDAS PARAMETER STREAMING LICENSES - TAI LEATHERS - AFRC - 550
80NSSC24PB840,ARMAG CORP,15237.86,2024-07-26,PROCUREMENT OF EXPLOSIVE STORAGE MAGAZINE AND ACCESSORIES FOR EV33 BLAST TEAM AT SPTA
80NSSC24PB841,"EXTORR, INC",13725.0,2024-07-26,EXTORR RESIDUAL GAS ANALYZERS
80NSSC24PB842,"VISION RESEARCH, INC",75870.0,2024-07-26,REQUIREMENT: VISION RESEARCH PHANTOM VEO 1310L HIGH-SPEED CAMERA
80NSSC24PB843,"PICKERING INTERFACES, INC",67976.0,2024-08-05,MAV PICKERING INTERFACE PURCHASE
80NSSC24PB844,SPEEDGOAT INC,29604.0,2024-07-25,SPEEDGOAT HARDWARE & SUPPORT
80NSSC24PB845,ANDYMARK INC,29020.0,2024-08-15,ANDYMARK FRC FIELD PERIMETER
80NSSC24PB846,BLUEFORS INC,19906.78,2024-07-26,REPLACEMENT PR FOR WIRING
80NSSC24PB847,"GETTYSBURG ADDRESSES, INC.",76500.0,2024-07-29,LEADERSHIP DEVELOPMENT AT GETTYSBURG FROM 9/3/2024-9/6/2024
80NSSC24PB848,"M. K. TAYLOR JR. CONTRACTOR, INC.",21980.0,2024-07-26,ADDITIONAL SIDEWALK TO MEET FAA COMPLIANCE
80NSSC24PB850,"C AND J MAINTENANCE CONSTRUCTION, INC.",24450.0,2024-07-29,C & J MAINTENANCE CONSTRUCTION
80NSSC24PB851,AERODYNE RESEARCH INC,15000.0,2024-07-26,PURCHASE OPTICAL CELL FOR SPEX2
80NSSC24PB852,BROSEMER JEFFERY J PHD ESQ,22500.0,2024-07-31,PATENT APPLICATION
80NSSC24PB853,CAROLINA FLUID COMPONENTS LLC,33360.14,2024-07-26,80-20 FABRICATION HARDWARE - THE 80-20 PIECES WILL BE PRE-CUT SECTIONS THAT WILL BE PUT TOGETHER IN PLACE IN THE LAB SPACE.
80NSSC24PB854,"C AND J MAINTENANCE CONSTRUCTION, INC.",53821.11,2024-07-26,OFFICE UPGRADES
80NSSC24PB855,SIEMENS ENERGY INC,92323.3,2024-07-26,BLOWER PARTS FOR USE AT THE NASA LANGLEY RESEARCH CENTER (LARC) TRANSONIC DYNAMICS TUNNEL (TDT)
80NSSC24PB856,HERAEUS PRECIOUS METALS NORTH AMERICA CONSHOHOCKEN LLC,25271.82,2024-07-26,PT:RH10 CONDUCTIVE PASTE
80NSSC24PB857,"AMPHENOL THERMOMETRICS, INC.",11291.0,2024-07-29,KAYE 170 ICE POINT REFERENCE
80NSSC24PB858,NEWARK CORPORATION,10691.82,2024-07-29,LAB ELECTRONIC EQUIPMENT
80NSSC24PB859,AEROSONIC LLC,13750.0,2024-07-26,MINI AIR DATA COMPUTER FOR SR-22 AIRCRAFT
80NSSC24PB861,ABBOTT VALVE & FITTING CO.,27840.53,2024-07-29,HARDWARE FOR HIGH PRESSURE BLOCK AND BLEED PANELS
80NSSC24PB862,"CISLUNAR INDUSTRIES USA, INC.",60000.0,2024-07-29,PURCHASE OF ALUMINUM EXTRUDER
80NSSC24PB864,MEASUREMENT SPECIALTIES INC,119368.74,2024-07-29,CW22 OPTIMUS SPARES
80NSSC24PB865,INTELLIGENT INTERNATIONAL INC.,41976.0,2024-08-14,NANOVOLT METERS FOR BALANCE DATA SYSTEM
80NSSC24PB866,FRONTGRADE GAISLER AB,48565.0,2024-08-01,ELECTRONIC EVALUATION BOARD AND SOFTWARE FOR PROOF OF CONCEPT OF SPACEWIRE-ETHERNET MEDIA CONVERSION
80NSSC24PB870,UNIVERSITY SYSTEM OF NEW HAMPSHIRE,27980.0,2024-07-29,DR. DWYER TO PARTICIPATE IN THE LIGHTNING ADVISORY PANEL
80NSSC24PB871,TECHNOLOGIES DESIGN WORKSHOP INC,16200.0,2024-07-29,TO RENEW DW2000/ETD
80NSSC24PB872,NORTH STAR IMAGING INCORPORATED,36640.0,2024-08-05,FY24 NSI PM & SW GOLD AGREEMENT
80NSSC24PB873,H3X TECHNOLOGIES INC.,53160.0,2024-08-08,TWO 30KW INTEGRATED MOTOR DRIVE UNITS-HPDM-30 INTEGRATED MOTOR DRIVE
80NSSC24PB874,DUKE UNIVERSITY,32759.0,2024-07-29,PERFORM ON LIGHTNING ADVISORY PANEL.
80NSSC24PB875,NAHLIA INC.,156451.0,2024-08-03,FY24 SBIR PHASE I - QUANTIFICATION AND MODULATION OF TRUST IN A CREW HEALTH INTEGRATED MEDICAL RESPONSE AGENT (CHIMERA)
80NSSC24PB876,"EOS OF NORTH AMERICA, INC.",21185.0,2024-07-29,EOS M100 2-YEAR SERVICE CONTRACT
80NSSC24PB877,"ECI SOFTWARE SOLUTIONS, INC",38786.77,2024-07-29,JSC FY24 JOBBOSS RENEWAL
80NSSC24PB878,JUNO PROPULSION INC.,15000.0,2024-08-01,PERMEABLE ADDITIVE ALLOY DEVELOPMENT
80NSSC24PB879,"OPTIMAX SYSTEMS, INC.",10600.0,2024-07-29,LASER WINDOW GLASS REPAIR
80NSSC24PB880,EDWARDS NEILS LLC,12900.0,2024-07-30,PATENT
80NSSC24PB881,GULFSTREAM AEROSPACE CORPORATION,14025.0,2024-08-28,G-IV MX LIBRARY AND CMP ANNUAL CONTRACT RENEWAL
80NSSC24PB882,HELDEN AEROSPACE CORPORATION,85000.0,2024-07-30,HELDENMESH SITE NETWORK ANNUAL LICENSE & SUPPORT POP: 10/01/2024 - 09/30/02025
80NSSC24PB883,PHILLIPS CORPORATION,23423.88,2024-07-31,CONSUMABLES AND WEAR COMPONENTS FOR EOS M100 PRINTER
80NSSC24PB884,"LOTUSUSA, INC.",94505.98,2024-08-05,HERMETIC ELECTRICAL CONNECTORS FOR PROTOTYPE CONVERTER
80NSSC24PB885,"QUINTUS TECHNOLOGIES, LLC",30533.0,2024-07-30,CHECK OPERATIONS AND REPLACEMENT OF RELIEF VALVES ON THE HOT ISOSTATIC PRESS (HIP) UNIT
80NSSC24PB886,GENERAL STANDARDS CORP,44880.0,2024-07-30,MAV GENERAL STANDARDS PURCHASE
80NSSC24PB887,DUKE UNIVERSITY,249023.0,2024-07-30,CHAMBER SERVICES
80NSSC24PB888,VIRIDIS MATERIALS LLC,69827.0,2024-07-30,PLATINUM AND PLATINUM-RHODIUM SPUTTERING TARGETS
80NSSC24PB889,STEIN SEAL COMPANY,29477.9,2024-07-31,STEIN SEALS REPLACEMENT SEAL KITS
80NSSC24PB890,"WESTEX GROUP, INC",17102.92,2024-07-30,THREE DIMENSIONAL LARGE DEPTH OF FIELD STEREO MICROSCOPE
80NSSC24PB891,"CAREER COMMUNICATIONS GROUP, INC.",12500.0,2024-08-01,WOMEN OF COLOR IN STEM SILVER PARTNERSHIP AND PARTICIPATION IN THEIR NATIONAL CONVENTION
80NSSC24PB892,45 DRIVES LTD,23779.62,2024-07-30,STORAGE SERVER & WARRANTY FROM 45DRIVES
80NSSC24PB893,"THE MARBURY LAW GROUP, PLLC",11962.0,2024-07-31,"OUTSIDE PATENT ATTORNEY SERVICES TO DRAFT ONE (1) PATENT APPLICATION FOR NASA INVENTION CASE NO. ARC-18856-1, ENTITLED ""A METHOD FOR FLIGHT VEHICLE DESIGN THAT CONSIDERS PHYSICAL AND GUIDANCE, NAVIGATION, AND CONTROL SYSTEMS""."
80NSSC24PB894,"EON INSTRUMENTATION, INC.",78930.0,2024-07-30,SWITCHES AND AMPLIFIER
80NSSC24PB895,AMERICAN VACUUM SOCIETY INCORPORATED,24950.0,2024-07-31,FUNDAMENTALS OF VACUUM TECHNOLOGY TRAINING
80NSSC24PB896,SIEMENS GOVERNMENT TECHNOLOGIES INC,55861.42,2024-07-31,SIMCENTER SOFTWARE PURCHASE
80NSSC24PB897,"LAVISION, INC.",149975.0,2024-07-31,UPGRADING TOMOGRAPHIC PIV CAMERAS
80NSSC24PB899,ANGSTROM SCIENCES INC,15860.0,2024-07-31,"ANGSTROM SCIENCES, INC. ELEMENTAL TARGETS (SI, C, W, NI)"
80NSSC24PB900,"CRESTWOOD TECHNOLOGY GROUP, LLC",93690.0,2024-07-31,P/N: HG1075AB01   IRU UNIT    QTY 1 (EXCHANGE)
80NSSC24PB901,"EXPERIOR LABORATORIES, LLC",24590.0,2024-08-05,THERMAL CYCLING OF COMPOSITE MATERIALS
80NSSC24PB902,"CTG FEDERAL, LLC",171076.0,2024-07-31,FY24 ZERTO SW MAINTENANCE RENEWAL
80NSSC24PB903,JOHN H CARTER CO INC,20201.22,2024-07-31,HPIW BYPASS VALVE ELECTRIC ACTUATOR
80NSSC24PB905,"CENTEX AEROSPACE, INC.",122500.0,2024-07-31,HALO 275-A1-4 CONVERSION KIT FOR B-200 AIRCRAFT
80NSSC24PB906,"SILICONEXPERT TECHNOLOGIES, INC.",60000.0,2024-07-31,ELECTRONIC AND MECHANICAL PARTS DATABASE
80NSSC24PB907,NOOK INDUSTRIES LLC,38212.37,2024-08-05,MANUFACTURING FOR LINEAR ACTUATOR FOR RAPID PROTOTYPE TEST HARDWARE
80NSSC24PB908,FREEFLY SYSTEMS INC,42340.0,2024-07-31,FREEFLY
80NSSC24PB909,AMERICAN FELT AND FILTER COMPANY INC,44010.0,2024-08-01,7 BUILDS OF RAYON TPS BILLETS
80NSSC24PB910,THE RESEARCH FOUNDATION FOR THE STATE UNIVERSITY OF NEW YORK,30000.0,2024-08-01,SYNCHROTRON X-RAY TOPOGRAPHY BEAMTIME SAMPLES
80NSSC24PB911,"KIJERO, LLC",0.0,2024-08-01,GEN3 ULTRA LIGHTWEIGHT ROBOT
80NSSC24PB912,MTS SYSTEMS CORPORATION,35696.0,2024-08-01,2 HYDRAULIC GRIP CONTROLLER
80NSSC24PB913,TESTEQUITY LLC,29915.0,2024-08-05,"15879.1 TESTEQUITY TEMPERATURE CHAMBER, TE-140"
80NSSC24PB915,"PROTO LABS, INC.",13775.1,2024-08-05,ESSENTIAL COMPONENTS FOR THE ACTSE TWIN-SCREW EXTRUDER
80NSSC24PB917,PACMIN INC,27280.0,2024-08-01,AAM AIR TAXI MODELS 4 TOTAL
80NSSC24PB918,"MAGNET FORENSICS, LLC",11770.0,2024-08-02,MAGNET AXIOM CYBER SOFTWARE
80NSSC24PB919,INERTIAL AIRLINE SERVICES INC,43724.74,2024-08-01,REPAIR P/N: 463001-7236-D5F0-3   S/N: 1072    QTY 1/JOB
80NSSC24PB920,DSPACE INC,44910.0,2024-08-01,DSPACE HARDWARE-IN-THE-LOOP SYSTEM
80NSSC24PB921,LOMA LINDA UNIVERSITY MEDICAL CENTER,30000.0,2024-08-02,"PROTON BEAM TIME, 12 HOURS AT $1,250/HR"
80NSSC24PB922,VPRIME TECH INC,9304.07,2024-08-01,SURVEILL VIDEO MONITORING SYSTEM
80NSSC24PB923,"SCIGLOB RESEARCH, LLC",249120.0,2024-08-05,PARTS AND REPAIRS SERVICES FOR PANDORA 15 INSTRUMENT
80NSSC24PB925,ADVANCED MEASUREMENT TECHNOLOGY INC,80215.8,2024-08-06,MULTICHANNEL POTENTIOSTAT FOR ELECTROCHEMICAL CELL CHARACTERIZATION
80NSSC24PB926,SPACE EXPLORATION TECHNOLOGIES CORP.,52560.0,2024-08-05,CONSULTATION CONTRACT FOR EPIC ECI.
80NSSC24PB927,"REXEL USA, INC",19934.95,2024-08-05,TRATIX 5200 10 PORT SWITCH
80NSSC24PB928,STRUERS INC,20637.0,2024-08-05,PLANNED MAINTENANCE AGREEMENT
80NSSC24PB929,VPRIME TECH INC,16520.01,2024-08-03,PARASOFT C/C ++ TEST SUPPORT RENEWAL
80NSSC24PB930,CADENCE DESIGN SYSTEMS INC,46200.0,2024-08-02,FINE TURBO/ GRID PRO LICENSE ELMT STANDALONE
80NSSC24PB932,"SAMYAK SOLUTIONS, INC.",26506.36,2024-08-05,PYCNOMETER FOR DENSITY MEASUREMENTS
80NSSC24PB933,TECPLOT INC,41040.0,2024-08-05,TECPLOT SOFTWARE SUPPORT AND MAINTENANCE
80NSSC24PB934,THERMO-CALC SOFTWARE INC.,34425.0,2024-08-05,THERMO-CALC SOFTWARE
80NSSC24PB935,THE EDWARD ORTON JR CERAMIC FOUNDATION,35500.0,2024-08-05,HIGH TEMPERATURE TUBE FURNACE
80NSSC24PB936,"KEYSIGHT TECHNOLOGIES, INC.",0.0,2024-08-08,RENEWAL EXATA MODELING SOFTWARE LICENSE AND SUPPORT
80NSSC24PB937,VCLOUD GOV INC.,47676.48,2024-08-05,PRECISION POWER ANALYZER
80NSSC24PB938,NASA WALLOPS EXCHANGE,35310.0,2024-08-05,"QUOTE FOR TRAINING, LODGING, MEALS"
80NSSC24PB939,TDK RF SOLUTIONS INC.,88400.0,2024-08-05,ABSORBER
80NSSC24PB941,KULITE SEMICONDUCTOR PRODUCTS INC,39845.0,2024-08-05,PURCHASE OF MINIATURE UNSTEADY PRESSURE TRANSDUCERS
80NSSC24PB943,"LAVISION, INC.",122795.0,2024-08-07,"PROCURE TWO DIGITAL CAMERAS, PROCESSING SOFTWARE, TIMING UNIT AND OTHER ACCESSORIES FOR PARTICLE IMAGE VELOCIMETRY EXPERIMENTS IN NASA GRC AAPL FACILITY"
80NSSC24PB944,"SILVUS TECHNOLOGIES, INC.",12187.0,2024-08-05,SILVUS STREAMCASTER 4410
80NSSC24PB947,ALTAIR ENGINEERING INC.,19740.0,2024-08-06,ALTAIR SOFTWARE SUPPORT RENEWAL
80NSSC24PB948,"REAL-TIME INNOVATIONS, INC.",37835.0,2024-08-06,RTI ADDITIONAL LICENSES
80NSSC24PB950,"HITACHI HIGH-TECH AMERICA, INC.",29001.6,2024-08-07,HITACHI S-3700N SERVICE CONTRACTS
80NSSC24PB952,THE GRIFFITH LAW FIRM A PROFESSIONAL CORP,28500.0,2024-08-06,PROCUREMENT OF LEGAL SERVICES TO REGISTER/MAINTAIN NASA TRADEMARKS AND COPYRIGHTS OUTSIDE OF THE UNITED STATES.
80NSSC24PB953,FEI COMPANY,103815.96,2024-08-06,PFIB SERVICE CONTACT EXTENSION
80NSSC24PB954,LIVE WALL MEDIA INC,31750.0,2024-08-06,LIVE WALL MEDIA VIDEO PROCESSOR 40I
80NSSC24PB955,"AMPLITUDE LASER, INC.",28450.0,2024-08-08,HIGH INTENSITY PILSED LASER
80NSSC24PB956,M + P INTERNATIONAL INC.,28784.0,2024-08-06,M+P INTERNATIONAL MAINTENANCE RENEWAL
80NSSC24PB957,NOVAIR USA CORP,42310.0,2024-08-06,ZEOLITE MOLECULAR SIEVE REPLACEMENT FOR OXYGEN GENERATORS
80NSSC24PB958,"MET ONE INSTRUMENTS, INC.",22937.0,2024-08-06,380D RAIN GAUGE
80NSSC24PB959,"NTS TECHNICAL SYSTEMS, LLC",20484.78,2024-08-06,VIBRATION TESTING OF NDS COMPONENTS
80NSSC24PB960,AERODYNE RESEARCH INC,71000.0,2024-08-06,AERODYNE CAVITY ATTENUATED PHASE SHIFT MONITOR (CAPS) INSTRUMENT
80NSSC24PB961,"GOVAGE, INC.",14472.75,2024-08-07,PUMP SET FOR FUEL FARM
80NSSC24PB962,"DYNAMIC SYSTEMS INTEGRATION, INC",13036.76,2024-08-06,DOOR HARDWARE FOR ACCESS SECURITY SYSTEMS MAINTENANCES AND UPGRADES
80NSSC24PB963,CASTHEON INC,178476.0,2024-08-06,C103 OHPACA PARTS
80NSSC24PB964,TERRA FERMA LLC,11196.0,2024-08-06,"12 -  LIFIMAX PHOTONIC ANTENNA, 4 -  LIFIMAX USB C DONGLE, 2 - LIFIMAX ACCESS POINT CONTROLLER"
80NSSC24PB965,"BBP SALES, LLC",29385.9,2024-08-08,"YOKOGAWA DIFFERENTIAL PRESSURE TRANSMITTER, MODEL EJX110A-EFS3G-712ND/FF1/D1/K2, QTY: 10"
80NSSC24PB967,"PLUS4PI, LLC",13858.0,2024-08-07,TRAINING REQUEST UNDER $25K
80NSSC24PB968,AGILE TRANSFORMATION INC,53000.0,2024-08-09,AGILITY HEALTH SUBSCRIPTION RENEWAL POP: 08/01/2024 - 07/31/2025
80NSSC24PB969,"SOLUTION SOLVERS, LLC",30000.0,2024-08-07,BOOKKEEPING SERVICE FOR LARC EXCHANGE
80NSSC24PB971,UNEX CORP,13315.0,2024-08-07,ELECTRIC TORQUE WRENCH
80NSSC24PB972,SCHENCK USA CORP,63064.0,2024-08-07,BURST TESTING GRX-810 BLISKS
80NSSC24PB973,"OXFORD INSTRUMENTS AMERICA, INC.",18260.0,2024-08-08,OT : MAINTENANCE AGREEMENT FOR ENERGY DISPERSIVE X-RAY SPECTROMETER (EDS) SYSTEM
80NSSC24PB974,AVNET INC,19835.0,2024-08-07,SW  - XILINX VIVADO
80NSSC24PB975,"AMIE, INC.",35000.0,2024-08-07,"JOINT MEMBERSHIP AND SPONSORSHIP WITH AMIE, INC. FOR THE PURPOSE OF EXTENDING THE STRATEGIC PARTNERSHIP UNDER THE MUREP PARTNERSHIPS AND SUSTAINABILITY PILLAR."
80NSSC24PB976,KANG FAMILY PARTNERS LLC,13737.05,2024-08-07,SANTA YNEZ VALLEY MARRIOTT CONFERENCE ROOM SERVICES
80NSSC24PB977,"EPSILON TECHNOLOGIES INTERNATIONAL, LLC",12841.48,2024-08-08,TILT UNIT AND STARTER KIT
80NSSC24PB978,CONTINENTAL CONTROLS CORP,30487.0,2024-08-13,TURBINE ENGINE AFTERMARKET FUEL CONTROLLER
80NSSC24PB979,ALTITUDE TECHNOLOGIES INC.,36139.67,2024-08-07,STOP THE BLEED KITS
80NSSC24PB980,ALTAIR ENGINEERING INC.,29841.84,2024-08-07,ALTAIR UNITS - ENTERPRISE SUITE
80NSSC24PB981,EDWARD BUIEL CONSULTING LLC,85000.0,2024-08-08,DEVELOPMENT OF HIGH ENERGY 21700 LI-ION CELL DESIGNS THAT TOLERATE NAIL PENETRATION
80NSSC24PB982,HOTTINGER BRUEL & KJAER INC.,20731.0,2024-08-08,HBK 2255 SOUND LEVEL METER
80NSSC24PB983,SAGER ELECTRICAL SUPPLY COMPANY INC.,44113.37,2024-08-13,OT : HIGH VOLTAGE POWER SUPPLIES
80NSSC24PB984,"XOMETRY, INC.",29947.64,2024-08-08,MECHANICAL HARDWARE FOR 4 ASSEMBLIES OF MAGIC
80NSSC24PB986,ODYSIGHT.AI LTD.,13568.0,2024-08-08,ODYSIGHT.AI SPECIALIZED IMAGING SYSTEM
80NSSC24PB987,MAX TOOL INC,70529.0,2024-08-08,AMADA MARVEL VT4555M (8-MARK-III) VERTICAL TILT-FRAME BANDSAW
80NSSC24PB989,INERT CORPORATION,62940.26,2024-08-08,INERT GAS GLOVEBOX
80NSSC24PB990,"STANGENES INDUSTRIES, INC.",15490.0,2024-08-09,CUSTOM MAGNETS
80NSSC24PB991,NORTH AMERICAN MANUFACTURING PROS LLC,248430.0,2024-08-09,EOS M280 PER MONTH MACHINE RENTAL FOR LPBF DEVELOPMENT (QTY 7)
80NSSC24PB992,"EON INSTRUMENTATION, INC.",20880.0,2024-08-14,4 GPS TIME CODE GENERATORS
80NSSC24PB994,"ALL AROUND ACCESS, LLC",13719.0,2024-08-09,SKYJACK SJ3219 E MOBILE ELEVATING WORK PLATFORM SCISSOR LIFT.
80NSSC24PB995,"REM CHEMICALS, INC.",43458.13,2024-08-09,GCD RAAMBO PROJECT - NB ALLOY SURFACE ENHANCEMENT
80NSSC24PB996,"ECKEL INDUSTRIES, INC.",32470.0,2024-08-09,ACQUISITION OF ANECHOIC WEDGES FOR 14X22 TEST SECTION TREATMENT
80NSSC24PB997,"WIND RIVER SYSTEMS, INC.",25000.0,2024-08-09,RENEWAL OF WIND RIVER EOL MAINTENANCE ELMT STANDALONE
80NSSC24PB999,222 HOLDINGS LLC,59850.0,2024-08-19,MACHINING ANDSEPARATOR ASSEMBLY OF COMPONENTS FOR THE WATER CONDENSATE SEPARATOR ASSEMBLY
80NSSC24PC001,ANSYS INC,18060.0,2024-08-13,ANSYS ZEMAX OPTICSTUDIO PRO AND PREMIUM SUBSCRIPTIONS ELMT STANDALONE
80NSSC24PC002,"VICON MOTION SYSTEMS, INC.",143117.1,2024-08-13,VICON CAMERA SYSTEM
80NSSC24PC003,DELL FEDERAL SYSTEMS L.P,0.0,2024-08-09,DELL POWEREDGE MX760C SERVER
80NSSC24PC004,FARO TECHNOLOGIES INC,48432.77,2024-08-12,FARO TECHNOLOGIES INC-548 FARO QUANTUM M MAX
80NSSC24PC005,"INNOVATIVE MACHINE SOLUTIONS, LLC",30000.0,2024-08-09,"REPAIR ONE (1) MITSUBISHI MD + PRO II WIRE ELECTRICAL DISCHARGE MACHINE (WEDM), MODEL #: BA8, LOCATED IN THE SPACE SCIENCE & ASTROBIOLOGY DIVISION, CODE S AT NASA AMES RESEARCH CENTER."
80NSSC24PC006,"ASPEN INSTITUTE, INC. (THE)",13950.0,2024-08-12,ASPEN INSTITUTE EXECUTIVE 2024 SEMINAR FEE
80NSSC24PC007,"SAUNDERS CONTRACTING SERVICES, INC.",74277.0,2024-08-09,DAS PCU PARTS
80NSSC24PC008,H3X TECHNOLOGIES INC.,26330.0,2024-08-12,"30KW, INTEGRATED MOTOR DRIVE UNIT"
80NSSC24PC010,HYBRID PROJECT LLC,49500.0,2024-08-12,SUPERVOLO GEN IV UAS
80NSSC24PC011,PRECIGENOME LLC,23100.0,2024-08-12,2 MICROFLUIDIC FLOW CONTROLLER SYSTEMS
80NSSC24PC012,"DRURY HOTELS COMPANY, LLC",47594.75,2024-08-12,"VENUE RENTAL, FACILITATION, AND COORDINATION"
80NSSC24PC013,UNIVERSITY OF MARYLAND BALTIMORE COUNTY,30000.0,2024-08-13,CONDUCT OPTIC MEASUREMENTS AND ANALYSES ON SEMICONDUCTOR SAMPLES PROVIDED BY NASA
80NSSC24PC014,MELTTOOLS LLC,26815.0,2024-08-12,MELTTOOL CUSTOM WELDING CAMERA
80NSSC24PC015,APPLIED NANOTOOLS INC,16190.0,2024-08-20,PURCHASE OF 10 COPIES OF SILICON PHOTONICS INTEGRATED CIRCUIT MANUFACTURED TO SPECIFICATION
80NSSC24PC016,STERIS CORPORATION,23451.76,2024-08-13,STERIS AUTOCLAVE REPAIR & MAINTENANCE
80NSSC24PC017,BATTELLE MEMORIAL INSTITUTE,60000.0,2024-08-12,PROGRAM RENEWAL OF A BASIC MEMEBERSHIP
80NSSC24PC018,"TELEDYNE LECROY, INC.",15681.0,2024-08-13,1GSPS 4-CHANNEL 14-BIT RESOLUTION DIGITIZER W/ USB INTERFACE & DC-COUPLED INPUT & REAL-TIME PULSE DETECTION FIRMWARE
80NSSC24PC019,HAMAMATSU CORP,22099.98,2024-08-12,PURCHASE OF PHOTOMULTIPLIER TUBES
80NSSC24PC020,"HITACHI HIGH-TECH AMERICA, INC.",32676.0,2024-08-12,"2024 SERVICE CONTRACT FOR HITACHI S-4700, SN 6059-03"
80NSSC24PC021,ULTRAMET,156500.0,2024-08-23,FY24 SBIR PHASE I - HIGH-PERFORMANCE DEORBIT ENGINE WITH MINIMAL POWER REQUIREMENTS
80NSSC24PC022,VIRGINIA DEPARTMENT OF ENVIRONMENTAL QUALITY,32247.0,2024-08-12,STATE REGULATORY OVERSIGHT AND DOCUMENT REVIEW BY THE VIRGINIA DEPARTMENT OF ENVIRONMENTAL QUALITY FOR THE NASA WFF FUDS PROGRAM
80NSSC24PC023,"STILWELL AND ASSOCIATES OF THE U.S.A., INC.",24675.0,2024-08-12,DIGITAL LOCKOUT/TAGOUT LICENSE SUBSCRIPTION RENEWAL
80NSSC24PC024,PAWLING ENGINEERED PRODUCTS LLC,15080.0,2024-08-12,SEALS FOR BUTTERFLY VALVES
80NSSC24PC025,MAYR CORPORATION,10552.9,2024-08-12,BRAKES FOR NPOL ANTENNA
80NSSC24PC026,"PEPE TOOLS, INC",16835.63,2024-08-12,CUSTOM ROLLING MILL FOR WIRE
80NSSC24PC028,"HUMPHREYS & ASSOCIATES, INC.",23937.5,2024-08-12,RENEWAL OF THE H&A VIRTUAL LEARNING LABORATORIES
80NSSC24PC029,PKJ INTERNATIONAL LLC,27048.0,2024-08-12,HERMETIC ELECTRICAL CONNECTORS FOR CONVERTERS
80NSSC24PC030,APPLANIX CORP,102960.0,2024-08-15,HARDWARE MAINTENANCE
80NSSC24PC031,"NANOPRINTEK, INC.",55000.0,2024-08-12,UV LASER AND MASS FLOW CONTROLLER (MFC) UPGRADE
80NSSC24PC032,"QUINTRON SYSTEMS, LLC",21071.0,2024-08-12,QUINTRON MAINTENANCE OPERATIONS AND HARDWARE TRAINING
80NSSC24PC033,DS GOVERNMENT SOLUTIONS CORP,189002.8,2024-08-13,POWERFLOW LICENSE RENEWAL
80NSSC24PC034,ZYAGEN,17940.0,2024-08-13,140 MOUSE BRAINS / 31 MOUSE BRAIN BLOCKS TO GENERATE 25 SLIDES OF EACH BLOCK
80NSSC24PC036,FLORIDA STATE UNIVERSITY,30000.0,2024-08-19,PARTIAL DISCHARGE ANALYSIS OF COUPON SAMPLES CREATED AT NASA GRC
80NSSC24PC037,AXIS COMMUNICATIONS INC,0.0,2024-08-13,PTZ VIDEO CAMERAS
80NSSC24PC038,TOPTICA PHOTONICS INC,33792.0,2024-08-13,TOPTICA TUNABLE DIODE LASER SYSTEM
80NSSC24PC039,PRECISION CONTROL SYSTEMS INC,145530.0,2024-08-13,"33 MODIFIED MODEL 5209-10 QUARTZ LAMP HEATERS AND WINDOW KITS. THE TOTAL ESTIMATED COST OF THIS EFFORT IS $145,530 AND THE ESTIMATED PERIOD OF PERFORMANCE OR LEAD-TIME FOR DELIVERY IS 16-18 WEEKS ARO."
80NSSC24PC040,"SAES GETTERS/U.S.A., INC.",15368.0,2024-08-13,SAES NEG/ION PUMP
80NSSC24PC041,"ANTARES PICTURES, INC",35588.0,2024-08-13,SPACE SUITS FOR NASA LANGLEY
80NSSC24PC042,R. M. YOUNG COMPANY LLC,37586.56,2024-08-14,WIND MONITOR AND WEATHER TRANSMITTER
80NSSC24PC043,DE LEON ACCESS FLOORS INC,33321.0,2024-08-15,PURCHASE AND INSTALL A RAISED FLOOR IN THE DIRECT CONNECT CONTROL ROOM
80NSSC24PC044,TOPTICA PHOTONICS INC,127200.0,2024-08-14,WAVEMETER HIGHFINESSE  HF-ANGS WS8-2 MCLC8
80NSSC24PC045,QUANTUM OPUS LLC,53300.0,2024-08-14,COLD HEAD REPLACEMENT & DETECTOR CONSOLIDATION
80NSSC24PC046,"EDYNAMIC.COM, INC",95996.0,2024-08-13,PURCHASE OF (4) ADVANCED TECHNICAL COURSES IN SUPPORT OF ED FUTURE WORK
80NSSC24PC047,"DIBERT VALVE AND FITTING COMPANY, INCORPORATED",32167.95,2024-08-29,OT SWAGELOK PARTS AND FITTINGS
80NSSC24PC049,SOCIETY OF WOMEN ENGINEERS,33100.0,2024-08-14,SOCIETY OF WOMEN ENGINEERS (SWE) CORPORATE PARTNERSHIP COUNCIL AND PARTICIPATION IN ASSOCIATED RECRUITING EVENTS
80NSSC24PC050,PORT ELECTRONICS CORPORATION,15045.0,2024-08-14,OT  EKU1ZCU208V1G FPGA BOARD
80NSSC24PC051,"SHIMADZU SCIENTIFIC INSTRUMENTS, INC.",25032.66,2024-08-13,LAB SOLUTIONS TOC VERSION
80NSSC24PC052,"PRODUCT EVALUATION SYSTEMS, LLC.",139968.0,2024-08-14,NI-CO-CR-BASED ALLOY HIGH TEMPERATURE MECHANICAL TESTING
80NSSC24PC053,"MAURY MICROWAVE, INC.",17618.0,2024-08-14,WR-187 TRL CALIBRATION KIT
80NSSC24PC054,"ZIRCAR CERAMICS, INC",11878.0,2024-08-15,MICROPOROUS INSULATION LOT FOR LABORATORY TEST ARTICLE
80NSSC24PC055,"STREAMLINE NUMERICS, INC.",99998.0,2024-08-16,ENHANCEMENTS TO THE ANALYSIS TO LOCI-STREAM
80NSSC24PC056,"QUASONIX, INC.",61355.0,2024-08-14,TM TRANSMITTER/S/C-BAND TELEMETRY AND ANALOG/QSX-AC-32-HS-28V-SP
80NSSC24PC057,DS GOVERNMENT SOLUTIONS CORP,183750.0,2024-08-15,DASSAULT SYSTEMS SERVICE - CONSULTING
80NSSC24PC058,TA INSTRUMENTS - WATERS L.L.C.,75930.0,2024-08-16,TA INSTRUMENTS TGA55 SYSTEM
80NSSC24PC059,ELECTRICAL EQUIPMENT CO,23053.64,2024-08-16,ELECTRICAL COMPONENTS FOR THE 14X22 CONTROL ROOM PLC UPDATE
80NSSC24PC060,"MAK TECHNOLOGIES, INC.",30250.0,2024-08-21,MAK RTI MAINTENANCE RENEWAL.
80NSSC24PC061,"SAUNDERS CONTRACTING SERVICES, INC.",94316.47,2024-08-14,ELECTRICAL CONTRACTING SERVICES
80NSSC24PC062,UNIVERSITY OF TARTU,60109.0,2024-08-19,RADIOMETER CALIBRATION AND CHARACTERIZATION SERVICES FROM TARTU OBSERVATORY IN ESTONIA.
80NSSC24PC063,EUROPEAN SYNCHROTRON RADIATION FACILITY,139686.0,2024-08-15,OBTAIN HIGH SPEED X-RAY VIDEOGRAPHY WHILE TRIGGERING AN INTERNAL SHORT CIRCUIT.
80NSSC24PC064,THE JANDOR GROUP LLC,100000.0,2024-08-14,"TRAINING PURCHASE OVER $25,000.00"
80NSSC24PC066,"KJT ENTERPRISES, INC",28500.0,2024-08-14,UPGRADED VECTOR MAGNETOMETER
80NSSC24PC067,"DATA PROOF, LLC",13726.0,2024-08-15,16 CHANNEL SCANNER WITH SHIELDED CABLE INPUTS MODEL: 160B OPT4
80NSSC24PC068,"QUASONIX, INC.",67125.0,2024-08-14,QUASONIX RECEIVERS AND TRANSMITTERS
80NSSC24PC069,"OPERATION TECHNOLOGY, INC.",38023.0,2024-08-14,ETAP MAINTENANCE RENEWAL
80NSSC24PC070,"ALLIED HIGH TECH PRODUCTS, INC.",23883.25,2024-08-15,GRINDER/POLISHER WITH INTEGRATED FLUID DISPENSER AND ACCESSORIES
80NSSC24PC071,ELECTRICAL EQUIPMENT CO,36479.33,2024-08-15,PLC REPAIR FOR SUPERSONIC LOW DISTURBANCE TUNNEL
80NSSC24PC073,AGILENT TECHNOLOGIES INC,19630.5,2024-05-15,(2) MODEL 305 TURBOMOLECULAR PUMPS AND CONTROLLERS
80NSSC24PC074,"SHIMADZU SCIENTIFIC INSTRUMENTS, INC.",10639.8,2024-08-15,TOTAL NITROGEN MODULE
80NSSC24PC075,"SPACEK LABS, INC.",41457.0,2024-08-15,94 GHZ DOPPLER RADAR
80NSSC24PC076,KULITE SEMICONDUCTOR PRODUCTS INC,89778.0,2024-08-15,SUPER HIGH TEMPERATURE PRESSURE TRANSDUCER IN 200 PSI ABSOLUTE RANGE WITH DOMESTIC 10-32 BY 0.437-INCH-LONG PORT AND 12 INCHES OF HARD CABLE BETWEEN SENSOR AND TRANSITION
80NSSC24PC077,"M. BRAUN, INC",60303.25,2024-08-19,PURCHASE OF A MBRAUN LABSTAR PRO SP GLOVE BOX.
80NSSC24PC078,"BARBIZON CAPITOL, INC.",11200.0,2024-08-15,ARRI X21 SOFT & HARD LIGHT PACKAGE
80NSSC24PC079,SOPHISTICATED ALLOYS INC,33570.0,2024-08-15,MASTER INGOTS FOR MAGNETICS PROCESSING
80NSSC24PC080,LUMIBIRD INC,135045.86,2024-08-16,NEW ND:YAD AND DYE LASER SYSTEM ELMT STANDALONE
80NSSC24PC081,VIRGINIA DEPARTMENT OF ENVIRONMENTAL QUALITY,45695.0,2024-08-19,STATE REGULATORY OVERSIGHT AND DOCUMENT REVIEW BY THE VIRGINIA DEPARTMENT OF ENVIRONMENTAL QUALITY FOR THE NASA WFF ENVIRONMENTAL COMPLIANCE RESTORATION (ECR) PROGRAM
80NSSC24PC082,"CPI ELECTRON DEVICE BUSINESS, INC.",118050.0,2024-08-15,S-BAND MAGNETRON
80NSSC24PC083,"TTTECH NORTH AMERICA, INC.",249300.0,2024-08-16,TTTECH TTE SWITCH QTY OF 9
80NSSC24PC084,FEI COMPANY,105464.88,2024-08-27,"2024 SERVICE CONTRACT FOR THERMO FISHER SCIENTIFIC, TALOS F200-S POP 11/01/24 TO 10/31/2025"
80NSSC24PC085,AFUZION INC,14000.0,2024-08-15,SFD AFUZION TRAINING AT AFRC
80NSSC24PC086,"ENVIRONMENTAL SPECIALTIES, LLC",248538.0,2024-08-15,8 INCUBATORS FOR FOOD TESTING
80NSSC24PC087,PHILLIPS CORPORATION,19197.0,2024-08-16,"QTY 1, ROTARY TABLE WITH A1-6 SPINDLE NOSE, PART # HRTA"
80NSSC24PC089,CONCURRENT TECHNOLOGIES CORP,60358.0,2024-08-15,ADDITIVELY MANUFACTURED OSCILLATING HEAT PIPES WITH INCONEL-625
80NSSC24PC090,JCPDS INTERNATIONAL CENTRE FOR DIFFRACTION DATA,14165.0,2024-08-16,JADE PRO/PDF SOFTWARE LICENSE RENEWALS
80NSSC24PC091,TRUSTEES OF CLARK UNIVERSITY,247425.0,2024-08-15,"HLS GEOFM FOR AQUACULTURE AND WETLANDS, BIOMASS EST AND DEFORESTATION"
80NSSC24PC092,HONEYWELL INTERNATIONAL INC.,249481.16,2024-08-20,VALIDATION OF ADVANCED LINER CONCEPTS VIA STATIC ENGINE TEST
80NSSC24PC093,THE NATIONAL ASSOCIATION OF ROCKETRY,121895.0,2024-08-05,SUPPORT OF NASA STUDENT LAUNCH INITIATIVE
80NSSC24PC094,PHOTONWARES CORP,24070.0,2024-08-21,OT ATTENUATION CONTROL / FIBER CABLE / SPLITTER
80NSSC24PC095,"CROSS TECHNOLOGIES, INC",21928.72,2024-08-16,MOTOR VARIABLE FREQUENCY DRIVE
80NSSC24PC096,DEWESOFT LLC,28810.0,2024-08-16,W7 FACILITY DEWESOFT SIRIUS SYSTEM
80NSSC24PC097,GREAT MINDS IN STEM,44040.0,2024-08-20,GREAT MINDS IN STEM CONFERENCE SUPPORT
80NSSC24PC098,HYDRAULIC AND PNEUMATIC SYSTEMS INC,17783.37,2024-08-16,OIL COOLER FOR A COAXIAL TEST STAND
80NSSC24PC100,"LANDING PRODUCTS, INC",21850.0,2024-08-16,INJECTION MOLDED PROPELLER BLADE DESIGN AND FABRICATION OF 40 BLADES
80NSSC24PC101,"SAUNDERS CONTRACTING SERVICES, INC.",169409.0,2024-08-19,UTILITY TUNNEL SAFETY CAMERAS
80NSSC24PC102,FEI COMPANY,47416.92,2024-08-22,MAINTENANCE SERVICE CONTRACT FOR FEI QUANTA 600 FEG
80NSSC24PC103,"STEMCOMM VENTURES, LLC",247000.0,2024-09-10,NASA ASSISTIVE TECHNOLOGIES SHOWCASE SUMMIT AND ENTREPRENEURIAL TRAINING.
80NSSC24PC104,NANOTECH CONSULTING LLC,11000.0,2024-08-19,TRANSMISSION ELECTRON MICROSCOPY REPAIR/SERVICE.
80NSSC24PC106,UNIVERSITY OF MIAMI,199656.0,2024-08-22,CARTA MEMBERSHIP
80NSSC24PC107,"TECOLOTE RESEARCH, INC.",12648.0,2024-08-19,2-DAY JACS TRAINING
80NSSC24PC108,SPEEDGOAT INC,42299.0,2024-08-19,PERFORMANCE REAL-TIME TARGET MACHINE
80NSSC24PC109,SPEEDGOAT INC,42299.0,2024-08-19,PERFORMANCE REAL-TIME TARGET MACHINE ELECTRIFIED AIRCRAFT PROPULSION (EAP) RESEARCH.
80NSSC24PC110,KEYSIGHT TECHNOLOGIES INC,10546.0,2024-08-19,16451B DIELECTRIC MATERIAL TEST FIXTURE
80NSSC24PC111,TA INSTRUMENTS - WATERS L.L.C.,13100.0,2024-08-19,REPLACEMENT TGA Q500/Q50 FURNACE
80NSSC24PC112,"CATERPILLAR, INC",123883.0,2024-08-19,FABRICATION/DESIGN
80NSSC24PC113,TELEDYNE FLIR COMMERCIAL SYSTEMS INC.,10695.0,2024-08-20,FLIR DATA RECORDER
80NSSC24PC114,OREGON STATE UNIVERSITY,249972.0,2024-08-19,"DEVELOP AND TEST HLS GEOFM FOR LAND USE, CHANGE ATTRIBUTION AND BIOMASS PREDICTION"
80NSSC24PC115,"KERR PANEL MANUFACTURING, LLC",65650.0,2024-09-03,PSI GROUND TEST THRUSTER PANEL FABRICATION
80NSSC24PC116,CHASE BOATS LLC,26000.0,2024-08-22,"TOOLING PROCUREMENT FOR MOLD OF MAE 100"" SUBSCALE FLIGHT VEHICLE"
80NSSC24PC117,KULITE SEMICONDUCTOR PRODUCTS INC,22915.0,2024-08-20,KULTITE PRESSURE TRANSDUCER SPARES
80NSSC24PC118,GOHYPERSONIC INCORPORATED,13500.0,2024-08-19,LINK 3D SOFTWARE RENEWAL
80NSSC24PC119,HOTTINGER BRUEL & KJAER INC.,91702.8,2024-08-20,QTY. 6 LAN-XI 3050-A-060-R INPUT MODULES
80NSSC24PC120,SENSURON LLC,43359.03,2024-08-19,SENSURION SUREVIEW POLUMIDE COATED SENSING FIBER
80NSSC24PC121,INNOVMETRIC LOGICIELS INC,13496.25,2024-08-20,POLYWORKS SUPPORT RENEWAL
80NSSC24PC122,"HUNTSVILLE EMERGENCY MEDICAL SERVICES, INCORPORATED",123900.0,2024-08-20,HEMSI AED MISSION AND TRANSPORTS
80NSSC24PC123,TTG IMAGING SOLUTIONS LLC,13200.0,2024-08-20,REPAIR OF THE 6MV LINEAR ACCELERATOR AT ATF
80NSSC24PC124,"IDEAL VACUUM PRODUCTS, LLC",20710.5,2024-08-20,PROCUREMENT OF EBARA EV-SA30 DRY VACUUM PUMP
80NSSC24PC125,APPLANIX CORP,37080.0,2024-08-20,GNSS-INERTIAL INSTRUMENT (AVX-210) UNIT
80NSSC24PC126,KIMBALL PHYSICS INC,15355.0,2024-08-21,CONFIGURABLE ULTRA-HIGH VACUUM CHAMBER FOR AIRLESS BODY RADIATION STUDIES
80NSSC24PC127,STANCIL CORP,36820.0,2024-08-20,STANCIL VOICE LOGGING RECORDER
80NSSC24PC129,INTEL FEDERAL LLC,100000.0,2024-08-26,"TRAINING PURCHASE OVER $25,000.00"
80NSSC24PC130,TRUSTEES OF BOSTON UNIVERSITY,244761.0,2024-08-21,"HARMONIZED LANDSAT SENTINEL-2 (HLS) AI GEOSPATIAL FOUNDATIONAL MODEL (GEOFM) FOR SPECTRAL, SPATIAL, TEMPORAL, CHANGE AND DISTURBANCE ANALYSES"
80NSSC24PC131,UNIVERSITY OF ARIZONA,0.0,2024-08-23,DEVELOP AND TEST HLS GEOFM FOR SCIENCE-DRIVEN ADVANCES FOR EARTH OBSERVATION
80NSSC24PC132,"RALPH A. FELICE, INC.",87400.0,2024-08-20,NON-CONTRACT SPECTROPYROMETER
80NSSC24PC133,"PCB PIEZOTRONICS, INC.",46416.24,2024-08-20,QUANTITY OF 30 SHOCK ACCELEROMETERS
80NSSC24PC134,"JAMA SOFTWARE, INC",61668.53,2024-08-22,JAMA SOFTWARE RENEWAL
80NSSC24PC135,KELLY TRACTOR CO,112492.8,2024-08-23,SERVICE AND REPAIR OF CRANE
80NSSC24PC136,SPECTRUM INSTRUMENTATION CORP,36020.0,2024-08-21,"SPECTRUM DIGITIZER NETBOX, 16 BIT MULTI-PURPOSE DIGITIZER - MAGNUS HAW - ARC - TSM"
80NSSC24PC137,FIREFLY AEROSPACE INC.,185000.0,2024-08-20,ACCESS TO SPACE (ATS) TRADE STUDIES
80NSSC24PC138,"BLUE ORIGIN, LLC",249996.0,2024-08-20,ACCESS TO SPACE (ATS) TRADE STUDIES
80NSSC24PC139,LANTERIS SPACE LLC,250000.0,2024-08-20,ACCESS TO SPACE (ATS) TRADE STUDIES
80NSSC24PC140,TALENTSMART INC.,21093.0,2024-08-21,NASA OIG OPERATES USING 1-YEAR FUNDING.
80NSSC24PC141,"CASCADE TEK SOLUTIONS, LLC",140722.0,2024-08-21,CASCADE TEK THERMAL OVEN
80NSSC24PC142,"HDTV SUPPLY, INC.",17300.0,2024-08-21,WOLFPACK 4K/60 36X36 HDMI MATRIX SWITCHER FOR AIR MOBILITY PATHFINDERS (AMP) MOF6
80NSSC24PC143,"1 POINT PROCUREMENT SOLUTIONS, LLC",69348.38,2024-08-21,FIVE (5) ATI DELTA DAQ F/T TRANSDUCERS (LOAD CELLS) WITH DUAL CALIBRATION US-75-300 AND US-50-150 WITH POWER SUPPLIES AND ONE 45 M LONG CABLE AND ONE 5M LONG CABLE EACH
80NSSC24PC144,MATTHEW WELSH,8189.17,2024-08-21,REPLACEMENT EF10 MOTOR STARTER FOR NTF.
80NSSC24PC145,"INTERWORLD HIGHWAY, LLC",12132.0,2024-08-22,POLYSCIENCE CHILLERS
80NSSC24PC146,STANCIL CORP,12775.85,2024-08-21,FY24 STANCIL MAINTENANCE SUPPORT RENEWAL
80NSSC24PC147,"SCHNEIDER ELECTRIC USA, INC.",18796.53,2024-08-22,SCADA DEVELOPMENT
80NSSC24PC148,DIGI-KEY CORP,0.0,2024-08-22,WOLFSPEED INVERTER
80NSSC24PC149,"AVNET, INC.",68060.4,2024-08-23,RENEWAL OF WIND RIVER VXWORKS SOFTWARE MAINTENANCE
80NSSC24PC150,"TESTFORCE USA, INC.",71491.2,2024-08-22,TEKTRONIX KEITHLEY 2470 SOURCE MEASURE UNI
80NSSC24PC151,"CENTER FOR ADVANCED STUDIES IN BUSINESS, INC.",24795.0,2024-08-26,LEADING FOR TECHNICAL AND SCIENTIFIC INNOVATION
80NSSC24PC152,LUMENTUM OPERATIONS LLC,30744.0,2024-08-28,"1-HIGH-BANDWIDTH COHERENT DRIVER MODULATOR, 1-HB-CDM EVALUATION BOARD KIT, 1-INTRADYNE COHERENT RECEIVER (ICR), 1-ICR EVALUATION BOARD KIT"
80NSSC24PC153,INTELLIGENT INTERNATIONAL INC.,14863.16,2024-08-28,TEMPERATURE MEASUREMENT HARDWARE SUPPLIES
80NSSC24PC154,VECTORBUILDER INC,23434.0,2024-08-28,STABLE CELL LINE GENERATION CRO SERVICE PROPOSAL
80NSSC24PC156,ILLINOIS TOOL WORKS INC,160710.0,2024-08-22,INSTRON 68TM-50 TEST SYSTEM
80NSSC24PC157,H. CO. COMPUTER PRODUCTS,37472.0,2024-08-22,TWO WINDOWS PUGET WORKSTATION EPYC 9004 E210-XL
80NSSC24PC158,CORRELATED SOLUTIONS INC,31199.0,2024-08-22,DIGITAL IMAGE CORRELATION SYSTEM
80NSSC24PC159,PINK ELEPHANT CORP.,14850.0,2024-08-22,3 DAY VIRTUAL IT ASSET MGMT - 15 PARTICIPANTS
80NSSC24PC161,CARAHSOFT TECHNOLOGY CORP,25263.2,2024-08-23,RENEWAL COVERITY SOFTWARE LICENSE
80NSSC24PC162,"HUMANETICS DIGITAL NORTH AMERICA, INC.",30000.0,2024-08-28,ANTHROSCAN SOFTWARE 5/1/25 - 4/30/26
80NSSC24PC163,DELTEK INC.,48175.68,2024-08-22,DELTEK'S ACUMEN FUSE SOFTWARE
80NSSC24PC164,DS GOVERNMENT SOLUTIONS CORP,151420.04,2024-08-22,POWERFLOW SOFTWARE RENEWAL
80NSSC24PC165,"ROCKWELL COLLINS, INC.",141814.0,2024-08-22,"TEST LEADS, MANIFOLDS."
80NSSC24PC166,"HEXAGON MANUFACTURING INTELLIGENCE, INC.",9982.6,2024-08-23,REPAIRS ON COORDINATE MEASUREMENT MACHINE - CHAMELEON (CMM)
80NSSC24PC167,"BES-3D, LLC",26462.0,2024-08-27,3D FIGURE 4 STANDALONE PRINTER SYSTEM
80NSSC24PC168,CADENCE DESIGN SYSTEMS INC,31212.0,2024-08-23,MAINTENANCE CONTRACT FOR FINE/TURBO SOFTWARE. THIS SOFTWARE IS USED FOR ENGINE NOISE RESEARCH.
80NSSC24PC169,TECHNETICS GROUP LLC,15597.5,2024-08-22,OT FABRICATE C SEALS
80NSSC24PC170,PHC CORPORATION OF NORTH AMERICA,29463.0,2024-08-23,TO PURCHASE FREEZER/FRIDGE ALARMS FOR ALL COLD STORAGE UNITS IN N288
80NSSC24PC171,UNIVERSITY OF SOUTHERN CALIFORNIA,50779.64,2024-08-28,"TEST ARTEMIS LOGISTICS OFF-LOADING TECHNIQUES, PRESSURIZED CONTAINER SIZES, AND TRANSFER METHODS USING MOCKUPS STAGED ON THE SEAFLOOR"
80NSSC24PC172,MTS SYSTEMS CORPORATION,147098.0,2024-08-22,SMCB LABS + DDTRB HARDWARE - FLEXTEST40 + OTHER MTS HARDWARE
80NSSC24PC173,KEYSIGHT TECHNOLOGIES INC,13554.0,2024-08-27,KEYSIGHT B2961 & N1298B FILTER
80NSSC24PC174,"SOUTHCO & ASSOC., INC.",14294.55,2024-08-23,LATHE FOR TDT
80NSSC24PC176,UNIVERSITY OF MAINE SYSTEM,286336.0,2024-08-23,TORUS STRAP INDENTATION TESTING
80NSSC24PC177,VPRIME TECH INC,47130.0,2024-08-23,INFICON LEAK DETECTOR
80NSSC24PC179,"QUINTRON SYSTEMS, LLC",120525.0,2024-08-23,QUINTRON HEADSETS
80NSSC24PC182,TELEDYNE FLIR COMMERCIAL SYSTEMS INC.,88885.0,2024-08-23,FLIR SENSOR CAMERA
80NSSC24PC183,"LASERLINE, INC.",40000.0,2024-08-23,LASAR ECI - THERMAL VACUUM-RATED LASER OPTICS AND DELIVERY FIBER
80NSSC24PC184,STEIGER DYNAMICS LLC,44319.26,2024-08-26,STEIGERGROUND CONTROL STATION COMPUTERS
80NSSC24PC185,"PINNACLE MANUFACTURING, LLC",50435.0,2024-08-23,500 BBL CORRUGATED WALL FRAC TANK FOR USE AT THE NASA LANGLEY RESEARCH CENTER (LARC) TRANSONIC DYNAMICS TUNNEL (TDT).
80NSSC24PC186,"PHYSICAL ELECTRONICS USA, INC.",23214.0,2024-08-23,SERVICE CONTRACT FOR PHYSICAL ELECTRONICS MODEL PHI 5000
80NSSC24PC187,CONVERGENT MANUFACTURING TECHNOLOGIES INC,21337.0,2024-08-23,COMPRO/RAVEN ANNUAL LEASE RENEWAL FY24
80NSSC24PC188,SPECTRAL DYNAMICS INC,87600.0,2024-08-23,THIS PROCUREMENT IS FOR A SET OF FIELD COILS FROM SPECTRAL DYNAMICS INC.
80NSSC24PC189,OTT HYDROMET CORP,13746.27,2024-08-27,PLUVIO UNITS
80NSSC24PC190,"ONE TECH SOL, LLC",26348.54,2024-08-26,MB PROJECTS HARDWARE
80NSSC24PC191,CELERITAS SIMULATION TECHNOLOGY LLC,15036.84,2024-08-26,SUGGAR++ SOFTWARE LIBRARY LICENSES
80NSSC24PC192,STI ELECTRONICS INC,45760.0,2024-08-26,DEVELOPMENT OF TRAINING MATERIALS FOR WORKMANSHIP TRAINING COURSES
80NSSC24PC193,ESI NORTH AMERICA INC,86830.0,2024-08-23,COMPOSITES ANNUAL SITE LICENSE RENEWAL
80NSSC24PC194,"HEALTHREEL, INC",60000.0,2024-08-26,OT NASA CONSULTING/TECH TRANSFER SEMINAR PLANNING
80NSSC24PC196,VPRIME TECH INC,41699.58,2024-08-26,ANALYTICAL MICROBALANCE
80NSSC24PC197,EPSILON TECHNOLOGY CORPORATION,36990.0,2024-08-26,OPTICAL EXTENSOMETER
80NSSC24PC198,"XOMETRY, INC.",20571.48,2024-08-26,NODES (STRUCTURAL COMPONENT) FOR OUR TRITRUSS HARDWARE ASSEMBLY
80NSSC24PC199,"SIENNA TECHNOLOGIES, INC.",65500.0,2024-08-26,MULTI-CHIP MODULE PACKAGING OF SIC PRESSURE SENSORS AND ELECTRONICS
80NSSC24PC200,"J. BYL HOLDINGS, LLC",30686.38,2024-08-26,QTY 158 MATISS CUSTOM CLEVIS
80NSSC24PC202,AMERICAN GEOSCIENCES INSTITUTE,26600.0,2024-08-26,"PURCHASE OF 4,433 2023 EARTH SCIENCE WEEK KITS FOR DISTRIBUTION IN THE NASA COMMUNITY THAT FOCUSES ON SUPPORTING LEARNERS."
80NSSC24PC203,"SKYDIO, INC",15968.09,2024-08-27,SKYDIO X10 STARTER KIT (DRONE)
80NSSC24PC204,AVO MULTI-AMP CORP,36095.0,2024-08-27,BAKER DX STATIC MOTOR ANALYZER
80NSSC24PC207,"VISION RESEARCH, INC",124500.0,2024-08-27,VISION RESEARCH PHANTOM
80NSSC24PC208,"SEMITORR GROUP, LLC",65500.0,2024-08-28,TWO NEW SEMITORR SCRUBBERS
80NSSC24PC209,"IDEAL VACUUM PRODUCTS, LLC",12186.14,2024-08-29,HELIUM COMPRESSOR
80NSSC24PC210,CITY OF HOUSTON,203284.0,2024-08-27,LEASED AIR-TIME ON THE CITY OF HOUSTON (COH) 800-MHZ TRUNKED RADIO NETWORK
80NSSC24PC211,"NORTHWEST ULD, INC",25054.0,2024-08-27,VERONTE AUTOPILOT
80NSSC24PC212,NATIONAL TEST PILOT SCHOOL INC,24720.0,2024-08-27,TECHNICAL PILOT COURSE FOR PRODUCTION/ACCEPTANCE/MAINTENANCE FLIGHT TEST - FIXED WING TESTING COURSE
80NSSC24PC213,GEORGE MASON UNIVERSITY,200000.0,2024-08-28,"INDUSTRY MEMBERSHIP TO THE CENTER FOR SPATIOTEMPORAL THINKING, COMPUTING, AND APPLICATIONS"
80NSSC24PC214,RODYN VIBRATION ANALYSIS INC,12000.0,2024-08-27,SW  - DYROBES
80NSSC24PC216,"VACUUM INSTRUMENTS CORPORATION, LLC",51211.0,2024-08-27,PURCHASING OF A HELIUM LEAK DETECTOR
80NSSC24PC217,SUMMIT PRODUCTS CORPORATION,181500.0,2024-08-27,THIS IS FOR A PROCUREMENT FOR 5000 NSI-3A SHORTING PLUGS
80NSSC24PC218,KEYSIGHT TECHNOLOGIES INC,25876.44,2024-08-28,FY24 KEYSIGHT W3607B RENEWAL
80NSSC24PC219,"ANSYS GOVERNMENT INITIATIVES, LLC",78750.0,2024-08-27,ANSYS SCHEDULER
80NSSC24PC220,MATCHID US INC,22008.7,2024-08-28,MATCHID SOFTWARE
80NSSC24PC221,HIDEN ANALYTICAL INC,221194.23,2024-08-29,HEIDEN ANALYTICAL EQP-9 QUADRUPOLE MASS SPECTROMETER AND ESPION LANGMUIR PROBE
80NSSC24PC222,NATIONAL OUTDOOR LEADERSHIP SCHOOL,25000.0,2024-08-27,OUTDOOR LEADERSHIP AND TEAM BUILDING EXPEDITION TRAINING
80NSSC24PC223,TRILION QUALITY SYSTEMS LLC,10560.0,2024-08-27,ARAMIS ANNUAL RENEWAL
80NSSC24PC224,"PORTERSVILLE PRD, LLC",26890.0,2024-08-27,20-INCH BUTTERFLY VALVE-ZWICK MODEL I1 DOUBLE FLANGED TRI-CON TR
80NSSC24PC225,"LPKF DISTRIBUTION, INC.",15214.21,2024-08-27,CHILLER FOR LPKF LASER ETCHER
80NSSC24PC226,ZYGO CORPORATION,10383.0,2024-08-27,THE ZYGO VERIFIRE INTERFEROMETER INSTRUMENT
80NSSC24PC227,"ENTERPRISE TECHNOLOGY SOLUTIONS, INC.",0.0,2024-08-28,QV SCRIBE LICENSES RENEWAL
80NSSC24PC228,"RAFAY MOBILE, INC.",16460.0,2024-08-27,IVEIA AURORA CARRIER DEVELOPMENT KITS
80NSSC24PC229,"TYTO ATHENE, LLC",32944.57,2024-08-27,FY24 MOTOROLA TYTO ATHENE VESTA E911 MAINTENANCE RENEWAL
80NSSC24PC230,TPS LLC,36075.0,2024-08-30,C20RC2.0-A-S1.2-C THERMAL TEST CHAMBER
80NSSC24PC231,DS GOVERNMENT SOLUTIONS CORP,58040.0,2024-08-30,WAVE 6 SOFTWARE LICENSE
80NSSC24PC232,"ATA ENGINEERING, INC.",13728.0,2024-08-28,SW - FEMAP (NON-LINEAR)
80NSSC24PC233,"LAVISION, INC.",45357.0,2024-08-30,YAG DUAL CAVITY PULSED LASER
80NSSC24PC234,"HAMERNIK-HARROD, INC",102500.0,2024-08-29,ENGINEERING DEVELOPMENT UNITS FOR IN-SPACE VARIABLE OUTPUT REGULATOR
80NSSC24PC235,VCLOUD TECH INC,19837.17,2024-08-27,"APPLE MAC STUDIO & 27"" STUDIO DISPLAY"
80NSSC24PC236,DESIGNED LEARNING INC,36000.0,2024-09-05,TRAINING PURCHASE
80NSSC24PC237,IMAGINE-X INC,204400.0,2024-08-28,PROCURE FOUR IMAGINE-X CADMIUM-TELLURIDE HARD X-RAY DETECTORS FOR SUPERHERO
80NSSC24PC238,TECPLOT INC,83790.0,2024-08-28,SW- TECPLOT
80NSSC24PC239,AMERICAN GEOSCIENCES INSTITUTE,26600.0,2024-08-28,"2024 EARTH SCIENCE WEEK KITS, WHICH ARE EDUCATIONAL MATERIALS FROM FEDERAL AND GEOSCIENCE INSTITIONS WHO OD EARTH SCIENCE RESEARCH. THE KITS WILL BE DELIVERED TO TEACHERS AND EDUCATORS IN SMD'S SCIENCE ACTIVATION NETWORK."
80NSSC24PC240,ALTAIR ENGINEERING INC.,17257.5,2024-08-28,SW- PSIM
80NSSC24PC242,GORILLA CIRCUITS,37132.0,2024-08-29,PRINTED CIRCUIT BOARD FABRICATION AND ASSEMBLY FOR MAGIC
80NSSC24PC243,KURT J LESKER CO,13305.0,2024-09-05,RHODIUM SPUTTERING TARGETS
80NSSC24PC244,KEYSIGHT TECHNOLOGIES INC,94934.04,2024-08-28,RENEWAL EXATA MODELING SOFTWARE LICENSE AND SUPPORT
80NSSC24PC245,"ADMIRAL INSTRUMENTS, LLC",23675.0,2024-08-28,"GET A 4-CHANNEL BATTERY CYCLER WITH 15A, 5V CHARGE/DISCHARGE CAPABILITY THAT IS COMPACT AND PORTABLE."
80NSSC24PC246,"SIDUS SPACE, INC.",24816.47,2024-08-28,LABOR SUPPORT FOR AUTONOMOUS SATELLITE TECHNOLOGY FOR RESILIENT APPLICATIONS
80NSSC24PC247,ION OPTICS INC,63280.0,2024-09-13,WINDOW REPLACEMENT
80NSSC24PC248,LANDSCAPE FORMS INC,17690.0,2024-08-29,"UMBRELLA COVERS AT THE EXCHANGE CAFETERIA PICNIC TABLES NEED TO BE REPLACED BY AUGUST 31,2024."
80NSSC24PC249,GENERAL STANDARDS CORP,20725.0,2024-08-29,GENERAL STANDARDS I/O CARDS
80NSSC24PC250,"WORLD 50, LLC",24000.0,2024-08-29,ANALYTICS 50 MEMBERSHIP
80NSSC24PC251,MORGAN INGLAND LLC,20755.44,2024-08-29,TERADEK VIDEO EQUIPMENT
80NSSC24PC252,KEYSIGHT TECHNOLOGIES INC,12855.0,2024-08-30,KEYSIGHT POWER SUPPLY
80NSSC24PC253,"EPPENDORF NORTH AMERICA, INC.",15890.0,2024-08-29,1 YEAR EQUIPMENT SERVICE PLAN ON EPMOTION 5075
80NSSC24PC254,CORTEST INC,15780.0,2024-08-29,"3-POINT BEND FIXTURES AND 3/8""-16X0.875"" LG. LOADING BOLT W/CERAMIC BALL TIP"
80NSSC24PC255,"TVAR SOLUTIONS, LLC",12271.16,2024-08-29,FPRTINET RENEWAL
80NSSC24PC256,HOTTINGER BRUEL & KJAER INC.,38969.0,2024-08-29,B&K SW MAINTENANCE RENEWAL
80NSSC24PC257,KIMBALL PHYSICS INC,75280.0,2024-08-29,KIMBALL PHYSICS 30KEV ELECTRON GUN SYSTEM
80NSSC24PC258,INSTANT SYSTEMS INC,60195.0,2024-08-29,"NON-STERILE KIT, BIOLOC"
80NSSC24PC259,"COMPOSITE AUTOMATION, LLC",226484.0,2024-09-03,ISOJET 2K RESIN INJECTION SYSTEM
80NSSC24PC260,SKYTECH INC,11049.13,2024-09-03,AIRCRAFT MAINTENANCE
80NSSC24PC261,"MILLS/JAMES, INC.",50000.0,2024-09-03,AUDIO/VISUAL SERVICES FOR OFF-SITE CONFERENCE
80NSSC24PC262,AMERICAN UNIVERSITY,196250.0,2024-08-29,IDAS ADVANCED LEADERSHIP TRAINING
80NSSC24PC263,IRCAMERA LLC,43338.0,2024-08-29,DEVELOPMENT AND ACQUISITION OF A LIQUID NITROGEN COOLED MID-WAVE (LN2MW) CAMERA
80NSSC24PC264,CADENCE DESIGN SYSTEMS INC,72819.0,2024-08-29,FINETURBO HPC LICENSE
80NSSC24PC265,LEARNING TREE INTERNATIONAL USA INC,66195.0,2024-08-29,LEARNING TREE ITIL FOUNDATION COURSES
80NSSC24PC267,FOMS INC,199619.2,2024-08-30,THE REQUEST IS FOR THE MANUFACTURING AND DELIVERY OF SPACE-ANNEALED GLASS PREFORMS AND HYBRID OPTICAL FIBER PRODUCED FROM THE PREFORMS AS A DEMONSTRATION OF IN-SPACE MANUFACTURING R&D.
80NSSC24PC269,KPMG LLP,96000.0,2024-09-03,KPMG ASPIRE IMMERSION
80NSSC24PC270,C M FURNACES INC.,12688.84,2024-09-03,FURNACE HEATING ELEMENTS AND STRAPS
80NSSC24PC271,THE MITRE CORPORATION,105332.0,2024-08-30,TRAINING IMMERSION FOR NASA EXECUTIVES AND TECHNICAL LEADERS-MITRE
80NSSC24PC272,DATA PHYSICS CORPORATION,68840.0,2024-09-10,DATA ACQUISITIONS SYSTEMS
80NSSC24PC274,VPRIME TECH INC,58405.05,2024-09-04,ANNUAL RENEWAL OF CST STUDIO LICENSE MAINTENANCE
80NSSC24PC275,CHROMA SYSTEMS SOLUTIONS INC,42069.59,2024-09-11,BI-DIRECTIONAL POWER SUPPLY
80NSSC24PC277,SYNERGY SYSTEMS CORP,33245.0,2024-09-03,OT COMPRESSOR
80NSSC24PC278,"MERIDIAN TECHNOLOGIES, INC.",20000.0,2024-09-03,MERIDIAN TECHNOLOGIES EQUIPMENT
80NSSC24PC279,INRACKS LLC,20189.0,2024-09-03,INRACKS CONSOLE
80NSSC24PC280,"NEXTNAV, LLC",20303.5,2024-09-03,NEXTNAV LPS BEACON NETWORK AND RECEIVER SUSTAINMENT (MONITORING AND MAINTENANCE)
80NSSC24PC281,"CRYOWORKS, INC.",71800.54,2024-09-03,VACUUM JACKETED PIPING & ANALYSIS FOR VACUUM FACILITY 20 (VF-20) SYSTEM
80NSSC24PC283,"HUBBELL INDUSTRIAL CONTROLS, INC",88304.0,2024-09-03,HUBBELL DYNAMIC BRAKE MODULE AND BRAKE RESISTOR
80NSSC24PC284,ENSIGN-BICKFORD AEROSPACE & DEFENSE COMPANY,213885.0,2024-09-03,FOR PROCURING ETL TEST LEADS FOR PYROTECHNIC TESTING AT ESTA.
80NSSC24PC285,"NTS TECHNICAL SYSTEMS, LLC",48877.5,2024-09-03,VIBRATION TESTING OF ORION DROGUE RISER CUTTERS
80NSSC24PC286,"THE ALABAMA A&M UNIVERSITY RESEARCH, INNOVATION, SCIENCE AND ENGINEERING FOUNDATION, INC.",49970.99,2024-09-03,COLLABORATIVE DATA SCIENCE PROJECTS FOCUS ON NASA EARTH SCIENCE
80NSSC24PC287,"AFP INDUSTRIES, INC.",48377.6,2024-09-04,ACTUATORS FOR RECONFIGURABLE TEST SET UPS
80NSSC24PC288,FOTRONIC CORPORATION,10963.0,2024-09-04,OT ELECTROMETER
80NSSC24PC289,UPSIDE DOWN DREAMS LLC,22000.0,2024-09-03,SHEA SPEAKER
80NSSC24PC290,UNIVERSITY CORPORATION FOR ATMOSPHERIC RESEARCH,19957.0,2024-09-19,PARTICIPATION IN THE LIGHTNING ADVISORY PANEL
80NSSC24PC291,THERMO-CALC SOFTWARE INC.,35059.5,2024-09-03,SUNLL MAINTENANCE
80NSSC24PC292,MINXRAY INC,84321.0,2024-09-04,IMPACT 14 X 17/TR90BH BATTERY POWERED PORTABLE DIGITAL RADIOGRAPHY SYSTEM
80NSSC24PC293,GEORGIA TECH RESEARCH CORP,100000.0,2024-09-03,LANDSCAPE ANALYSIS OF LUNAR POWER GENERATION AND DISTRIBUTION STUDY.
80NSSC24PC294,"METAL IMPROVEMENT COMPANY, LLC",11500.0,2024-09-04,EBC COATING FABRICATION
80NSSC24PC295,PRESIDENT AND FELLOWS OF HARVARD COLLEGE,25800.0,2024-09-04,THIS IS AN OFF-SITE TRAINING ADMINISTRATION REQUEST IN WHICH THE VENDOR DOES NOT ACCEPT CREDIT CARD PAYMENT.
80NSSC24PC297,"DROPLET MEASUREMENT TECHNOLOGIES, LLC",220450.0,2024-09-04,MINIMPL INSTRUMENTS
80NSSC24PC299,SIEMENS GOVERNMENT TECHNOLOGIES INC,30120.0,2024-09-04,SW -  NX SIMCENTER
80NSSC24PC300,TECHNOSTORE LLC,71843.43,2024-09-06,BIZON X7000 G2 GPU SERVER
80NSSC24PC301,"ASPEN TECHNOLOGY, INC.",254616.0,2024-09-05,"THIS IS A PURCHASE ORDER FOR ASPENONE SOFTWARE RENEWAL AND ASSOCIATED SERVICES PER THE ATTACHED ASPEN TECHNOLOGY INC QUOTE 142273, DATED 08/29/2024.  THE PERIOD OF PERFORMANCE IS 09/09/2024 - 09/08/2025."
80NSSC24PC302,CAEN TECHNOLOGIES INC,16762.75,2024-09-06,CAEN DT5000N HEXAGON DUAL CHANNEL DIGITAL PULSE PROCESSOR
80NSSC24PC303,PRESIDENT AND FELLOWS OF HARVARD COLLEGE,25800.0,2024-09-05,SENIOR EXEXUTIVE TRAINING
80NSSC24PC304,NEWPORT CORP,12734.0,2024-09-13,REPLACEMENT LASER TABLE FOR ACF
80NSSC24PC305,SUSS MICROTEC INC,208230.0,2024-09-09,SEMI-AUTOMATED COATING/DEVELOPING PLATFORM FOR SEMICONDUCTOR FABRICATION
80NSSC24PC306,NEXUS GOVERNMENT SOLUTIONS LLC,16890.9,2024-09-05,ELEMENTAL MELT STOCK
80NSSC24PC307,INTERGRAPH CORPORATION,21240.0,2024-09-05,CAESAR RENEWAL
80NSSC24PC308,LNRS DATA SERVICES INC,12044.03,2024-09-05,AIR TRAFFIC DATA STREAM ACCOUNT
80NSSC24PC309,LEBOW CORPORATION,19236.0,2024-09-05,CUSTOM UN FOIL FILTERS
80NSSC24PC310,"CRAWFORD ELECTRIC SUPPLY COMPANY, LLC",19353.3,2024-09-05,"THE FOLLOWING COMPONENTS: TEN 10 AB 1492-C050050UF LAW 2-LENGTH 841.905 E 8419.05 D-CABLE CONNECTION PRODUCTS, TEN  AB 1492-CABLE050Z DIGITAL CABLE CONNECTION PRODUCTS, AND TEN AB 1492-CABLE050Z DIGITAL CABLE CONNECTION PRODUCTS"
80NSSC24PC311,HELDEN AEROSPACE CORPORATION,20000.0,2024-09-05,ANNUAL SINGLE SEAT NETWORK LICENSE HELDENMESH SOFTWARE
80NSSC24PC312,"TECHNICAL COMMUNITIES, INC.",45181.98,2024-09-10,TURBO PUMP AND HELIUM LEAK DETECTOR
80NSSC24PC313,RTX CORPORATION,249672.0,2024-09-05,"120 OF THE THREE-DIMENSIONAL (3D) (CVI-SIC/SIC), (CMC) DOGBONE SPECIMEN"
80NSSC24PC314,"PHYSIO SYSTEMS, INC.",98730.0,2024-09-05,16-CHANNEL 5MSA/S 24BIT SHOCK MEASUREMENT SYSTEM
80NSSC24PC315,"GARMIN INTERNATIONAL, INC.",197500.0,2024-09-05,GARMIN CUSTOM DATABASE PACKAGE
80NSSC24PC316,DAWN VME PRODUCTS,14442.44,2024-09-05,DAWN VME POWER SUPPLY FOR SOUNDING ROCKET DATA ACQUISITION AND COMMAND SYSTEM
80NSSC24PC317,ALTAIR ENGINEERING INC.,30900.0,2024-09-05,ALTAIR UNITS MAINTENANCE RENEWAL
80NSSC24PC318,SIEMENS INDUSTRY SOFTWARE INC.,16225.0,2024-09-09,TO RENEW STAR CCM
80NSSC24PC319,4WAVE INC.,16800.0,2024-09-12,ROUGHING SCROLL PUMP FOR 4WAVE ION MILL TOOL
80NSSC24PC320,GULFSTREAM AEROSPACE CORPORATION,14025.0,2024-09-05,"GULFSTREAM LIBRARY CMP.NET LARGE CABIN, ANNUAL RENEWAL"
80NSSC24PC322,CRYOWEAVE LLC,22495.74,2024-09-05,LOOMED CABLES
80NSSC24PC323,SPECTRA VISTA CORPORATION,83020.0,2024-09-06,SVC FIELD PORTABLE SPECTRORADIO METER
80NSSC24PC324,MICROCHIP TECHNOLOGY INC,35143.33,2024-09-05,HPSC DEV KIT - MICROCHIP
80NSSC24PC325,"ILLUMINA, INC.",92922.5,2024-09-11,SEQUENCING REAGENTS AND FLOW CELLS
80NSSC24PC326,THE MITRE CORPORATION,14928.0,2024-09-06,STG WORKING GROUP
80NSSC24PC327,SISENSE INC,98398.07,2024-09-05,FY24 SISENSE RENEWAL
80NSSC24PC328,CRESCENT ELECTRIC SUPPLY CO,54087.89,2024-09-16,SCHNEIDER ELECTRIC M580 PLC EQUIPMENT
80NSSC24PC329,SCHOEFFEL INTERNATIONAL CORP,24260.0,2024-09-09,"SPECIAL 10KV, 30MA SUPPLY"
80NSSC24PC330,GOVCONNECTION INC,0.0,2024-09-05,TWO HIGH END WORKSTATIONS FOR THE LUNAR ARCHITECT TEAM
80NSSC24PC331,"ELI GROUP, LLC",27500.0,2024-09-05,EXECUTIVE LEADERSHIP IMPACT
80NSSC24PC332,THE ENVIRONMENT MARYLAND DEPARTMENT OF,57804.0,2024-09-09,MDE REGULATORY OVERSIGHT
80NSSC24PC333,QA GROUP LLC,40154.0,2024-09-07,OT MULTI-SHOT PYROLYZER AND ACCESSORIES
80NSSC24PC334,"PFEIFFER VACUUM, INC.",58872.0,2024-09-09,OT VACUUM HARDWARE
80NSSC24PC335,PHILLIPS CORPORATION,138165.0,2024-09-06,"VN400Q-TH, LINEAR MOTOR DRIVEN WIRE EDM"
80NSSC24PC336,THE RESEARCH FOUNDATION FOR THE STATE UNIVERSITY OF NEW YORK,10005.0,2024-09-11,SUNY HYPERSPECTRAL IMAGING
80NSSC24PC337,SAITECH INC,14500.0,2024-09-06,LENEL LNL-X4420 ADVANCED DUAL READER CONTROLLERS
80NSSC24PC338,"PFEIFFER VACUUM, INC.",19684.0,2024-09-06,ROUGHING PUMP AND TURBO PUMP SYSTEM
80NSSC24PC340,ADVANCED DICING TECHNOLOGIES INC,96770.0,2024-09-06,AUTOMATED DICING SAW
80NSSC24PC341,"LAKE SHORE CRYOTRONICS, INC.",11026.0,2024-09-09,A THERMOMETRY SYSTEM
80NSSC24PC343,"CUMBERLAND ADDITIVE, INC",43966.68,2024-09-12,ADDITIVE MANUFACTURING OF MATERIAL TEST HARDWARE FOR CE-13 FACILITY
80NSSC24PC344,"CRAWFORD ELECTRIC SUPPLY COMPANY, LLC",208955.44,2024-09-09,PLC AND UPS EQUIPMENT
80NSSC24PC345,"HUIE, DOUGLAS H",25094.0,2024-09-10,AMPR INTEGRATION AND DEINTEGRATION FOR WHYMSIE CAMPAIGN
80NSSC24PC346,"LAMINAR RESEARCH, LLC",31300.0,2024-09-10,X-PLANE12_LICENSES_25EA FOR CSAOB RESEARCH ACTIVITIES-DAVID WEST- LARC
80NSSC24PC347,KAY KAY LLC,33233.45,2024-09-10,"2KV, 50KW UNIDIRECTIONAL DC POWER SUPPLY."
80NSSC24PC348,CHEMSPEED TECHNOLOGIES INC.,18000.0,2024-09-12,CHEMSPEED ANNUAL SERVICE CONTRACT
80NSSC24PC349,ALTOS PHOTONICS INC,40320.5,2024-09-09,POTASSIUM TITANYL PHOSPHATE (KTP) CRYSTALS
80NSSC24PC350,AETHER EMBEDDED LLC,244400.0,2024-09-11,OT MICRO PULSE LIDAR (MPL) ENVIRONMENTAL ENCLOSURES
80NSSC24PC351,"ONE TECH SOL, LLC",39320.6,2024-09-09,GENSYM G2 DEVELOPMENT-QA/TEST
80NSSC24PC353,TELEDYNE FLIR COMMERCIAL SYSTEMS INC.,136340.0,2024-09-11,SEVERAL PIECES OF EQUIPMENT: A. FLIR8581 CAMERA B. 25MM LENS PN 4215425 C. 100MM LENS PN 4215502 D. 50MM LENS PN PKG-FPO-MWIR E. CALIBRATION SERVICES F. RESEARCH STUDIO PERPETUAL LICENSE
80NSSC24PC354,"CONCURRENT REAL-TIME, INC.",165532.0,2024-09-11,MAV CONCURRENT IHAWK SYSTEMS PURCHASE
80NSSC24PC355,"ALL METAL SALES, INC",26706.8,2024-09-10,HEATER TUBES
80NSSC24PC356,SENSURON LLC,138520.05,2024-09-10,FIBER OPTIC SENSING SYSTEM (FOSS) FOR ECO-DEMONSTRATOR
80NSSC24PC357,"PRECISION FILTERS, INC.",57765.0,2024-09-16,OPTIONS CONTRACT PR  ITEM: 4-CARD MAINFRAME W/PS AND CONTROL CARD
80NSSC24PC358,OBJECT MANAGEMENT GROUP INC,37500.0,2024-09-10,FOR PROCUREMENT OF NASA'S MEMBERSHIP IN THE OBJECT MANAGEMENT GROUP (OMG) STANDARD
80NSSC24PC359,TA INSTRUMENTS - WATERS L.L.C.,118734.0,2024-09-11,"OT TA INSTRUMENTS TGA 5500 PACKAGE,INSTALLATION & TRAINING"
80NSSC24PC361,"MOXTEK, INC.",13222.71,2024-09-10,OT POLARIZER PPL04 HIGH CONTRAST
80NSSC24PC362,"CQ-ROLL CALL, INC",89950.0,2024-09-11,CQ ROLL CALL/FISCAL NOTE RENEWAL
80NSSC24PC363,QUALCOMM TECHNOLOGIES INC,6000.0,2024-09-12,QUALCOMM 5G LEARNING - FOUR SUBSCRIPTIONS
80NSSC24PC364,"EOS OF NORTH AMERICA, INC.",10981.66,2024-09-17,PROCUREMENTS OF METAL 3D PRINTER PARTS AND CONSUMABLES
80NSSC24PC365,SIERRA NEVADA GLOBAL LOGISTICS LLC,10792.74,2024-09-17,DELL PROGRESS ECS CONNECTION MANAGER H1 1 YEAR RENEWAL LICENSE
80NSSC24PC366,"SATCOM DIRECT GOVERNMENT, LLC",19300.0,2024-09-23,RUGGEDIZED IRIDIUM SATCOM SYSTEM
80NSSC24PC367,HARBEC INC,105768.0,2024-09-10,"104 END CAPS, 104 END CAP SLEEVES"
80NSSC24PC368,KULITE SEMICONDUCTOR PRODUCTS INC,117068.0,2024-09-11,HIGH TEMPERATURE PRESSURE TRANSDUCER 200 AND 100 PSI
80NSSC24PC369,REM ELECTRONICS SUPPLY CO INC,15185.2,2024-09-10,PURCHASE REQUEST - FUSES FOR FLL - 170 QTY
80NSSC24PC370,"OXFORD INSTRUMENTS AMERICA, INC.",28181.0,2024-09-12,WINDOWS 11 UPGRADED COMPUTER SYSTEM FOR CONTROL OF AN EDS
80NSSC24PC371,TESCAN USA INC,36700.0,2024-09-11,"2024 SERVICE CONTRACT FOR TESCAN, MAIA3"
80NSSC24PC372,DS GOVERNMENT SOLUTIONS CORP,69683.79,2024-09-11,MAGIC DRAW LICENSES
80NSSC24PC373,SYNERGY SYSTEMS CORP,75345.0,2024-09-12,PROCUREMENT OF TWO SUMITOMO CRYOPUMPS
80NSSC24PC374,ARHAB LLC,10950.0,2024-09-12,LOAD CELL MONITORING DEVICE
80NSSC24PC375,"SET NORTH AMERICA, LLC",30875.0,2024-09-26,SOFTWARE UPGRADE FOR FC150 AND FC300 FLIP CHIP BONDERS
80NSSC24PC376,MASSACHUSETTS INSTITUTE OF TECHNOLOGY,11000.0,2024-09-11,AGREEMENT WITH MIT
80NSSC24PC377,GEORGIA STATE UNIVERSITY RESEARCH FOUNDATION INC,249742.0,2024-09-12,SDO AI HELIO FOUNDATION MODEL (HELIOFM) FOR IMPROVED SPACE WEATHER FORECASTING
80NSSC24PC378,"OPTHOS INSTRUMENT COMPANY, LLC",12512.0,2024-09-11,UV SOURCE SYSTEM
80NSSC24PC379,MTS SYSTEMS CORPORATION,14833.0,2024-09-11,MTS ACTUATOR FOR STANDS 15 AND 10
80NSSC24PC380,SCHOEFFEL INTERNATIONAL CORP,48250.0,2024-09-12,MCPHERSON INC X-RAY SOURCE
80NSSC24PC381,LECO CORP,26198.4,2024-09-12,2024 SERVICE CONTRACT FOR LECO ON736 AND CS844
80NSSC24PC382,SPECTRA VISTA CORPORATION,99700.0,2024-09-23,SPECTRA SVC HR- 1024I FILED PORTABLE SPECTROMETER
80NSSC24PC383,AMERICAN AUDIO VISUAL LLC,9900.0,2024-09-11,EQUIPMENT RENTAL AND TECHNICAL SUPPORT (FOR CONERENCE)
80NSSC24PC384,TEVET LLC,45742.95,2024-09-11,ROHDE & SCHWARZ MXO5 OSCILLOSCOPE
80NSSC24PC385,BSNB LLC,28500.0,2024-09-11,RADIO FREQUENCY TESTING
80NSSC24PC386,COST EFFECTIVE EQUIPMENT LLC,14480.0,2024-09-12,OT APOGEE BAKE PLATE
80NSSC24PC387,"LI-COR, INC.",140964.02,2024-09-12,LI-COR PORTABLE PHOTOSYNTHESIS SYSTEM WITH FLUOROMETER
80NSSC24PC388,H. CO. COMPUTER PRODUCTS,20184.0,2024-09-12,SUPERLOGICS 4U RACK MOUNT SERVER
80NSSC24PC389,REAL TIME NETWORKS INC,13282.0,2024-09-12,ADDITIONAL TERMINAL KEYPADS TO SUPPORT KIOSK CABINETS.
80NSSC24PC390,AANTILIA LLC,0.0,2024-09-12,WATER COOLED RECIRCULATING CHILLER
80NSSC24PC391,"DOCPOINT SOLUTIONS, LLC",89100.0,2024-09-12,"NINTEX WORKFLOW - ENTERPRISE EDITION SUBSCRIPTION, 1 YEAR"
80NSSC24PC392,OERLIKON METCO US INC,11240.0,2024-09-12,SERVICE CALL TO REPAIR THE POWER SUPPLY IN THE PS-PVD FACILITY
80NSSC24PC394,PARTNERSHIP FOR PUBLIC SERVICE INC,28750.0,2024-09-12,PARTNERSHIP FOR PUBLIC SERVICE. MEMBERSHIP IN THE FEDERAL HUMAN CAPITAL COLLABORATIVE
80NSSC24PC395,CRH INDUSTRIAL WATER LLC,45094.36,2024-09-12,SERVICE CONTRACT FOR DEIONIZED WATER SYSTEM
80NSSC24PC396,ALPHA ENGINEERING TECHNICAL SERVICES CORP,26979.0,2024-09-16,OT CUSTOM HV SHIELDS
80NSSC24PC397,NTOPOLOGY INC,30000.0,2024-09-12,CLOUD FLOATING LICENSE (COUNTRY-SPECIFIC)
80NSSC24PC398,THE UNIVERSITY OF ALABAMA IN HUNTSVILLE,44631.0,2024-09-18,PARTICIPATION IN THE LIGHTING ADVISORY PANEL
80NSSC24PC399,INTERFACE INC.,65028.0,2024-09-12,6-AXIS LOAD CELLS
80NSSC24PC400,SAFE SECURITIES INC,14000.0,2024-09-19,FACTOR ANALYSIS OF INFORMATION RISK (FAIR) TRAINING FOR 8 PARTICIPANTS
80NSSC24PC401,"ATLAS DEVICES, LLC",34863.89,2024-09-13,SPACESUIT RENTAL
80NSSC24PC402,"CDS ANALYTICAL, LLC",65579.76,2024-09-23,CDS 6200 PYROPROBE
80NSSC24PC403,"AMAERO ADVANCED MATERIALS & MANUFACTURING, INC.",57000.0,2024-09-16,C103 L-PBF POWDER PROCUREMENT
80NSSC24PC404,C-THERM TECHNOLOGIES LTD,20434.0,2024-09-17,CTHERM NEEDLE PROBE SENSOR FOR TRIDENT INSTRUMENT
80NSSC24PC405,"LEIDOS, INC.",0.0,2024-09-19,FY24 VERINT ANNUAL MAINTENANCE & SUPPORT COVERAGE STANDARD PLAN
80NSSC24PC406,DOMINION AIR & MACHINERY CO.,25590.0,2024-09-18,ONE (1) FSG2A618 SEMI-AUTOMATIC GRINDER
80NSSC24PC407,AMERICAN ASTRONOMICAL SOCIETY,12500.0,2024-09-17,OT REGISTRATION FOR AAS DPS56 PLATINUM SPONSOR
80NSSC24PC408,HOTTINGER BRUEL & KJAER INC.,85683.6,2024-09-16,BK CONNECT RENEWAL
80NSSC24PC409,"SILVER FIR SOFTWARE, INC.",18000.0,2024-09-16,SILVER FIR SOFTWARE
80NSSC24PC410,OPTIMA STANTRON CORP,0.0,2024-09-18,ELMA VPX BACKPLANE FOR SOUNDING ROCKET DACS
80NSSC24PC411,SOFTWARE FOR CHEMISTRY & MATERIALS B.V.,12859.44,2024-09-17,"ANNUAL LICENSE FOR MOLECULAR DYNAMICS INCLUDING REAXFF, AMS DRIVER/GUI, ADV TOOLS"
80NSSC24PC413,"PFEIFFER VACUUM, INC.",21154.2,2024-09-16,VACUUM HARDWARE
80NSSC24PC414,"QUASONIX, INC.",61715.0,2024-09-16,"QUASONIX  DUAL-CHANNEL, 5-BAND TELEMETRY RECEIVER ANALYZER"
80NSSC24PC415,"DDC-I, INC.",15000.0,2024-09-18,"DEOS-DDS- 653-MC DEOS DEVELOPMENT SEAT SUBSCRIPTION, ARINC 653 AND RATE MONOTONIC APIS USING MULTICORE OPERATION NUMBER OF SEATS 1 SUBSCRIPTION TERM 1 YEAR DEVELOPMENT HOST: WINDOWS CODE NAME: IRONHILL BASELINE: JUPITER BSP: NAI68PPC2"
80NSSC24PC416,AXIOM OPTICS INC,35020.0,2024-09-16,EXTENDED SHORT-WAVE INFRARED (SWIR) CAMERA AND LENS
80NSSC24PC418,"AMPTEK, INC",11986.0,2024-09-19,OT 2 DCMA-902 DIGITAL MULTICHANNEL ANALYZERS
80NSSC24PC419,"TEAMEDA, INC.",17000.0,2024-09-16,SW - LAMUM
80NSSC24PC420,"TRIGGS TECH, LLC",195835.0,2024-09-16,"FY YEAR 1 LABOR (OCT 24- SEPT 25), QNTY 1,"
80NSSC24PC421,AXIOMETRIX SOLUTIONS INC,46669.0,2024-09-17,GRAS MICROPHONE CALIBRATION SYSTEM
80NSSC24PC422,VCLOUD GOV INC.,72025.0,2024-09-17,MAGNETIC PARTICLE WET BENCH USED FOR NONDESTRUCTIVE TESTING
80NSSC24PC423,"EXPERIMENTAL DESIGN & ANALYSIS SOLUTIONS, INC",24794.0,2024-09-17,SW MAINTENANCE RENEWAL FOR 32-CHANNEL APEX/EDAS STRAIN GAGE DATA ACQUISITION SYSTEM
80NSSC24PC424,SPECTRADYNAMICS INC,21884.0,2024-09-17,HROG-10 OPT-LN
80NSSC24PC425,"GLENAIR, INC.",18458.56,2024-09-17,FLIGHT AND TEST HOLD-DOWN RELEASE MECHANISMS FOR THE HLM PROJECT - FLIGHT HARDWARE FOR SPACECRAFT
80NSSC24PC426,CRESCENT ELECTRIC SUPPLY CO,24766.87,2024-09-20,ELECTRICAL AND ELECTRONIC PARTS AND COMPONENTS
80NSSC24PC427,PRESCOUTER INC,133000.0,2024-09-17,TECHNOLOGY RESEARCH IN TARGETED AREAS TO INFORM PROJECT STRATEGIC
80NSSC24PC429,"MAC BUSINESS SOLUTIONS, INC.",27197.28,2024-09-18,"APPLE 16"" MACBOOK PRO M3 PRO"
80NSSC24PC430,ARIZONA STATE UNIVERSITY,91468.0,2024-09-17,SEMICONDUCTOR DEVELOPMENT FOR INSPACE
80NSSC24PC431,"TRAD TESTS AND RADIATIONS, INC",19050.0,2024-09-18,TRAD_P_NAS_FAS_MP_110624_REV0
80NSSC24PC432,ULC TECHNOLOGIES LLC,20000.0,2024-09-19,AUSMOS GPR ROBOT DEMONSTRATION
80NSSC24PC433,QUALCOMM TECHNOLOGIES INC,24000.0,2024-09-18,QUALCOMM TEN SUBSCRIPTIONS (LICENSES) FOR INDIVIDUALS TO BE ABLE TO TAKE NUMEROUS COURSES FOR 1 YEAR
80NSSC24PC434,"ROHDE & SCHWARZ USA, INC.",83950.0,2024-09-17,EXTERNAL FRONTEND (FE110ST) AND FILTER (FE110-Z10)
80NSSC24PC435,PLEXIM GMBH,20160.0,2024-09-17,PLECS SOFTWARE LICENSES
80NSSC24PC436,"TTTECH NORTH AMERICA, INC.",19917.0,2024-09-18,TTE-TOOLS 5 DEVELOPMENT SUITE - STARTER EDITION AND SOFTWARE MAINTENANCE
80NSSC24PC437,"ROHDE & SCHWARZ USA, INC.",14325.0,2024-09-18,REPAIR OF ROHDE & SCHWARZ MODEL FSW43 SPECTRUM ANALYZER
80NSSC24PC438,EDDYFI CORP,60531.0,2024-09-17,EDDYFI ECTANE 3 WITH 64-CHANNEL ECA AND SMARTMUX
80NSSC24PC439,"QUINTRON SYSTEMS, LLC",14700.0,2024-09-19,QUINTRON LABOR FOR DEVELOPMENT AND TESTING
80NSSC24PC440,"TECHNO-SCIENCES, LLC",209065.85,2024-09-18,THE NASA SEARCH & RESCUE OFFICE REQUIRES THE INTEGRATION OF COMMERCIAL OFF-THE SHELF (COTS) MISSION CONTROL CENTER (MCC) WITH THE EXISTING GSFC MEDIUM EARTH ORBIT SEARCH
80NSSC24PC441,"EOS OF NORTH AMERICA, INC.",50000.0,2024-09-18,ADDITIONAL 1 MONTH RENTAL FOR AN EOS M400 PRINTER
80NSSC24PC442,"CURTISS-WRIGHT DS, INC.",50750.0,2024-09-18,REPAIR OF 29 MSCD-606D 6-CH. SIG CONDITIONING MODULES
80NSSC24PC443,"NORTHWEST ULD, INC",26603.0,2024-09-18,SILVUS RADIOS
80NSSC24PC444,REMEDI INC.,60100.0,2024-09-25,REMEDI DEVICE PORTABLE X-RAY UNIT REMEX-KA6
80NSSC24PC445,THERMOELECTRIC COOLING AMERICA CORPORATION,10236.0,2024-09-19,THERMOELECTRIC COOLING HOT/COLD PLATE
80NSSC24PC446,ARIZONA STATE UNIVERSITY,249955.0,2024-09-18,DEVELOP AND TEST HLS GEOFM FOR SCIENCE-DRIVEN ADVANCES FOR EARTH OBSERVATION
80NSSC24PC447,"NETZSCH INSTRUMENTS NORTH AMERICA, LLC",16320.0,2024-09-18,NETZSCH THERMAL ANALYTICAL INSTRUMENT SERVICE CONTRACT
80NSSC24PC448,DYNAMIC ENGINEERING,21470.0,2024-09-18,CONDUCTION COOLED PMC SPACEWIRE CARD FOR SOUNDING ROCKET DACS
80NSSC24PC449,NATIONAL CONSORTIUM FOR GRADUATE DEGREES FOR MINORITIES IN ENGINEERING AND SCIENCE INC.,202500.0,2024-09-18,THE PURCHASE OF THIS IS FOR THE NATIONAL GEM CONSORTIUM PARTNERSHIP WITH NASA TO SPONSOR BOTH MASTERS AND PH. D FELLOWSHIP STIPENDS AND ADMINISTRATION FEES
80NSSC24PC450,NATIONAL CONSORTIUM FOR GRADUATE DEGREES FOR MINORITIES IN ENGINEERING AND SCIENCE INC.,59500.0,2024-09-18,SPONSORSHIP OF 2024 GEM ANNUAL BOARD MEETING AND CONFERENCE + STUDENT TRAVEL
80NSSC24PC451,NIDAZ LLC,45897.0,2024-09-20,BOS 30 RESILIENT SEATED BUTTERFLY VALVE
80NSSC24PC452,KULITE SEMICONDUCTOR PRODUCTS INC,74159.0,2024-09-25,PRESSURE TRANSDUCERS
80NSSC24PC453,CHROMA SYSTEMS SOLUTIONS INC,30748.48,2024-09-19,LOW POWER PROGRAMMABLE AC SOURCE
80NSSC24PC454,ARHAB LLC,14064.17,2024-09-19,REPLACEMENT MOTOR FOR 2X3 WIND TUNNEL
80NSSC24PC455,CARAHSOFT TECHNOLOGY CORP,604500.0,2024-09-25,"THIS PURCHASE ORDER IS FOR BENTLEY SYSTEMS SOFTWARE FOR KSC QUOTE # 42105893 DATED 06/05/2024. THE PERIOD OF PERFORMANCE IS AS FOLLOW: BASE PERIOD 10/01/2024 - 09/30/2025 $307,500.00"
80NSSC24PC456,KNOWINNOVATION INC,127125.0,2024-09-23,KNOWINNOVATION TO FACILITATE SET OF VIRTUAL MEETINGS IN SUPPORT OF FIRESENSE AND PRACTITIONERS
80NSSC24PC457,MASSACHUSETTS INSTITUTE OF TECHNOLOGY,60000.0,2024-09-19,MIT SUBSCRIPTION RENEWAL
80NSSC24PC458,"KIJERO, LLC",0.0,2024-09-19,MEMKOR GUNMETAL SERIES 3U VPX MK3X SSD STORAGE MODULES
80NSSC24PC459,"BASIL EQUIPMENT, INC.",12915.0,2024-09-24,LOAD MOMENT INDICATOR
80NSSC24PC460,PARRISH BUSINESS SERVICES LLC,40000.0,2024-09-24,ANTI-HARASSMENT TRAINING
80NSSC24PC463,SIEMENS GOVERNMENT TECHNOLOGIES INC,10640.0,2024-09-21,SIMCENTER STAR-CCM+ POWER ON DEMAND RENEWAL
80NSSC24PC467,"ADVANCED HPC, INC.",12046.98,2024-09-19,BRIGHT CLUSTER MANAGER PUBLIC CUSTOMER  ONE YEAR SUPPORT
80NSSC24PC468,MTS SYSTEMS CORPORATION,81532.0,2024-09-19,2024-243832 NASA MTS 505.90_10168439 505E REPLACEMENT MODULES - IN THE HYDRAULIC POWER UNIT (HPU) SUPPORTING THE HYDRAULIC LOAD FRAMES IN THE LAB IN B1205
80NSSC24PC470,TPS LLC,54390.0,2024-09-23,BLUE M INERT GAS OVEN
80NSSC24PC471,TA INSTRUMENTS - WATERS L.L.C.,15290.0,2024-09-20,TA INSTRUMENTS  Q400 Q600 Q800 MAINT AGREEMENT BASIC
80NSSC24PC472,FED CREW INC,58585.75,2024-09-20,DUAL CHANNEL ROTARY JOINT
80NSSC24PC473,"ASCA, INC",244304.0,2024-09-20,PRELIMINARY PROBABILISTIC RISK ASSESSMENT FOR THE DRAGONFLY MISSION IN SUPPORT OF NUCLEAR SAFETY DATABOOK
80NSSC24PC474,"GIGAHERTZ-OPTIK, INC.",44016.7,2024-09-20,280MM INNER DIAMETER INTEGRATING SPHERE
80NSSC24PC475,ZUKEN USA INC,0.0,2024-09-20,ZUKEN DS.E3 LICENSE DATA AND CONFIGURATION MANAGEMENT POP: 10/1/24 - 9/30/25
80NSSC24PC476,IMAGINE-X INC,213300.0,2024-09-20,"IMAGINE-X INC. - CALIBRATION,"
80NSSC24PC477,AANTILIA LLC,140518.4,2024-09-23,HOT TUBE BUNDLE TUBE PROCUREMENT FOR PSL STAHL HEATER
80NSSC24PC478,THE SLOAN BROTHERS CO,44012.06,2024-09-24,4 LUBRICATOR SYSTEMS REQUIRED FOR EXISTING VACUUM PUMP COMPRESSOR SYSTEMS
80NSSC24PC481,SCIGLOB INSTRUMENTS & SERVICES LLC,33150.0,2024-09-23,ONE (1) EACH SPECTRORADIOMETER SENSOR HEAD FOR THE SPECTRAL MEASUREMENTS FOR ATMOSPHERIC RADIATIVE TRANSFER
80NSSC24PC482,M + P INTERNATIONAL INC.,57575.0,2024-09-23,32 CHANNEL VIBRUNNER DATA ACQUISITION UPGRADE
80NSSC24PC483,"TTTECH NORTH AMERICA, INC.",49500.0,2024-09-23,SWITCH LAB SPACE
80NSSC24PC484,KULR TECHNOLOGY CORP,82500.0,2024-09-23,30 HIGH SPECIFIC ENERGY TRIGGER CELLS.
80NSSC24PC485,"THORLABS, INC",13738.43,2024-09-23,LFE1220W-US - WALKWAY LAMINAR FLOW ENCLOSURE FOR 4' X 6' TABLE
80NSSC24PC486,PRODUCTION AUTOMATION CORPORATION,19793.4,2024-09-25,ESD BENCHES
80NSSC24PC487,"ATA ENGINEERING, INC.",15300.0,2024-09-23,ATA SOFTWARE TOKENS RENEWAL
80NSSC24PC488,THERMO ELECTRON NORTH AMERICA LLC,215238.44,2024-09-23,OT : THERMO FISHER GC ISOLINK II TRACE FOR CH AND TRACE GC1610 SYSTEM
80NSSC24PC489,TEXTRON AVIATION INC,18887.22,2024-09-23,101-389001-5/  HOSE ASSY/ QTY 2
80NSSC24PC490,QRA CONSULTING INC.,73700.0,2024-09-23,QV SCRIBE LICENSES RENEWAL---REPLACEMENT PO FOR 80NSSC24PC227.
80NSSC24PC491,LINDE ADVANCED MATERIAL TECHNOLOGIES INC.,77600.0,2024-09-23,"GRX-810 BASE ALLOY, -45/+10UM 1000 LBS"
80NSSC24PC492,"RIMINI STREET, INC.",67524.91,2024-09-23,VMWARE SOFTWARE SUPPORT
80NSSC24PC493,FOUR POINT SOLUTIONS LTD,87550.0,2024-09-23,FY24 AEM MAINTENANCE PLUS OPTION YEAR
80NSSC24PC494,AITECH DEFENSE SYSTEMS INC,75186.0,2024-09-24,AITECH PMC & XMC CARRIER CARDS FOR SOUNDING ROCKET DACS
80NSSC24PC495,ORGANIZATION FOR ECONOMIC COOPERATION AND DEVELOPMENT,150000.0,2024-09-24,OECD SPACE FORUM
80NSSC24PC497,ELMA ELECTRONIC INCORPORATED,12252.0,2024-09-24,ELMA VPX BACKPLANE FOR SOUNDING ROCKET DACS
80NSSC24PC498,FONDAZIONE BRUNO KESSLER,69050.0,2024-09-24,FLIGHT SILICON STRIP DETECTORS
80NSSC24PC499,TPS LLC,58506.0,2024-09-24,ENVIRONMENTAL TEST CHAMBERS (2) FOR RESEARCH/TESTING
80NSSC24PC500,ZIGGYS GENERAL CONTRACTING LLC,50301.85,2024-09-24,"TO PAINT AND REPAIR ENTRYWAY AND CONFERENCE ROOM WALLS, REPAINT EXTERIOR STRIPE AND DOORS, INSTALL EXTERIOR NASA LOGO, REPLACE LIGHTS, AND REPLACE CARPET AT THE NORTH TEXAS RESEARCH STATION."
80NSSC24PC501,"GOVSMART, INC.",11789.75,2024-09-24,FY24 HPE MAINTENANCE RENEWAL
80NSSC24PC502,TPS LLC,24240.0,2024-09-25,INDUSTRIAL OVEN (PART # DCW-1406-E-F4T)
80NSSC24PC503,"DH TECHNOLOGIES, INC.",37264.41,2024-09-26,"SAT # ATLASSIAN MP GLIFFY CONFLUENCE RENEWAL POP: 5/25/25 # 1/23/26, 4/16/25 # 1/23/26, 2/10/25 # 1/23/26, 12/29/24 # 1/23/26"
80NSSC24PC504,LUNA INNOVATIONS INCORPORATED,136700.0,2024-09-24,MULTI-CHANNEL DISTRIBUTED SENSING INSTRUMENTS
80NSSC24PC505,"PICARRO, INC",199900.0,2024-09-25,PICARRO SYSTEM PROCUREMENT
80NSSC24PC506,ROCHESTER INSTITUTE OF TECHNOLOGY,61198.0,2024-09-27,RIT WILL SUPPORT THE WHY2MSIE CAMPAIGN
80NSSC24PC508,"TESTFORCE USA, INC.",23407.6,2024-09-26,"4+-CHANNEL, 1+ GHZ OSCILLOSCOPE"
80NSSC24PC509,"STARK PRECISION MACHINE, LLC",22046.25,2024-09-26,PROCUREMENT OF MATERIAL USED TO FABRICATE PARTS FOR THE NASA  ELECTRIC AIRCRAFT TESTBED (NEAT) PROJECT.
80NSSC24PC510,OSI FEDERAL TECHNOLOGIES INC,383138.0,2024-09-27,"THIS PURCHASE ORDER IS TO PURCHASE UIPATH SOFTWARE LICENSE RENEWALS PER QUOTE # 9502-2, DATED 09/13/2024. THE PERIOD OF PERFORMANCE IS 10/31/2024 - 10/30/2025.  TOTAL OBLIGATED AMOUNT IS $383,138.00."
80NSSC24PC511,"NTS LABS, LLC.",50400.0,2024-09-30,TVAC TESTING TO FULFILL DREAM DO-NO-HARM REQUIREMENTS FOR THE DRAFT SUBSYSTEM
80NSSC24PC512,TRILION QUALITY SYSTEMS LLC,206650.0,2024-09-26,ARAMIS SYSTEM CAMERA
80NSSC24PC513,BATTLEFIELD LEADERSHIP LLC,61200.0,2024-09-26,"GETTYSBURG LEADERSHIP EXPERIENCE ORGANIZED BY BATTLEFIELD LEADERSHIP, LLC"
80NSSC24PC514,"INTERCAX, LLC",18000.0,2024-09-26,SYNDEIA LICENSE
80NSSC24PC515,GREENSIGHT INC.,84005.0,2024-09-30,WEATHERHIVE DATA COLLECTION AND DISTRIBUTION SERVICES FOR THE NASA WH2YMSIE CAMPAIGN
80NSSC24PC516,SOUND COMMUNICATIONS INC,21417.67,2024-09-26,FY24 VERINT ANNUAL MAINTENANCE & SUPPORT COVERAGE STANDARD PLAN
80NSSC24PC519,"NORTHWEST RESEARCH ASSOCIATES, INC.",98318.0,2024-09-26,SUPPORT THE STRIVE PHASE A WORK FOR THE ALICE INSTRUMENT.
80NSSC24PC520,"KERR PANEL MANUFACTURING, LLC",60238.0,2024-09-26,HONEY COMB PANELS
80NSSC24PC523,"WRIGHT TOOL COMPANY, LLC",163113.1,2024-09-30,LASER WIRE MARKE
80NSSC24PC525,"VALID EVALUATION, INC.",24000.0,2024-09-27,"VALID EVALUATION, INC PROVIDES EVIDENCE-BASED EVALUATION MATRIX SERVICE"
80NSSC24PC526,COMPUTER CONDITIONING OF MISSISSIPPI LLC,815171.08,2024-09-27,NCCIPS FY24 BATTERIES REPLACEMENT
80NSSC24PC527,MERELEX CORPORATION,16323.69,2024-09-27,PT/IR TUBING NEEDED FOR ASSEMBLY OF A SET OF 12 TYPE B TOTAL TEMPERATURE PROBES
80NSSC24PC528,"CONCEPTS NREC, LLC",122514.0,2024-09-30,CONCEPTS NREC LLC AGILE SOFTWARE SUITE MODULES
80NSSC24PC529,GOVAGED INC.,38940.0,2024-09-30,GEN3 ULTRA LIGHTWEIGHT ROBOT
80NSSC24PC530,BATTEL ENGINEERING INC,36000.0,2024-09-30,CONSULTING ON LOW VOLTAGE POWER SUPPLY (LVPC) DESIGN AND FLIGHT TRANSFORMERS
80SSC024F0001,"PIVOTAL LNG, LLC",536323.28,2023-10-26,DELIVERY ORDER FOR LIQUEFIED NATURAL GAS FOR STENNIS SPACE CENTER'S AS DESCRIBED ON KENNEDY SPACE CENTER'S BASE CONTRACT.
80SSC024F0013,THE UNIVERSITY OF SOUTHERN MISSISSIPPI,10000.0,2023-12-14,THE CONTRACTOR SHALL PERFORM A REVIEW AND ANALYSIS OF STENNIS SPACE CENTERS EXPENDITURE DATA FOR FISCAL YEAR 2023 TO DETERMINE OVERALL ECONOMIC IMPACT BY THE CENTER WITH PARTICULAR EMPHASIS ON THE LOCAL COMMUNITY (50-MILE RADIUS).
80SSC024F0016,THE UNIVERSITY OF SOUTHERN MISSISSIPPI,294307.0,2024-03-12,"CONTRACTOR SHALL SUPPORT THE STENNIS SPACE CENTER (SSC) STRATEGIC BUSINESS DEVELOPMENT OFFICE (SBDO) STRATEGIC PLANNING, BUSINESS DEVELOPMENT, PROJECT FORMULATION, AND THE OPTIMIZATION OF RELATED SYSTEMS AND PROCESSES."
80SSC024F0018,"CEPEDA SYSTEMS & SOFTWARE ANALYSIS, INC.",18627.0,2024-03-08,SUPPORT FOR THE STENNIS SPACE CENTER (SSC) OFFICE OF TECHNOLOGY DEVELOPMENT/AA04 SOFTWARE PROCESS IMPROVEMENT INITIATIVE
80SSC024F0019,"BIRMINGHAM INDUSTRIAL CONSTRUCTION, LLC",4879362.75,2024-09-03,"NATIONAL CENTER FOR CRITICAL INFORMATION PROCESSING AND STORAGE IPS ZONE H1 BUILDOUT AT STENNIS SPACE CENTER, MS"
80SSC024F0022,"SOUTHEAST CHEROKEE CONSTRUCTION, INC.",2064105.92,2024-09-26,SITEWIDE PAVEMENT REFURBISHMENT
80SSC024F0023,DRACE CONSTRUCTION CORP,6536077.83,2024-09-26,"SEWER SYSTEM AND CONVEYANCE, PHASE 2 AT STENNIS SPACE CENTER, MS"
80SSC024F0025,CBF PARTNERS JV LLC,606534.7,2024-09-26,"DUAL ADMINISTRATIVE SUPPORT SERVIES STENNIS SPACE CENTER TASK ORDER #14,FISCAL YEAR 2025"
80SSC024FA001,"CHENEGA GLOBAL PROTECTION, LLC",6514010.0,2024-09-26,STENNIS SPACE CENTER (SSC) PROTECTIVE SERVICES
80SSC024FA002,"CHENEGA GLOBAL PROTECTION, LLC",11302.75,2024-09-26,STENNIS SPACE CENTER (SSC) PROTECTIVE SERVICES
80SSC024FA004,D2K TECHNOLOGIES LLC,125056.36,2023-12-18,ASTRA - AUTONOMOUS SATELLITE OPERATION FOR RESILIENT APPLICATION TASK ORDER #18
80SSC024FA005,MISSISSIPPI POWER CO,1481415.0,2024-03-25,"UTILITY ENERGY SERVICE CONTRACT B1111 IMPLEMENTATION AT STENNIS SPACE CENTER, MS"
80SSC024FA006,D2K TECHNOLOGIES LLC,124755.4,2024-02-22,TASK 19 - FOR EARTH INDEPENDENT OPERATIONS (EIO)
80SSC024FA007,"SEVENTH SENSE, LLC",1274534.06,2024-03-29,BLANKET PURCHASE AGREEMENT (BPA) CALL ORDER (OREDER) FOR ACQUISITION SUPPORT SERVICES AT JOHN C. STENNIS SPACE CENTER (SSC) AND MICHOUD ASSEMBLY FACILITY (MAF)
80SSC024FA008,D2K TECHNOLOGIES LLC,113827.74,2024-03-12,TASK 20 FOR ASTRA AUTONOMOUS SATELLITE OPERATION FOR RESILIENT APPLICATIONS
80SSC024FA011,D2K TECHNOLOGIES LLC,47953.36,2024-04-11,TASK 21 - FOR AUTONOMOUS COMMODITY MANAGEMENT (ACM)
80SSC024FA013,D2K TECHNOLOGIES LLC,120934.98,2024-06-06,TASK 22 - EIO - EARTH INDEPENDENT OPERATIONS
80SSC024FA014,MESSER LLC,16072275.25,2024-07-02,DELIVERY ORDER FOR LIQUID NITROGEN FOR STENNIS SPACE CENTER (SSC) AS DESCRIBED ON KENNEDY SPACE CENTER'S (KSC'S) BASE CONTRACT.
80SSC024FA015,MESSER LLC,2573005.95,2024-07-02,DELIVERY ORDER FOR LIQUID OXYGEN FOR STENNIS SPACE CENTER (SSC) AS DESCRIBED ON KENNEDY SPACE CENTER'S (KSC'S) BASE CONTRACT.
80SSC024FA018,D2K TECHNOLOGIES LLC,75808.48,2024-08-06,TASK 23 - FOR AUTONOMOUS SYSTEMS STRESS TESTING (ASSET)
80SSC024FA019,D2K TECHNOLOGIES LLC,49868.08,2024-08-15,TASK 24 - FOR LUCCI  (LUNAR COMMAND AND CONTROL INTEROPERABILITY)
80SSC024FA021,D2K TECHNOLOGIES LLC,123993.86,2024-09-05,TASK 25 - EARTH INDEPENDENT OPERATIONS
80SSC024FA022,D2K TECHNOLOGIES LLC,116126.32,2024-09-05,TASK 26 - FOR ASTRA AUTONOMOUS SATELLITE OPERATION FOR RESILIENT APPLICATIONS
80SSC024FA023,NELSON ENGINEERING CO.,516594.0,2024-09-05,"ARCHITECT-ENGINEER SERVICES FOR THE DEVELOPMENT OF A DESIGN PACKAGE (DESIGN-BID-BUILD) FOR THE REFURBISHMENT OF THE BASCULE BRIDGE AT STENNIS SPACE CENTER, MS"
80SSC024FA025,DEPARTMENT OF ENVIRONMENTAL QUALITY MISSISSIPPI,6121.27,2024-09-30,PERFORM REGULATORY REVIEW AND PROVIDE COMMENTS
80TECH24CA002,"CACI, INC. - FEDERAL",224620519.9,2024-06-10,NASA CONSOLIDATED APPLICATION AND PLATFORM SERVICES (NCAPS)
80TECH24FA001,"THUNDERCAT TECHNOLOGY, LLC",2257992.64,2023-10-12,THIS BLANKET PURCHASE AGREEMENT (BPA) ORDER IS FOR NASA CISCO HARDWARE AND ISSUED AGAINST GSA CONTRACT NO. GS-35F-0563U.
80TECH24FA002,"THUNDERCAT TECHNOLOGY, LLC",487421.19,2023-10-19,THIS BLANKET PURCHASE AGREEMENT (BPA) CALL ORDER IS FOR NASA CISCO HARDWARE AND ISSUED AGAINST GSA CONTRACT NO. GS-35F-0563U.
80TECH24FA004,"FCN, INC.",134262.44,2023-11-02,THIS BLANKET PURCHASE AGREEMENT (BPA) ORDER IS FOR NASA CISCO HARDWARE AND ISSUED AGAINST GSA CONTRACT NO. GS-35F-0563U FOR BPA CALL 017.
80TECH24FA006,STERLING COMPUTERS CORPORATION,173614.22,2023-11-09,THIS BLANKET PURCHASE AGREEMENT (BPA) ORDER IS FOR NASA CISCO HARDWARE AND ISSUED AGAINST GSA CONTRACT NO. GS-35F-0563U FOR BPA CALL 018
80TECH24FA007,"THUNDERCAT TECHNOLOGY, LLC",44529.92,2023-11-13,BPA CALL 019 NASA CISCO PRODUCTS & SERVICES
80TECH24FA008,"ENTERPRISE TECHNOLOGY SOLUTIONS, INC.",919388.55,2023-12-05,NASA ITPOD 183 AMES POWER MANAGEMENT SYSTEM NASAS REQUIREMENT IS TO PROCURE AND INSTALL A TOTAL OF SEVENTY SCHNEIDER ELECTRIC POWER MONITORING METERS
80TECH24FA009,STERLING COMPUTERS CORPORATION,26957.73,2023-12-01,NASA CISCO PRODUCTS AND SERVICES BPA CALL 020
80TECH24FA010,"FCN, INC.",22842.9,2023-11-28,THIS BLANKET PURCHASE AGREEMENT (BPA) ORDER IS FOR NASA CISCO HARDWARE AND ISSUED AGAINST GSA CONTRACT NO. GS-35F-0563U FOR BPA CALL 021.
80TECH24FA011,STERLING COMPUTERS CORPORATION,44277.12,2023-12-01,NASA CISCO DATA CENTER FIBER SWITCH BPA CALL 022.
80TECH24FA012,STERLING COMPUTERS CORPORATION,15071.51,2023-12-27,NASA CISCO CATALYST 9300 AND ISSUED AGAINST GSA CONTRACT NO. 47QTCA19D009K.
80TECH24FA013,"THUNDERCAT TECHNOLOGY, LLC",84149.7,2023-12-14,THIS BLANKET PURCHASE AGREEMENT (BPA) CALL 024 IS FOR NASA CISCO CATALYST 9000 COMPACT SWITCH AND ISSUED AGAINST GSA CONTRACT NO. GS-35F-0563U.
80TECH24FA015,"FOUR POINTS TECHNOLOGY, L.L.C.",105005250.32,2024-01-30,THIS DELIVERY ORDER IS FOR PROVIDING AN ENTERPRISE-WIDE SOLUTION FOR CLOUD SERVICES
80TECH24FA016,"COUNTERTRADE PRODUCTS, INC.",1270379.0,2024-01-22,NASA GODDARD SPACE FLIGHT CENTER IS IN NEED OF A LARGE NUMBER OF ENTERPRISE COMPUTE SERVERS (100) ARE NEEDED TO ENABLE NASA TO CONTINUE PRODUCING GLOBAL EARTH SCIENCE DATA PRODUCTS FROM NASA EARTH OBSERVING SATELLITE INSTRUMENTS AT GSFC.
80TECH24FA017,"THUNDERCAT TECHNOLOGY, LLC",15093.72,2024-02-05,THIS BLANKET PURCHASE AGREEMENT (BPA) CALL 025 IS FOR CISCO CATALYST 9130AXI AND CISCO CATALYST 9300 AND ISSUED AGAINST GSA CONTRACT NO. GS-35F-0563U.
80TECH24FA019,"FOUR POINTS TECHNOLOGY, L.L.C.",448500.0,2024-02-29,FLIGHT DECK CM PHASE III. THE WORK IS BEING ACCOMPLISHED IN PHASES AS FEASIBILITY AND DIRECTION ARE ASSESSED. THIS NEXT PHASE III OF WORK SEEKS TO REFINE THE ACCURACY OF THE MODEL AND IMPROVE THE INTERFACE FOR EFB USABILITY.
80TECH24FA020,"THUNDERCAT TECHNOLOGY, LLC",0.0,2024-03-01,THIS BLANKET PURCHASE AGREEMENT (BPA) CALL 026 IS FOR CISCO CATALYST 9600 SERIES AND ISSUED AGAINST GSA CONTRACT NO. GS-35F-0563U.
80TECH24FA021,"THUNDERCAT TECHNOLOGY, LLC",11138.76,2024-03-04,THIS BLANKET PURCHASE AGREEMENT (BPA) CALL 027 IS FOR CISCO CATALYST 9300 AND ISSUED AGAINST GSA CONTRACT NO. GS-35F-0563U.
80TECH24FA022,"FCN, INC.",14435.88,2024-03-13,THIS BLANKET PURCHASE AGREEMENT (BPA) CALL 004 IS FOR CISCO CATALYST 9130AX SERIES AND ISSUED AGAINST GSA CONTRACT NO. 47QTCA21A0014.
80TECH24FA023,"SEVENTH SENSE, LLC",1904819.12,2024-03-28,ACQUISITION SUPPORT SERVICES FOR THE INFORMATION TECHNOLOGY PROCUREMENT OFFICE UNDER AWASS 2.0 BPA
80TECH24FA024,"THUNDERCAT TECHNOLOGY, LLC",32401.58,2024-03-29,THIS BLANKET PURCHASE AGREEMENT (BPA) CALL 028 IS FOR&#1048579CISCO UNIFIED COMPUTING SYSTEM (UCS) B200 M6 BLADE SERVER AND ISSUED AGAINST GSA CONTRACT NO. GS-35F-0563U.
80TECH24FA025,"THUNDERCAT TECHNOLOGY, LLC",29720.42,2024-03-29,THIS BLANKET PURCHASE AGREEMENT (BPA) CALL 029 IS FOR CISCO NETWORK & TELEPHONE SERVICES AND ISSUED AGAINST GSA CONTRACT NO. GS-35F-0563U.
80TECH24FA026,STERLING COMPUTERS CORPORATION,14196.81,2024-04-25,THIS BLANKET PURCHASE AGREEMENT (BPA) CALL 006 IS FOR NASA CISCO CATALYST SERIES SWITCH AND ISSUED AGAINST GSA CONTRACT NO. 47QTCA19D009K.
80TECH24FA027,"FCN, INC.",47446.44,2024-04-09,THIS BLANKET PURCHASE AGREEMENT (BPA) CALL 005 IS FOR CISCO FIREPOWER AND ISSUED AGAINST GSA CONTRACT NO. 47QTCA21A0014.
80TECH24FA028,"THUNDERCAT TECHNOLOGY, LLC",11518.25,2024-04-15,THIS BLANKET PURCHASE AGREEMENT (BPA) CALL 030 IS FOR CISCO CATALYST 9300 SERIES AND ISSUED AGAINST GSA CONTRACT NO. GS-35F-0563U.
80TECH24FA029,"THUNDERCAT TECHNOLOGY, LLC",27650.52,2024-04-25,THIS BLANKET PURCHASE AGREEMENT (BPA) CALL 030 IS FOR CISCO CATALYST 9500 SERIES AND ISSUED AGAINST GAS CONTRACT NO. GS-35F-0563U.
80TECH24FA030,STERLING COMPUTERS CORPORATION,27114.16,2024-05-03,THIS BLANKET PURCHASE AGREEMENT (BPA) CALL 006 IS FOR NASA CISCO MDS148T SWITCH & SERVICES AND ISSUED AGAINST GSA CONTRACT NO. 47QTCA19D009K.
80TECH24FA031,"THUNDERCAT TECHNOLOGY, LLC",551390.99,2024-05-07,JUNIPER MAINTENANCE RENEWAL
80TECH24FA032,METGREEN SOLUTIONS INC,375149.0,2024-05-15,AWARD OF FORTINET MAINTENANCE RENEWAL
80TECH24FA033,"THUNDERCAT TECHNOLOGY, LLC",17147.58,2024-05-08,THIS BLANKET PURCHASE AGREEMENT (BPA) CALL 032 IS FOR CISCO NEXUS 9500 SERIES AND ISSUED AGAINST GSA CONTRACT NO. GS-35F-0563U.
80TECH24FA034,"THUNDERCAT TECHNOLOGY, LLC",11182.11,2024-05-13,THIS BLANKET PURCHASE AGREEMENT (BPA) CALL 033 IS FOR CISCO CATALYST C9200L-24T AND ISSUED AGAINST GSA CONTRACT NO. GS-35F-0563U.
80TECH24FA035,"THUNDERCAT TECHNOLOGY, LLC",13428.18,2024-05-22,THIS BLANKET PURCHASE AGREEMENT (BPA) CALL 034 IS FOR CISCO ROOM KIT EQ AND ISSUED AGAINST GSA CONTRACT NO. GS-35F-0563U.
80TECH24FA037,STERLING COMPUTERS CORPORATION,278583.45,2024-05-23,THIS REQUIREMENT IS FOR THE NASA LANGLEY ATMOSPHERIC SCIENCE DATA CENTER (ASDC) TO PURCHASE A DELL BRAND NAME OR EQUAL POWERSCALE H700 SYSTEM. THE ASDC REQUESTS TO PURCHASE DELL BRAND NAME OR EQUAL POWERSCALE H700 SYSTEM
80TECH24FA038,"ADVANCED COMPUTER CONCEPTS, INC.",348475.8,2024-05-22,"JOHNSON SPACE CENTER HAS A REQUIREMENT TO FURTHER EXPAND THE EXISTING SOFTWARE DEVELOPMENT, INTEGRATION, AND VERIFICATION LAB FOR THE GATEWAY GOVERNMENT FURNISHED EQUIPMENT FLIGHT SOFTWARE TEAMS."
80TECH24FA039,"THUNDERCAT TECHNOLOGY, LLC",23889.54,2024-05-23,THIS BLANKET PURCHASE AGREEMENT (BPA) CALL 035 IS FOR CISCO CATALYST 9600 SERIES 48-PORT COPPER SPARE AND ISSUED AGAINST GSA CONTRACT NO. GS-35F-0563U.
80TECH24FA040,I3 FEDERAL LLC,1245746.16,2024-06-14,"THE NASA GODDARD SPACE FLIGHT CENTER (GSFC) HAS A REQUIREMENT TO BUILD, CONFIGURE, TEST, AND DELIVER TWO BEOWULF CLUSTERS TO BE USED FOR SIMULATIONS SERVICES PROVIDED AT THE COMMUNITY COORDINATED MODELING CENTER (CCMC)."
80TECH24FA042,"THUNDERCAT TECHNOLOGY, LLC",59202.78,2024-06-13,THIS BLANKET PURCHASE AGREEMENT (BPA) CALL 036 IS FOR CISCO CATALYST 9130AX SERIES AND ISSUED AGAINST GSA CONTRACT NO. GS-35F-0563U.
80TECH24FA043,"FCN, INC.",61005.6,2024-06-13,THIS BPA CALL 006 IS FOR CISCO VG410 ANALOG VOICE GATEWAY & SMART NET TOTAL CARE & SMART NET AND ISSUED AGAINST GSA CONTRACT NO. 47QTCA21A0014
80TECH24FA044,"THUNDERCAT TECHNOLOGY, LLC",99114.33,2024-06-14,THIS BLANKET PURCHASE AGREEMENT (BPA) 037 IS FOR CISCO CATALYST C9200L AND ISSUED AGAINST GSA CONTRACT NO. GS-35F-0563U.
80TECH24FA045,"FOUR POINTS TECHNOLOGY, L.L.C.",810600.0,2024-06-17,"THE SCOPE OF THIS PROJECT IS TO INVESTIGATE, DEVELOP, AND TRAIN A MACHINE LEARNING MODEL BACKED BY AI AND ADAPTIVE LEARNING TECHNOLOGIES TO EVALUATE PAST AND PRESENT INFORMATION REQUIRED FOR STRATEGIC AND TACTICAL AIR TRAFFIC FLOW MANAGEMENT."
80TECH24FA047,"THUNDERCAT TECHNOLOGY, LLC",231538.88,2024-06-18,THIS BLANKET PURCHASE AGREEMENT (BPA) CALL 038 IS FOR CISCO CATALYST UNIFIED COMPUTING SYSTEM (UCS) MANAGER AND ISSUED AGAINST GSA CONTRACT NO. GS-35F-0563U.
80TECH24FA048,"THUNDERCAT TECHNOLOGY, LLC",42975.78,2024-06-20,THIS BLANKET PURCHASE AGREEMENT (BPA) CALL 039 IS FOR&#1048579 CISCO CATALYST C9300 SERIES SWITCHES AND ISSUED AGAINST GSA CONTRACT NO. GS-35F-0563U
80TECH24FA049,"V3GATE, LLC",558358.08,2024-06-21,"THE PROCUREMENT WILL CONSIST OF 42 THUNDER 1040S ADC UNITS WITH SPECIFICATIONS INCLUDING 1U SIZE, 1 CPU, 5X1GC, 4X10GF, 16 GB RAM, SSD, SSL BUILT IN, 2 AC PSU, AND FEDERAL INFORMATION PROCESSING STANDARD PUBLICATIONS (FIPS) COMPLIANCE."
80TECH24FA050,"THUNDERCAT TECHNOLOGY, LLC",431266.73,2024-06-24,THIS BLANKET PURCHASE AGREEMENT (BPA) CALL 040 IS FOR CISCO CATALYST SERIES SWITCHES AND ISSUED AGAINST GSA CONTRACT NO. GS-35F-0563U.
80TECH24FA051,"THUNDERCAT TECHNOLOGY, LLC",19758.91,2024-06-26,THIS BLANKET PURCHASE AGREEMENT (BPA) CALL 041 IS FOR CISCO CATALYST 8300 SERIES SWITCHES AND ISSUED AGAINST GSA CONTRACT NO. GS-35F-0563U.
80TECH24FA052,STERLING COMPUTERS CORPORATION,11048.06,2024-07-01,THIS BLANKET PURCHASE AGREEMENT (BPA) 008 IS FOR NASA CISCO VG202XM ANALOG VOICE GATE AND ISSUED AGAINST GSA CONTRACT NO. 47QTCA19D009K.
80TECH24FA053,"ANACAPA MICRO PRODUCTS, INC.",744650.54,2024-06-28,RIVERBED HARDWARE AND SOFTWARE MAINTENANCE
80TECH24FA054,"THUNDERCAT TECHNOLOGY, LLC",37441.42,2024-07-03,THIS BLANKET PURCHASE AGREEMENT (BPA) CALL 042 IS FOR CISCO NEXUS 9300 SERIES AND ISSUED AGAINST GSA CONTRACT NO. GS-35F-0563U.
80TECH24FA055,"THUNDERCAT TECHNOLOGY, LLC",141865.12,2024-07-08,THIS BLANKET PURCHASE AGREEMENT (BPA) CALL 043 IS FOR CISCO CATALYST C8300 SERIES AND ISSUED AGAINST GSA CONTRACT NO. GS-35F-0563U.
80TECH24FA056,"THUNDERCAT TECHNOLOGY, LLC",57777.18,2024-07-12,THIS BLANKET PURCHASE AGREEMENT (BPA) CALL 044 IS FOR CISCO SMARTNET RENEWAL AND ISSUED AGAINST GSA CONTRACT NO. GS-35F-0563U.
80TECH24FA057,"THUNDERCAT TECHNOLOGY, LLC",88259.1,2024-07-15,THIS BLANKET PURCHASE AGREEMENT (BPA) CALL 045 IS FOR CISCO SMARTNET RENEWAL AND ISSUED AGAINST GSA CONTRACT NO. GS-35F-0563U.
80TECH24FA060,"THUNDERCAT TECHNOLOGY, LLC",22497.92,2024-07-19,THIS BLANKET PURCHASE AGREEMENT (BPA) CALL 046 IS FOR CISCO CATALYST 9130AXI AND 9300-24T RENEWAL AND ISSUED AGAINST GSA CONTRACT NO. GS-35F-0563U.
80TECH24FA061,"DH TECHNOLOGIES, INC.",0.0,2024-07-19,"THE NASA CYBERSECURITY INFRASTRUCTURE (CSI) TEAM REQUIRES COHESITY HARDWARE AND SOFTWARE SUPPORT TO ENSURE CONTINUOUS, UNINTERRUPTED OPERATIONS FOR AGENCY-HOSTED CYBERSECURITY SERVICES AND TOOLS."
80TECH24FA062,"GARTNER, INC.",887871.0,2024-07-22,CALL ORDER 001 FOR GARTNER RESEARCH SUBSCRIPTION SERVICES
80TECH24FA064,"THUNDERCAT TECHNOLOGY, LLC",8996156.63,2024-08-02,THIS BLANKET PURCHASE AGREEMENT (BPA) CALL 047 IS FOR THE CISCO SMARTNET CX ENTERPRISE AGREEMENT (CX EA) ISSUED AGAINST GSA CONTRACT NO. GS-35F0563U.
80TECH24FA065,STERLING COMPUTERS CORPORATION,12921.43,2024-08-16,THIS BLANKET PURCHASE AGREEMENT (BPA) 009 IS FOR NASA CISCO NEXUS 9300 SERIES AND ISSUED AGAINST GSA CONTRACT NO. 47QTCA19D009K.
80TECH24FA066,STERLING COMPUTERS CORPORATION,59451.51,2024-08-16,THIS BLANKET PURCHASE AGREEMENT (BPA) 010 IS FOR NASA CISCO ANALOG VOICE GATEWAY VG410 & VG420 AND ISSUED AGAINST GSA CONTRACT NO. 47QTCA19D009K.
80TECH24FA067,"DH TECHNOLOGIES, INC.",723919.75,2024-08-16,DELL ENTERPRISE CYBER LOGGING (ECL) REFRESH
80TECH24FA068,STERLING COMPUTERS CORPORATION,97655.7,2024-08-22,THIS BLANKET PURCHASE AGREEMENT (BPA) 011 IS FOR NASA CISCO IP CONFERENCE PHONE AND ISSUED AGAINST GSA CONTRACT NO. 47QTCA19D009K.
80TECH24FA069,"THUNDERCAT TECHNOLOGY, LLC",132974.3,2024-08-16,THIS BLANKET PURCHASE AGREEMENT (BPA) CALL 048 IS FOR CISCO IP PHONES 7800 & 8800 SERIES AND ISSUED AGAINST GSA CONTRACT NO. GS-35F-0563U.
80TECH24FA070,"THUNDERCAT TECHNOLOGY, LLC",23641.28,2024-08-21,THIS BLANKET PURCHASE AGREEMENT (BPA) CALL 049 IS FOR CISCO SWITCHES AND ISSUED AGAINST GSA CONTRACT NO. GS-35F-0563U.
80TECH24FA071,CYNERGY PROFESSIONAL SYSTEMS LLC,358300.81,2024-09-12,NASA LARC HEXAGON AT960-LR & T-PROBE III & AS1XL + TRADE (2022-718395-05)
80TECH24FA072,"FOUR POINTS TECHNOLOGY, L.L.C.",507000.0,2024-09-13,NASA FLIGHT DECK CDM PHASE IV WILL CONTINUE TO EVALUATE AND ASSESS THE MODEL ACCURACY AND FOCUS ON NEW CRITERIA INCLUDING TRANSCRIPTION SPEED AND ADDITIONAL TAXI INSTRUCTION ELEMENTS.
80TECH24FA073,"FCN, INC.",13693.78,2024-09-20,THIS BLANKET PURCHASE AGREEMENT (BPA) CALL 007 IS FOR CISCO ROOM KIT EQ & C9000 SERIES AND ISSUED AGAINST GSA CONTRACT NO. 47QTCA21A0014.
80TECH24FA074,"THUNDERCAT TECHNOLOGY, LLC",176409.21,2024-08-23,THIS BLANKET PURCHASE AGREEMENT (BPA) CALL 050 IS FOR CISCO CATALYST 9200L AND ISSUED AGAINST GSA CONTRACT NO. GS-35F-0563U.
80TECH24FA075,"THUNDERCAT TECHNOLOGY, LLC",33254.19,2024-08-23,THIS BLANKET PURCHASE AGREEMENT (BPA) CALL 051 IS FOR CISCO CATALYST 9200L AND ISSUED AGAINST GSA CONTRACT NO. GS-35F-0563U.
80TECH24FA076,"THUNDERCAT TECHNOLOGY, LLC",221252.0,2024-08-26,THIS BLANKET PURCHASE AGREEMENT (BPA) CALL 052 IS FOR CISCO CATALYST ESS9300 EMBEDDED SERIES SWITCHES AND ISSUED AGAINST GSA CONTRACT NO. GS-35F-0563U.
80TECH24FA077,"THUNDERCAT TECHNOLOGY, LLC",22620.47,2024-08-27,THIS BLANKET PURCHASE AGREEMENT (BPA) CALL 053 IS FOR CISCO CATALYST 9300-24T SERIES AND ISSUED AGAINST GSA CONTRACT NO. GS-35F-0563U.
80TECH24FA078,"THUNDERCAT TECHNOLOGY, LLC",64583.67,2024-08-27,THIS BLANKET PURCHASE AGREEMENT (BPA) CALL 054 IS FOR CISCO NEXUS SMARTNET AND ISSUED AGAINST GSA CONTRACT NO. GS-35F-0563U.
80TECH24FA079,"SUPPLYFORCE.COM, LLC",566545.96,2024-09-03,THIS ORDER IS FOR THE PURCHASE AND DELIVERY OF PANELVIEWS WITH EMI MODIFIED AND NON-MODIFIED HARDWARE.
80TECH24FA080,"THUNDERCAT TECHNOLOGY, LLC",22565.02,2024-08-28,THIS BLANKET PURCHASE AGREEMENT (BPA) CALL 055 IS FOR CISCO 9300 AND WIRELESS ACCESS POINT AND ISSUED AGAINST GSA CONTRACT NO. GS-35F-0563U.
80TECH24FA081,"THUNDERCAT TECHNOLOGY, LLC",49342.56,2024-08-28,THIS BLANKET PURCHASE AGREEMENT (BPA) CALL 056 IS FOR CISCO CATALYST 9300L AND ISSUED AGAINST GSA CONTRACT NO. GS-35F-0563U.
80TECH24FA082,"THUNDERCAT TECHNOLOGY, LLC",16902.1,2024-08-29,THIS BLANKET PURCHASE AGREEMENT (BPA) CALL 057 IS FOR CISCO 7800 PHONE AND ISSUED AGAINST GSA CONTRACT NO. GS-35F-0563U.
80TECH24FA083,"THUNDERCAT TECHNOLOGY, LLC",356287.46,2024-09-16,JUNIPER ANNUAL MAINTENANCE
80TECH24FA085,"ADVANCED COMPUTER CONCEPTS, INC.",1214132.5,2024-09-05,"GRC MOTOROLA CONSOLETTE, RADIOS, ACCESSORIES"
80TECH24FA086,"THUNDERCAT TECHNOLOGY, LLC",14722.92,2024-09-03,THIS BLANKET PURCHASE AGREEMENT (BPA) CALL 058 IS FOR CISCO WEBEX AND SMARTNET ISSUED AGAINST GSA CONTRACT NO. GS-35F-0563U.
80TECH24FA087,"THUNDERCAT TECHNOLOGY, LLC",14668.56,2024-09-03,THIS BLANKET PURCHASE AGREEMENT (BPA) CALL 059 IS FOR CISCO DESK PRO & MINI ROOM KIT PLUS ISSUED AGAINST GSA CONTRACT NO. GS-35F-0563U.
80TECH24FA088,"THUNDERCAT TECHNOLOGY, LLC",292756.46,2024-09-04,THIS BLANKET PURCHASE AGREEMENT (BPA) CALL 060 IS FOR CISCO NEXUS 9300 SERIES SWITCHES ISSUED AGAINST GSA CONTRACT NO. GS-35F-0563U.
80TECH24FA089,"THUNDERCAT TECHNOLOGY, LLC",100683.31,2024-09-04,THIS BLANKET PURCHASE AGREEMENT (BPA) CALL 061 IS FOR CISCO 9200L SERIES SWITCHES ISSUED AGAINST GSA CONTRACT NO. GS-35F-0563U.
80TECH24FA090,STERLING COMPUTERS CORPORATION,0.0,2024-09-09,THIS BLANKET PURCHASE AGREEMENT (BPA) 012 IS FOR CISCO CATALYST 8500 SERIES SWITCHES AND ISSUED AGAINST GSA CONTRACT NO. 47QTCA19D009K.
80TECH24FA091,STERLING COMPUTERS CORPORATION,56164.6,2024-09-09,THE BLANKET PURCHASE AGREEMENT (BPA) 013 IS FOR CISCO ROOM BAR PRO AND ISSUED AGAINST GSA CONTRACT NO. 47QTCA19D009K.
80TECH24FA092,"NEW TECH SOLUTIONS, INC.",495530.06,2024-09-19,NETWORK & TELECOMMUNICATIONS SERVICES (NATS) FY24 MOTOROLA SOLUTIONS MAINTENANCE RENEWAL
80TECH24FA093,METGREEN SOLUTIONS INC,0.0,2024-09-18,FORTINET FORTIGATE 1800F HARDWARE AND SOFTWARE
80TECH24FA094,GOVERNMENT ACQUISITIONS INC,1618724.8,2024-09-23,40 SUPER MICRO STORAGE UNITS ORDER
80TECH24FA095,"V3GATE, LLC",771577.05,2024-09-25,CIENA HARDWARE AND SOFTWARE
80TECH24FA096,"FCN, INC.",39182.03,2024-09-20,THIS BLANKET PURCHASE AGREEMENT (BPA) CALL 008 IS FOR CISCO CATALYST ESS9300 EMBEDDED SERIES SWITCHES AND ISSUED AGAINST GSA CONTRACT NO. 47QTCA21A0014.
80TECH24FA097,"THUNDERCAT TECHNOLOGY, LLC",46522.92,2024-09-24,THIS BLANKET PURCHASE AGREEMENT (BPA) CALL 062 IS FOR CISCO C9500 SERIES SWITCHES ISSUED AGAINST GSA CONTRACT NO. GS-35F-0563U.
80TECH24FA098,"THUNDERCAT TECHNOLOGY, LLC",38972.84,2024-09-24,THIS BLANKET PURCHASE AGREEMENT (BPA) CALL 063 IS FOR CISCO C9500 SERIES SWITCHES ISSUED AGAINST GSA CONTRACT NO. GS-35F-0563U.
80TECH24FA099,REGENCY CONSULTING INC,378604.88,2024-09-26,THIS DELIVERY ORDER IS FOR THE PURCHASE OF TWO DELL DATA DOMAIN CONTROLLERS AND THE POWERPROTECT SOFTWARE IN SUPPORT OF JSC AND AFRC
80TECH24FA100,"THUNDERCAT TECHNOLOGY, LLC",619692.35,2024-09-26,"JUNIPER EX4400 SERIES SWITCHES, RELATED ACCESSORIES, AND SUPPORT"
80TECH24FA101,INFO-TECH RESEARCH GROUP INC,264457.66,2024-09-27,TACTICAL ENGAGEMENTS BLANKET PURCHASING AGREEMENT (BPA) CALL 001 - STAND ALONE WORKSHOPS
80TECH24FA102,BAHFED CORP,1286796.99,2024-09-26,CODE 619 ENTERPRISE COMPUTE SERVERS (100) WITH RACK INTEGRATION ORDER
80TECH24FA103,"QUINTRON SYSTEMS, LLC",478442.0,2024-09-30,QUINTRON BLANKET PURCHASE AGREEMENT (BPA) CALL 001- QUINTRON TYPE 1 AND 2 KEYSETS.
80TECH24PA002,"JEOL USA, INC.",515925.0,2024-02-27,"NASA GLENN RESEARCH CENTER REQUIRES AN ANALYTICAL, HIGH RESOLUTION, THERMAL SCHOTTKY TYPE FIELD EMISSION SCANNING ELECTRON MICROSCOPE (FE-SEM)."
80TECH24PA003,KURT J LESKER CO,538100.0,2024-05-23,THIS REQUIREMENT IS FOR THE PURCHASE OF A KURT J. LESKER CO. PVD500 RF/DC SPUTTER DEPOSITION TOOL.  THE TOOL WILL PROVIDE ENHANCED CAPABILITY TO THAT CURRENTLY IN PLACE.
80TECH24PA004,BRUKER AXS LLC,382901.0,2024-05-22,THE X-RAY LAB IN THE PLANETARY ENVIRONMENTS LABORATORY AT GSFC IS PURCHASING A MICRO-X-RAY DIFFRACTOMETER IN ORDER TO TAKE THE FACILITIES AT NASA GSFC INTO THE NEXT GENERATION OF HIGH-RESOLUTION MINERALOGICAL ANALYSIS OF GEOLOGICAL SAMPLES.
80TECH24PA005,MATERIALS RESEARCH FURNACES LLC,872043.0,2024-05-30,HIGH TEMPERATURE FLEXURE TEST STAND FURNACE EQUIPMENT AND SERVICES
80TECH24PA006,"VISION RESEARCH, INC",269512.0,2024-06-11,"THIS STATEMENT OF WORK (SOW) REQUEST IS FOR THE PROCUREMENT OF A VISION RESEARCH S991 HIGH-SPEED DIGITAL (HSD) CAMERA, WITH SPATIAL RESOLUTION, TEMPORAL RESOLUTION, AS WELL AS VIBRATION AND ELECTROMATIC INTERFERENCE."
80TECH24PA007,FEI COMPANY,767130.0,2024-06-28,MARSHALL SPACE FLIGHT CENTER (MFSC) MATERIALS DIAGNOSTICS LABORATORY (MDL) HAS A REQUIREMENT TO PURCHASE AN ENVIRONMENTAL SCANNING ELECTRON MICROSCOPE (ESEM).
80TECH24PA009,ILLINOIS TOOL WORKS INC,307116.0,2024-08-08,THIS ORDER IS FOR THE PURCHASE OF AN ELECTRO-MECHANICAL LOAD FRAME IN SUPPORT OF GRC PER ATTACHMENT A.
80TECH24PA010,MALVERN PANALYTICAL INC,413996.65,2024-08-12,MULTI-PURPOSE X-RAY DIFFRACTOMETER (XRD) OR EQUIVALENT
80TECH24PA012,ANGSTROM DESIGNS INC,399686.0,2024-09-04,LED SOLAR SIMULATOR
80TECH24PA014,TRILION QUALITY SYSTEMS LLC,553399.0,2024-09-04,TWO HIGH-SPEED CAMERAS AND RELATED ACCESSORIES IN ACCORDANCE WITH STATEMENT OF WORK IN SUPPORT OF GRC REQUIREMENT.
80TECH24PA015,KEYSIGHT TECHNOLOGIES INC,682335.01,2024-09-27,"DELIVERY, INSTALLATION AND COMMISSIONING OF TWO (2) BRAND-NAME KEYSIGHT CUSTOM HIGH POWER AND HIGH VOLTAGE DIRECT CURRENT (DC) BI-DIRECTIONAL POWER SUPPLIES AND RELATED HARDWARE FOR THE D-SITE FACILITY AT GLENN RESEARCH CENTER."
80TECH24PA016,BRUKER SCIENTIFIC LLC,348154.77,2024-09-26,AUTOFLEX MAX MALDI TOF TOF SYSTEM
80TECH24PA019,"TTTECH NORTH AMERICA, INC.",332204.0,2024-09-27,TTTECH TTE ETHERNET (TTE) DEVELOPMENT HARDWARE ORDER
80TECH24PA020,A-TECH INSTRUMENTS LTD,324913.0,2024-09-27,TE CONNECTIVITY GRC
80TECH24PA021,A-TECH INSTRUMENTS LTD,316315.0,2024-09-27,TE CONNECTIVITY LARC
80AFRC24AA001,SNA SOFTWARE LLC,500000.0,2023-12-07,"EPFD-DATA ANALYSIS SUPPORT WITH PROTEUS, ENVISION, AND RISKYPROJECT."
80AFRC24AA002,"IKHANA GROUP, LLC",0.0,2023-10-10,STRUCTURAL ENGINEERING SUPPORT SERVICES
80AFRC24AA003,"ATA ENGINEERING, INC.",0.0,2023-10-10,STRUCTURAL ENGINEERING SUPPORT SERVICES
80AFRC24AA004,QUARTUS ENGINEERING INCORPORATED,0.0,2023-10-10,STRUCTURAL ENGINEERING SUPPORT SERVICES
80AFRC24AA005,"PYRAMID SPACE, INC.",0.0,2023-10-10,STRUCTURAL ENGINEERING SUPPORT SERVICES
80AFRC24AA006,SDI ENGINEERING INC,0.0,2023-10-10,STRUCTURAL ENGINEERING SUPPORT SERVICES
80AFRC24DA001,ASTRO DIGITAL US INC,0.0,2024-03-15,NASA AFRC FLIGHT OPPORTUNITIES PROGRAM 4 FLIGHT AND PAYLOAD INTEGRATION SERVICES
80AFRC24DA002,NEAR SPACE CORP,0.0,2024-03-15,NASA AFRC FLIGHT OPPORTUNITIES PROGRAM 4 FLIGHT AND PAYLOAD INTERGRATION SERVICES
80AFRC24DA003,"AEROSTAR INTERNATIONAL, LLC",0.0,2024-03-15,NASA AFRC FLIGHT OPPORTUNITIES PROGRAM 4 FLIGHT AND PAYLOAD INTERGRATION SERVICES
80AFRC24DA004,ANGSTROM DESIGNS INC,0.0,2024-03-15,NASA AFRC FLIGHT OPPORTUNITIES PROGRAM 4 FLIGHT AND PAYLOAD INTERGRATION SERVICES
80AFRC24DA005,"VARDA SPACE INDUSTRIES, INC.",0.0,2024-03-15,NASA AFRC FLIGHT OPPORTUNITIES PROGRAM 4 FLIGHT AND PAYLOAD INTERGRATION SERVICES
80AFRC24DA006,WORLD VIEW ENTERPRISES INC,0.0,2024-03-15,NASA AFRC FLIGHT OPPORTUNITIES PROGRAM 4 FLIGHT AND PAYLOAD INTERGRATION SERVICES
80AFRC24DA007,SPACE EXPLORATION TECHNOLOGIES CORP.,0.0,2024-04-03,NASA AFRC FLIGHT OPPORTUNITIES PROGRAM 4 FLIGHT AND PAYLOAD INTERGRATION SERVICES
80AFRC24DA008,MOMENTUS SPACE LLC,0.0,2024-03-15,NASA AFRC FLIGHT OPPORTUNITIES PROGRAM 4 FLIGHT AND PAYLOAD INTERGRATION SERVICES
80AFRC24DA009,"SPIRE GLOBAL SUBSIDIARY, INC.",0.0,2024-03-15,NASA AFRC FLIGHT OPPORTUNITIES PROGRAM 4 FLIGHT AND PAYLOAD INTERGRATION SERVICES
80AFRC24DA010,"LOFT ORBITAL FEDERAL, LLC",0.0,2024-03-15,NASA AFRC FLIGHT OPPORTUNITIES PROGRAM 4 FLIGHT AND PAYLOAD INTERGRATION SERVICES
80AFRC24DA011,ASTROBOTIC TECHNOLOGY INC,0.0,2024-03-15,NASA AFRC FLIGHT OPPORTUNITIES PROGRAM 4 FLIGHT AND PAYLOAD INTERGRATION SERVICES
80AFRC24DA012,"GALACTIC ENTERPRISES, LLC",0.0,2024-04-09,NASA AFRC FLIGHT OPPORTUNITIES PROGRAM 4 FLIGHT AND PAYLOAD INTERGRATION SERVICES
80AFRC24DA013,"TYVAK NANO-SATELLITE SYSTEMS, INC.",0.0,2024-05-15,NASA AFRC FLIGHT OPPORTUNITIES PROGRAM 4 FLIGHT AND PAYLOAD INTERGRATION SERVICES.
80AFRC24DA014,ROCKET LAB USA INC,0.0,2024-04-23,NASA AFRC FLIGHT OPPORTUNITIES PROGRAM 4 FLIGHT AND PAYLOAD INTERGRATION SERVICES
80ARC024DA001,BOOZ ALLEN HAMILTON INC,16071880.73,2024-01-25,AVIATION SAFETY REPORTING SYSTEM (ASRS) AND RELATED SYSTEMS  THE CONTRACTOR SHALL OPERATE AND MAINTAIN ASRS AND THE RELATED C3RS.
80ARC024DA002,"TUNISTA LOGISTICS SOLUTIONS, LLC",7886055.88,2024-04-26,"THE LOGISTICS SUPPORT SERVICES CONTRACT SUPPORTS THE LOGISTICS MANAGEMENT DIVISION AT NASA AMES RESEARCH CENTER. LOGISTICS SERVICES INCLUDE PROPERTY DISPOSAL, EQUIPMENT, MANAGEMENT, MAIL, SUPPLY-MATERIAL MANAGEMENT, TRANSPORTATION, MOVING SERVICES"
80ARC024DA003,"ANALYTICAL MECHANICS ASSOCIATES, INC.",0.0,2024-05-09,AIRCRAFT AND SPACEFLIGHT SYSTEMS ENGINEERING SUPPORT SERVICES (ASSESS). FOCUSES ON RESEARCH AND TECHNOLOGY DEVELOPMENT SUPPORT AND RELATED SERVICES FOR THE EXPLORATION TECHNOLOGY AND AERONAUTICS.
80ARC024DA004,"AMENTUM SERVICES, INC.",20724344.4,2024-06-07,"THE PRINCIPLE PURPOSE OF THIS CONTRACT IS TO PROVIDE PROGRAM, SCIENCE, ENGINEERING, OPERATIONS AND PROJECT MANAGEMENT SUPPORT FOR BIOSCIENCES FLIGHT DEVELOPMENT PROJECTS, AND COLLABORATIVE SCIENCE PROGRAMS."
80ARC024DA007,"CROWN INNOVATIONS, INC.",9964762.74,2024-09-12,"THE WORK TO BE PERFORMED BY THE CONTRACTOR INCLUDES SCIENTIFIC RESEARCH ASSOCIATED WITH AIR TRAFFIC MANAGEMENT, ADVANCED TECHNOLOGY, NANOELECTRONICS, AND PROTOTYPE SOFTWARE."
80GRC024DA001,"BRIDGES BTC, INC.",981394.62,2023-11-29,RECYCLING SERVICES
80GRC024DA002,"DORADO SERVICES, INC.",1242164.0,2023-12-22,KENNEDY REFUSE COLLECTION AND DISPOSAL SERVICES.
80GRC024DA003,SIERRA LOBO INC,39965535.29,2024-02-22,"TECHNOLOGY DEVELOPMENT HARDWARE AND SOFTWARE, SPACE FLIGHT HARDWARE AND SOFTWARE, GROUND SUPPORT EQUIPMENT, SPARES, OPERATIONAL SUPPORT AND RESEARCH DATA."
80GRC024DA004,"BASTION TECHNOLOGIES, INC.",25749149.76,2024-03-11,"ENVIRONMENTAL, SAFETY, HEALTH, AND MISSION ASSURANCE"
80GRC024DA005,FIRELAKE-ARROWHEAD NASA SERVICES 2,8703347.7,2024-03-28,"CONSTRUCTION MANAGEMENT, SURVEYING, INSPECTIONS AND TESTING"
80GRC024DA006,WICHITA STATE UNIVERSITY,0.0,2024-09-16,"DEVELOPMENT OF DATABASES OF REFRACTORY COMPOSITES FOR THE VALIDATION OF FLIGHT STRUCTURES FOR HYPERSONIC FLIGHT. SIC/SIC, CARBON CARBON AND CARBON SILICON CARBIDE ARE HIGH TEMPERATURE COMPOSITE MATERIALS THAT REQUIRE FURTHER CHARACTERIZATION"
80GRC024DA007,SPIRIT AEROSYSTEMS INC,0.0,2024-09-26,"DVLPMENT OF REFRACTORY COMPOSITE DATABASES FOR VALIDATING HYPERSONIC FLIGHT STRUCTURES, INCL. FABRICATION, CHARACTERIZATION, AND TESTING. HIGH-TEMP MATERIALS LIKE SIC/SIC, C/C, AND C/SIC NEED MORE TESTING BEFORE INTEGRATION INTO HYPERSONIC VEHICLES."
80GRC024DA008,"KBR WYLE SERVICES, LLC",0.0,2024-06-10,"THE SA3 CONTRACT PROVIDES SAFETY AND MISSION ASSURANCE (SMA) SERVICES TO NASA HEADQUARTERS(HQ), NASA CENTERS, NASA PROGRAMS/PROJECTS, AND OTHER NASA ACTIVITIES THROUGH THE NASA SAFETY CENTER (NSC) INCLUDING AUDIT, ASSESSMENT, AND ANALYSIS SUPPORT."
80GSFC24AA001,SANDSTONE SPRINGS LLC,0.0,2024-02-12,MAGNETIC TAPES DATA RECOVERY
80GSFC24AA002,"UNIVERSITY OF CALIFORNIA, DAVIS",0.01,2024-02-06,AGREEMENT FOR SERVICES FOR BEAM TIME TESTING.
80GSFC24DA003,ARGOTEC INC,0.0,2024-05-31,"RAPID SPACECRAFT ACQUISITION IV (RAPID IV). THE RAPID IV CONTRACT SERVES AS A RAPID & FLEXIBLE MEANS FOR THE GOVERNMENT TO ACQUIRE SPACECRAFT & RELATED COMPONENTS, EQUIPMENT & SERVICES IN SUPPORT OF NASA MISSIONS & OTHER FEDERAL GOVERNMENT AGENCIES."
80GSFC24DA004,BLUE CANYON TECHNOLOGIES LLC,0.0,2024-05-31,"RAPID SPACECRAFT ACQUISITION IV (RAPID IV). THE RAPID IV CONTRACT SERVES AS A RAPID & FLEXIBLE MEANS FOR THE GOVERNMENT TO ACQUIRE SPACECRAFT & RELATED COMPONENTS, EQUIPMENT & SERVICES IN SUPPORT OF NASA MISSIONS & OTHER FEDERAL GOVERNMENT AGENCIES."
80GSFC24DA005,GENERAL ATOMICS,0.0,2024-05-31,"RAPID SPACECRAFT ACQUISITION IV (RAPID IV). THE RAPID IV CONTRACT SERVES AS A RAPID & FLEXIBLE MEANS FOR THE GOVERNMENT TO ACQUIRE SPACECRAFT & RELATED COMPONENTS, EQUIPMENT & SERVICES IN SUPPORT OF NASA MISSIONS & OTHER FEDERAL GOVERNMENT AGENCIES."
80GSFC24DA006,KONGSBERG NANOAVIONICS US LLC,0.0,2024-06-03,"RAPID SPACECRAFT ACQUISITION IV (RAPID IV). THE RAPID IV CONTRACT SERVES AS A RAPID & FLEXIBLE MEANS FOR THE GOVERNMENT TO ACQUIRE SPACECRAFT & RELATED COMPONENTS, EQUIPMENT & SERVICES IN SUPPORT OF NASA MISSIONS & OTHER FEDERAL GOVERNMENT AGENCIES."
80HQTR24AA002,GUIDEHOUSE INC.,0.0,2023-11-02,"CONTRACTOR IS TO PROVIDE SERVICES RELATED TO AN INTEGRATED APPROACH TO CONDUCTING ANNUAL ASSESSMENTS OF NASAS MANAGEMENT CONTROLS, INTERNAL CONTROL OVER FINANCIAL REPORTING, FRAUD RISK MANAGEMENT FRAMEWORK AND PAYMENT INTEGRITY."
80HQTR24AA003,BOOZ ALLEN HAMILTON INC,0.0,2024-04-18,DATA ANALYSIS AND TECNICAL SUPPORT SERVICES.
80HQTR24AA004,"LMI CONSULTING, LLC",0.0,2024-04-18,DATA AND TECHNICAL SUPPORT SERVICES.
80HQTR24AA005,SCIENCE APPLICATIONS INTERNATIONAL CORPORATION,0.0,2024-04-18,DATA AND TECHNICAL SUPPORT SERVICES
80HQTR24AA006,"CROWN INNOVATIONS, INC.",0.0,2024-04-18,DATA ANALYSIS AND TECNICAL SUPPORT SERVICES.
80HQTR24AA007,DELOITTE CONSULTING LLP,0.0,2024-04-18,DATA ANALYSIS AND TECHNICAL SUPPORT SERVICES.
80HQTR24DA001,AIRBUS DS GEO INC.,0.0,2023-10-03,"COMMERCIAL SMALLSAT DATA ACQUISITION (CSDA) PROGRAM, MULTIPLE-AWARD IDIQ CONTRACT. THIS REQUIREMENT IS FOR THE ACQUISITION OF EARTH OBSERVATION DATA (SUBJECT TO EULAS) AND RELATED SERVICES FROM COMMERCIAL SOURCES IN SUPPORT OF NASA SMD/ESD."
80HQTR24DA002,CAPELLA SPACE CORPORATION,0.0,2023-10-03,"COMMERCIAL SMALLSAT DATA ACQUISITION (CSDA) PROGRAM, MULTIPLE-AWARD IDIQ CONTRACT. THIS REQUIREMENT IS FOR THE ACQUISITION OF EARTH OBSERVATION DATA (SUBJECT TO EULAS) AND RELATED SERVICES FROM COMMERCIAL SOURCES IN SUPPORT OF SMD ESD."
80HQTR24DA003,GHGSAT INCORPORATED,0.0,2023-11-16,"COMMERCIAL SMALLSAT DATA ACQUISITION (CSDA) PROGRAM, MULTIPLE-AWARD IDIQ CONTRACT. THIS REQUIREMENT IS FOR THE ACQUISITION OF EARTH OBSERVATION DATA (SUBJECT TO EULAS) AND RELATED SERVICES FROM COMMERCIAL SOURCES IN SUPPORT OF NASA SMD/ESD."
80HQTR24DA004,VANTOR INC.,0.0,2023-10-03,"COMMERCIAL SMALLSAT DATA ACQUISITION (CSDA) PROGRAM, MULTIPLE-AWARD IDIQ CONTRACT. THIS REQUIREMENT IS FOR THE ACQUISITION OF EARTH OBSERVATION DATA (SUBJECT TO EULAS) AND RELATED SERVICES FROM COMMERCIAL SOURCES IN SUPPORT OF NASA SMD/ESD."
80HQTR24DA005,SPACE SCIENCES AND ENGINEERING LLC,0.0,2023-10-03,"COMMERCIAL SMALLSAT DATA ACQUISITION (CSDA) PROGRAM, MULTIPLE-AWARD IDIQ CONTRACT. THIS REQUIREMENT IS FOR THE ACQUISITION OF EARTH OBSERVATION DATA (SUBJECT TO EULAS) AND RELATED SERVICES FROM COMMERCIAL SOURCES IN SUPPORT OF NASA SMD/ESD."
80HQTR24DA006,"SPIRE GLOBAL SUBSIDIARY, INC.",0.0,2023-10-03,"COMMERCIAL SMALLSAT DATA ACQUISITION (CSDA) PROGRAM, MULTIPLE-AWARD IDIQ CONTRACT. THIS REQUIREMENT IS FOR THE ACQUISITION OF EARTH OBSERVATION DATA (SUBJECT TO EULAS) AND RELATED SERVICES FROM COMMERCIAL SOURCES IN SUPPORT OF NASA SMD/ESD"
80HQTR24DA007,"UMBRA LAB, INC",0.0,2023-10-03,"COMMERCIAL SMALLSAT DATA ACQUISITION (CSDA) PROGRAM, MULTIPLE-AWARD IDIQ CONTRACT. THIS REQUIREMENT IS FOR THE ACQUISITION OF EARTH OBSERVATION DATA (SUBJECT TO EULAS) AND RELATED SERVICES FROM COMMERCIAL SOURCES IN SUPPORT OF NASA SMD/ESD"
80HQTR24DA009,TATITLEK FEDERAL SERVICES LLC,2587348.7,2024-05-23,"HOSS II -SUPPORT SERVICES: MAIL CENTER OPERATIONS FACILITIES HELP DESK FACILITIES SUPPORT SERVICES DRIVING SERVICES AND AUDIOVISUAL SUPPORT SERVICES.  IN ADDITION, OVERALL PROGRAM MANAGEMENT AND QUALITY CONTROL."
80HQTR24DA010,UNIVERSITY OF HAWAII,14649722.0,2024-06-28,THE CONTRACTOR SHALL PROVIDE MANAGEMENT AND OPERATIONS SUPPORT OF THE INFRARED TELESCOPE FACILITY (IRTF).
80HQTR24DA011,"BLACKSKY GEOSPATIAL SOLUTIONS, LLC",0.0,2024-09-18,"COMMERCIAL SMALLSAT DATA ACQUISITION (CSDA) PROGRAM, MULTIPLE-AWARD IDIQ CONTRACT."
80HQTR24DA012,"ICEYE US, INC",0.0,2024-09-19,"COMMERCIAL SMALLSAT DATA ACQUISITION (CSDA) PROGRAM, MULTIPLE-AWARD IDIQ CONTRACT."
80HQTR24DA014,"PIXXEL SPACE TECHNOLOGIES, INC.",0.0,2024-09-20,"COMMERCIAL SMALLSAT DATA ACQUISITION (CSDA) PROGRAM, MULTIPLE-AWARD IDIQ CONTRACT."
80HQTR24DA015,"PLANET LABS FEDERAL, INC.",0.0,2024-09-18,"COMMERCIAL SMALLSAT DATA ACQUISITION (CSDA) PROGRAM, MULTIPLE-AWARD IDIQ CONTRACT."
80HQTR24DA016,"SATELLOGIC FEDERAL, LLC",0.0,2024-09-20,"COMMERCIAL SMALLSAT DATA ACQUISITION (CSDA) PROGRAM, MULTIPLE-AWARD IDIQ CONTRACT."
80HQTR24DA017,"TELEDYNE BROWN ENGINEERING, INC.",0.0,2024-09-20,"COMMERCIAL SMALLSAT DATA ACQUISITION (CSDA) PROGRAM, MULTIPLE-AWARD IDIQ CONTRACT."
80HQTR24DA018,THE TOMORROW COMPANIES INC.,0.0,2024-09-19,"COMMERCIAL SMALLSAT DATA ACQUISITION (CSDA) PROGRAM, MULTIPLE-AWARD IDIQ CONTRACT."
80JSC024AA029,"STRAUGHAN ENVIRONMENTAL, INC.",0.0,2024-08-06,JSC ENVIRONMENTAL SERVICES
80JSC024DA002,AEGIS AEROSPACE INC,10000.0,2024-01-12,"REMIS2 MULTI-AWARD IS FOR SPACEFLIGHT AND GROUND HARDWARE AND SOFTWARE, SUSTAINING ENGINEERING FUNCTIONS, ENGINEERING SERVICES, PAYLOAD FACILITY INTEGRATION, AND RESEARCH MISSION INTEGRATION AND OPERATIONS (MI&O) SERVICES"
80JSC024DA003,AXIENT LLC,10000.0,2024-01-12,"REMIS2 MULTI-AWARD IS FOR SPACEFLIGHT AND GROUND HARDWARE AND SOFTWARE, SUSTAINING ENGINEERING FUNCTIONS, ENGINEERING SERVICES, PAYLOAD FACILITY INTEGRATION, AND RESEARCH MISSION INTEGRATION AND OPERATIONS (MI&O) SERVICES"
80JSC024DA004,"CIMARRON SOFTWARE SERVICES, INC.",10000.0,2024-01-12,"REMIS2 MULTI-AWARD IS FOR SPACEFLIGHT AND GROUND HARDWARE AND SOFTWARE, SUSTAINING ENGINEERING FUNCTIONS, ENGINEERING SERVICES, PAYLOAD FACILITY INTEGRATION, AND RESEARCH MISSION INTEGRATION AND OPERATIONS (MI&O) SERVICES"
80JSC024DA005,"KBR WYLE SERVICES, LLC",10000.0,2024-01-12,"REMIS2 MULTI-AWARD IS FOR SPACEFLIGHT AND GROUND HARDWARE AND SOFTWARE, SUSTAINING ENGINEERING FUNCTIONS, ENGINEERING SERVICES, PAYLOAD FACILITY INTEGRATION, AND RESEARCH MISSION INTEGRATION AND OPERATIONS (MI&O) SERVICES"
80JSC024DA006,"LEIDOS, INC.",10000.0,2024-01-12,"REMIS2 MULTI-AWARD IS FOR SPACEFLIGHT AND GROUND HARDWARE AND SOFTWARE, SUSTAINING ENGINEERING FUNCTIONS, ENGINEERING SERVICES, PAYLOAD FACILITY INTEGRATION, AND RESEARCH MISSION INTEGRATION AND OPERATIONS (MI&O) SERVICES"
80JSC024DA007,"METIS TECHNOLOGY SOLUTIONS, INC.",10000.0,2024-01-12,"REMIS2 MULTI-AWARD IS FOR SPACEFLIGHT AND GROUND HARDWARE AND SOFTWARE, SUSTAINING ENGINEERING FUNCTIONS, ENGINEERING SERVICES, PAYLOAD FACILITY INTEGRATION, AND RESEARCH MISSION INTEGRATION AND OPERATIONS (MI&O) SERVICES"
80JSC024DA008,OCEANEERING INTERNATIONAL INC,10000.0,2024-01-12,"REMIS2 MULTI-AWARD IS FOR SPACEFLIGHT AND GROUND HARDWARE AND SOFTWARE, SUSTAINING ENGINEERING FUNCTIONS, ENGINEERING SERVICES, PAYLOAD FACILITY INTEGRATION, AND RESEARCH MISSION INTEGRATION AND OPERATIONS (MI&O) SERVICES"
80JSC024DA009,"TEC-MASTERS, INC",0.0,2024-01-12,"REMIS2 MULTI-AWARD IS FOR SPACEFLIGHT AND GROUND HARDWARE AND SOFTWARE, SUSTAINING ENGINEERING FUNCTIONS, ENGINEERING SERVICES, PAYLOAD FACILITY INTEGRATION, AND RESEARCH MISSION INTEGRATION AND OPERATIONS (MI&O) SERVICES"
80JSC024DA010,"TELEDYNE BROWN ENGINEERING, INC.",10000.0,2024-01-12,"REMIS2 MULTI-AWARD IS FOR SPACEFLIGHT AND GROUND HARDWARE AND SOFTWARE, SUSTAINING ENGINEERING FUNCTIONS, ENGINEERING SERVICES, PAYLOAD FACILITY INTEGRATION, AND RESEARCH MISSION INTEGRATION AND OPERATIONS (MI&O) SERVICES"
80JSC024DA011,UNIVERSITY OF ALABAMA AT BIRMINGHAM,0.0,2024-01-12,"REMIS2 MULTI-AWARD IS FOR SPACEFLIGHT AND GROUND HARDWARE AND SOFTWARE, SUSTAINING ENGINEERING FUNCTIONS, ENGINEERING SERVICES, PAYLOAD FACILITY INTEGRATION, AND RESEARCH MISSION INTEGRATION AND OPERATIONS (MI&O) SERVICES"
80JSC024DA012,CONSOLIDATED SAFETY SERVICES INCORPORATED,0.0,2024-01-12,"REMIS2 MULTI-AWARD IS FOR SPACEFLIGHT AND GROUND HARDWARE AND SOFTWARE, SUSTAINING ENGINEERING FUNCTIONS, ENGINEERING SERVICES, PAYLOAD FACILITY INTEGRATION, AND RESEARCH MISSION INTEGRATION AND OPERATIONS (MI&O) SERVICES"
80JSC024DA013,BOBBIE JESSIE LLC,10000.0,2024-01-12,"REMIS2 MULTI-AWARD IS FOR SPACEFLIGHT AND GROUND HARDWARE AND SOFTWARE, SUSTAINING ENGINEERING FUNCTIONS, ENGINEERING SERVICES, PAYLOAD FACILITY INTEGRATION, AND RESEARCH MISSION INTEGRATION AND OPERATIONS (MI&O) SERVICES"
80JSC024DA014,BSN MEDICAL INC,0.0,2023-11-02,ORTHOSTATIC INTOLERANCE GARMENTS - 80JSC024DA014
80JSC024DA019,SCIENCE APPLICATIONS INTERNATIONAL CORPORATION,127329963.67,2024-03-29,SAFETY AND MISSION ASSURANCE ENGINEERING CONTRACT III (SMAEC III) WILL PROVIDE SAFETY
80JSC024DA020,"INTUITIVE MACHINES, LLC",30000000.0,2024-03-27,THE LUNAR TERRAIN VEHICLE (LTV) SERVICES (SERVICES) CONTRACT WILL PROVIDE NASA INCREASED LUNAR SURFACE UNPRESSURIZED MOBILITY FOR SUITED EXTRAVEHICULAR ACTIVITY (EVA) CREW MEMBERS.
80JSC024DA021,LUNAR OUTPOST INC,108277872.45,2024-03-27,"THE LUNAR TERRAIN VEHICLE (LTV) SERVICES (SERVICES) CONTRACT WILL PROVIDE NASA INCREASED LUNAR SURFACE UNPRESSURIZED MOBILITY FOR SUITED EXTRAVEHICULAR ACTIVITY (EVA) CREW MEMBERS, AND TO TELEROBOTICALLY"
80JSC024DA022,VENTURI ASTROLAB INC,114828341.0,2024-03-27,THE LUNAR TERRAIN VEHICLE (LTV) SERVICES CONTRACT WILL PROVIDE NASA INCREASED LUNAR SURFACE UNPRESSURIZED MOBILITY FOR SUITED EXTRAVEHICULAR ACTIVITY (EVA).
80JSC024DA024,VERTEX AEROSPACE LLC,55280213.36,2024-06-18,NEUTRAL BUOYANCY LABORATORY OPERATIONS CONTRACT II  NOC II
80JSC024DA028,RHODIUM SCIENTIFIC LLC,0.0,2024-07-26,INTEGRATION AND ON-ORBIT OPERATIONS OF SELECTED SCIENTIFIC AND ENGINEERING WORK IN MICROGRAVITY
80JSC024DA029,AEROSPACE APPLICATIONS NORTH AMERICA INC.,3010554.74,2024-09-12,RAPID PROTOTYPE LABORATORY
80KSC024AA002,8-KOI INC,0.0,2024-05-15,MULTIPLE AWARD ELECTRICAL CONSTRUCTION SERVICES BLANKET PURCHASE AGREEMENT (EBPA)
80KSC024AA003,"ADVANCED MANAGEMENT GROUP, L.L.C.",0.0,2024-05-15,MULTIPLE AWARD ELECTRICAL CONSTRUCTION SERVICES BLANKET PURCHASE AGREEMENT (EBPA)
80KSC024AA004,"CHROME ELECTRIC, LLC",0.0,2024-05-15,MULTIPLE AWARD ELECTRICAL CONSTRUCTION SERVICES BLANKET PURCHASE AGREEMENT (EBPA)
80KSC024AA005,CORE ELECTRIC SERVICES LLC,0.0,2024-05-15,MULTIPLE AWARD ELECTRICAL CONSTRUCTION SERVICES BLANKET PURCHASE AGREEMENT (EBPA)
80KSC024AA006,"D'NOVO SERVICES, LLC",0.0,2024-05-15,MULTIPLE AWARD ELECTRICAL CONSTRUCTION SERVICES BLANKET PURCHASE AGREEMENT (EBPA)
80KSC024AA007,"EAU GALLIE ELECTRIC, INC.",0.0,2024-05-15,MULTIPLE AWARD ELECTRICAL CONSTRUCTION SERVICES BLANKET PURCHASE AGREEMENT (EBPA)
80KSC024AA008,"ELECTRIC SOLUTIONS UNLIMITED, LLC",0.0,2024-05-15,MULTIPLE AWARD ELECTRICAL CONSTRUCTION SERVICES BLANKET PURCHASE AGREEMENT (EBPA)
80KSC024DA001,"AECOM TECHNICAL SERVICES, INC.",1000.0,2024-01-31,NASA ENVIRONMENTAL RESTORATION AND COMPLIANCE CONTRACT (NERCC).
80KSC024DA002,"HYDROGEOLOGIC, INC.",0.0,2024-01-31,NASA ENVIRONMENTAL RESTORATION AND COMPLIANCE CONTRACT (NERCC)
80KSC024DA003,ISMS-NAVARRO LLC,1000.0,2024-01-31,NASA ENVIRONMENTAL RESTORATION AND COMPLIANCE CONTRACT (NERCC).
80KSC024DA004,JACOBS GEOSYNTEC A JOINT VENTURE,0.0,2024-01-31,"NASA ENVIRONMENTAL RESTORATION AND COMPLIANCE CONTRACT (NERCC),"
80KSC024DA005,"TETRA TECH, INC.",0.0,2024-01-31,NASA ENVIRONMENTAL RESTORATION AND COMPLIANCE CONTRACT (NERCC).
80KSC024DA006,CHIRICAHUA-LOGICAL JV,693577.57,2023-10-30,KENNEDY OPERATIONAL AND INSTITUTIONAL SUPPORT (KOIS) CONTRACT.
80KSC024DA007,EMF ENGINEERED COMPONENTS LLC,0.0,2023-12-06,"FABRICATION AND INCIDENTAL INSTALLATION OF GROUND SUPPORT EQUIPMENT, TEST EQUIPMENT, GROUND SYSTEMS, AND OTHER HARDWARE NECESSARY TO PROCESS FLIGHT AND ASSOCIATED HARDWARE FOR NATIONAL AERONAUTICS AND SPACE ADMINISTRATION."
80KSC024DA008,JP DONOVAN CONSTRUCTION INC,0.0,2023-12-06,"FABRICATION AND INCIDENTAL INSTALLATION OF GROUND SUPPORT EQUIPMENT, TEST EQUIPMENT, GROUND SYSTEMS, AND OTHER HARDWARE NECESSARY TO PROCESS FLIGHT AND ASSOCIATED HARDWARE."
80KSC024DA009,"PRECISION FABRICATING & CLEANING COMPANY, INC.",0.0,2023-12-06,"FABRICATION AND INCIDENTAL INSTALLATION OF GROUND SUPPORT EQUIPMENT, TEST EQUIPMENT, GROUND SYSTEMS, AND OTHER HARDWARE NECESSARY TO PROCESS FLIGHT AND ASSOCIATED HARDWARE."
80KSC024DA011,LINDE INC.,0.0,2024-06-11,"PURCHASE OF LIQUID NITROGEN AT GLENN RESEARCH CENTER/NEIL A. ARMSTRONG TEST FACILITY (GRC)GRC/ATF, JET PROPULSION LABORATORY (JPL), JOHNSON SPACE CENTER (JSC) AND KENNEDY SPACE CENTER (KSC) AND LIQUID OXYGEN FOR GRC/ATF AND KSC."
80KSC024DA012,MESSER LLC,0.0,2024-06-24,"PURCHASE OF LIQUID NITROGEN AND LIQUID OXYGEN AT LANGELY RESEARCH CENTER (LARC), MARSHAL SPACE FLIGHT CENTER (MSFC), AND STENNIS SPACE CENTER (SSC) FACILITIES."
80KSC024DA013,"AIR PRODUCTS AND CHEMICALS, INC",0.0,2024-06-27,MULTI-CENTER PURCHASE OF LIQUID NITROGEN
80KSC024DA014,AIRGAS USA LLC,0.0,2024-06-24,PURCHASE OF LIQUID NITROGEN AND LIQUID OXYGEN AT LANGLEY RESEARCH CENTER (LARC).
80KSC024DA015,"AIRGAS USA, LLC",0.0,2024-06-24,"THIS IS A FIXED-PRICE WITH ECONOMIC PRICE ADJUSTMENT (FPEPA), INDEFINITE DELIVERY (ID) REQUIREMENTS CONTRACT FOR THE PURCHASE OF LIQUID OXYGEN AT WHITE SANDS TEST FACILITY."
80KSC024DA016,"MATHESON TRI-GAS, INC.",0.0,2024-06-21,"THIS IS A FIXED-PRICE, ECONOMIC PRICE ADJUSTMENT (EPA), INDEFINITE DELIVERY (ID) REQUIREMENTS CONTRACT WITH IDIQ CLIN, FOR THE PURCHASE OF LIQUID NITROGEN AT WSTF"
80KSC024DA087,"ARROW SCIENCE AND TECHNOLOGY, L.L.C.",0.0,2024-08-22,NEW AWARD OF VENTURE-CLASS ACQUISITION OF DEDICATED AND RIDESHARE (VADR) LAUNCH SERVICE THROUGH ON-RAMP CLAUSE
80KSC024DA088,MOMENTUS SPACE LLC,0.0,2024-08-22,NEW AWARD OF VENTURE-CLASS ACQUISITION OF DEDICATED AND RIDESHARE (VADR) LAUNCH SERVICE THROUGH ON-RAMP CLAUSE
80KSC024DA089,"IMPULSE SPACE, INC.",0.0,2024-08-22,NEW AWARD OF VENTURE-CLASS ACQUISITION OF DEDICATED AND RIDESHARE (VADR) LAUNCH SERVICE THROUGH ON-RAMP CLAUSE.
80LARC24DA001,AHMIC AEROSPACE LLC,555684.0,2023-10-17,"FORCE AND STRAIN MEASUREMENT CAPABILITIES FOR AERONAUTICS, SPACEFLIGHT, AND SCIENCE PROGRAMS AND PROJECTS INCORPORATING TECHNOLOGICAL ADVANCEMENTS FOR CURRENT AND FUTURE AEROSPACE RESEARCH CHALLENGES."
80LARC24DA002,NORTH WIND SYSTEMS LLC,197606.0,2023-10-17,"FORCE AND STRAIN MEASUREMENT CAPABILITIES FOR AERONAUTICS, SPACEFLIGHT, AND SCIENCE PROGRAMS AND PROJECTS INCORPORATING TECHNOLOGICAL ADVANCEMENTS FOR CURRENT AND FUTURE AEROSPACE RESEARCH CHALLENGES."
80LARC24DA003,MODERN MACHINE AND TOOL COMPANY INCORPORATED,1068627.0,2023-10-17,"FORCE AND STRAIN MEASUREMENT CAPABILITIES FOR AERONAUTICS, SPACEFLIGHT, AND SCIENCE PROGRAMS AND PROJECTS INCORPORATING TECHNOLOGICAL ADVANCEMENTS FOR CURRENT AND FUTURE AEROSPACE RESEARCH CHALLENGES."
80LARC24DA004,PBG FEDSYNC JV LLC,18755968.58,2023-12-20,GLENN & LANGLEY ADMINISTRATIVE SUPPORT SERVICES (GLASS)
80LARC24DA005,"S. C. JONES SERVICES, INC.",5047149.02,2024-02-28,GROUNDS MAINTENANCE AND PEST CONTROL SERVICES FOR KENNEDY SPACE CENTER.
80LARC24DA006,"ALUTIIQ LOGISTICS & MAINTENANCE SERVICES, LLC",814606.06,2024-02-29,LANGLEY LOGISTICS SUPPORT SERVICES
80LARC24DA007,GENESIS 360 LLC,3285187.65,2024-04-22,GROUNDS MAINTENANCE AND PEST CONTROL SERVICES AT JOHNSON SPACE CENTER.
80LARC24DA008,GUARDTECH SYSTEMS LLC,5048725.03,2024-05-23,LOGISTICS SUPPORT SERVICES 2 (LSS2)
80LARC24DA009,"AMENTUM TECHNOLOGY, INC.",349894.0,2024-09-05,"CENTER MAINTENANCE, OPERATION, AND ENGINEERING II (CMOE II) SUPPORT SERVICES CONTRACT"
80MSFC24DA002,NEXTECH LINTECH LLC,6224607.0,2024-03-20,CENTER OPERATIONS BUILDING AUTOMATION (COBA)
80MSFC24DA003,APACHE ELECTRICAL CONTRACTORS INC,0.0,2024-03-21,MULTIPLE-AWARD INDEFINITE DELIVERY INDEFINITE QUANTITY (IDIQ) MINOR CONSTRUCTION
80MSFC24DA004,BACIK GROUP LLC,0.0,2024-03-21,MULTIPLE-AWARD INDEFINITE DELIVERY INDEFINITE QUANTITY (IDIQ) MINOR CONSTRUCTION
80MSFC24DA005,DISON GROUP LLC,0.0,2024-03-22,MULTIPLE-AWARD INDEFINITE DELIVERY INDEFINITE QUANTITY (IDIQ) MINOR CONSTRUCTION
80MSFC24DA007,IST VISILTY JV LLC,0.0,2024-03-21,MULTIPLE-AWARD INDEFINITE DELIVERY INDEFINITE QUANTITY (IDIQ) MINOR CONSTRUCTION
80MSFC24DA008,JESSE STUTTS INC,0.0,2024-03-21,MULTIPLE-AWARD INDEFINITE DELIVERY INDEFINITE QUANTITY (IDIQ) MINOR CONSTRUCTION
80MSFC24DA009,M & D MECHANICAL CONTRACTORS INC,0.0,2024-03-21,MULTIPLE-AWARD INDEFINITE DELIVERY INDEFINITE QUANTITY (IDIQ) MINOR CONSTRUCTION
80MSFC24DA010,MADISON ELECTRIC INC,0.0,2024-03-21,MULTIPLE-AWARD INDEFINITE DELIVERY INDEFINITE QUANTITY (IDIQ) MINOR CONSTRUCTION
80MSFC24DA011,PETTUS PLUMBING & PIPING INC,0.0,2024-03-21,MULTIPLE-AWARD INDEFINITE DELIVERY INDEFINITE QUANTITY (IDIQ) MINOR CONSTRUCTION
80MSFC24DA012,PPW BUILDERS INC,0.0,2024-03-21,MULTIPLE-AWARD INDEFINITE DELIVERY INDEFINITE QUANTITY (IDIQ) MINOR CONSTRUCTION
80MSFC24DA013,S R DAVIS INC,0.0,2024-03-21,MULTIPLE-AWARD INDEFINITE DELIVERY INDEFINITE QUANTITY (IDIQ) MINOR CONSTRUCTION
80MSFC24DA014,"SOUTHEASTERN INDUSTRIAL CONSTRUCTION, LLC",0.0,2024-03-21,MULTIPLE-AWARD INDEFINITE DELIVERY INDEFINITE QUANTITY (IDIQ) MINOR CONSTRUCTION
80MSFC24DA015,SPECTRUM SOLUTIONS INC,0.0,2024-03-21,MULTIPLE-AWARD INDEFINITE DELIVERY INDEFINITE QUANTITY (IDIQ) MINOR CONSTRUCTION
80MSFC24DA016,TENNESSEE VALLEY SERVICES INC,0.0,2024-03-21,MULTIPLE-AWARD INDEFINITE DELIVERY INDEFINITE QUANTITY (IDIQ) MINOR CONSTRUCTION
80MSFC24DA017,UP-SIDE MANAGEMENT CO,0.0,2024-03-22,MULTIPLE-AWARD INDEFINITE DELIVERY INDEFINITE QUANTITY (IDIQ) MINOR CONSTRUCTION
80MSFC24DA018,"VEC VALLEY ELECTRIC, INC.",0.0,2024-03-21,MULTIPLE-AWARD INDEFINITE DELIVERY INDEFINITE QUANTITY (IDIQ) MINOR CONSTRUCTION
80MSFC24DA020,"DRI, INC.",0.0,2024-03-21,MULTIPLE-AWARD INDEFINITE DELIVERY INDEFINITE QUANTITY (IDIQ) MINOR CONSTRUCTION
80MSFC24DA024,SUMMIT TECHNOLOGIES & SOLUTIONS INC,8860065.05,2024-05-23,80MSFC24DA024 CONSOLIDATED AGENCY TECHNOLOGY TRANSFER SERVICES (CATTS) CONTRACT NEW AWARD
80MSFC24DA025,"AKIMA GLOBAL LOGISTICS, LLC",0.0,2024-07-25,LOGISTICS SERVICES SUPPORTING GEORGE C. MARSHALL SPACE FLIGHT CENTER INSTITUTIONAL OPERATIONAL FRAMEWORK. THE IDIQ CONTRACT WILL ISSUE FIRM-FIXED-PRICE (FFP) AND TIME AND MATERIALS (T&M) TASK ORDERS.
80NSSC24AA003,"DELTA AIR LINES, INC.",10000.0,2023-12-22,BPA ESTABLISHMENT SFD MD-90 RATING TYPE PILOT TRAINING WITH DELTA PROFESSIONAL SERVICES
80NSSC24AA005,"NATIONAL QUALITY ASSURANCE - U.S.A., INC.",0.0,2023-12-26,"THIS BLANKET PURCHASE AGREEMENT IS TO PROVIDE A THIRD-PARTY ISO AUDIT 9001, ISO 14001, AND AS 9100 REGISTRAR SERVICES TO INCLUDE AUDITING OF NASA OPERATIONS"
80NSSC24AA006,"BUSINESS MANAGEMENT RESEARCH ASSOCIATES, INC.",0.0,2023-12-20,"FAC-C FAR COR BPA BUSINESS MANAGEMENT RESEARCH ASSOCIATES, INC. POP: 01/01/2024 - 12/31/2028"
80NSSC24AA007,GOTHAM GOVERNMENT SERVICES LLC,0.0,2023-12-18,FAC-C FAR COR BPA GOTHAM GOVERNMENT SERVICES LLC POP: 01/01/2024 - 12/31/2028
80NSSC24AA008,"STAFFORD CONSULTING COMPANY, INC.",0.0,2023-12-18,"FAC-C FAR COR BPA STAFFORD CONSULTING COMPANY, INC. POP: 01/01/2024 - 12/31/2028"
80NSSC24AA010,"BRYCE SPACE AND TECHNOLOGY, LLC",0.0,2024-01-30,THIS BLANKET PURCHASE AGREEMENT (BPA) IS FOR NASA CHANGE MANAGEMENT SUPPORT SERVICES.
80NSSC24AA011,DELOITTE CONSULTING LLP,0.0,2024-01-30,THIS BLANKET PURCHASE AGREEMENT (BPA) IS FOR NASA CHANGE MANAGEMENT SUPPORT SERVICES
80NSSC24AA012,GUIDEHOUSE INC.,0.0,2024-01-30,HIS BLANKET PURCHASE AGREEMENT (BPA) IS FOR NASA CHANGE MANAGEMENT SUPPORT SERVICES
80NSSC24AA013,"MCKINSEY & COMPANY, INC. WASHINGTON D.C.",0.0,2024-01-30,THIS BLANKET PURCHASE AGREEMENT (BPA) IS FOR NASA CHANGE MANAGEMENT SUPPORT SERVICES
80NSSC24AA014,"RIOS PARTNERS, LLC",0.0,2024-01-30,THIS BLANKET PURCHASE AGREEMENT (BPA) IS FOR NASA CHANGE MANAGEMENT SUPPORT SERVICES
80NSSC24AA015,BOOZ ALLEN HAMILTON INC,0.0,2024-01-30,THIS BLANKET PURCHASE AGREEMENT (BPA) IS FOR NASA CHANGE MANAGEMENT SUPPORT SERVICES
80NSSC24AA016,"SEVENTH SENSE, LLC",0.0,2024-02-12,AGENCY-WIDE ACQUISITION (AWASS) 2.0 BLANKET PURCHASE AGREEMENT (BPA)
80NSSC24AA018,UHY LLP,0.0,2024-07-22,AUDIT SERVICES
80NSSC24DA001,INSPIRITEC INC,11696895.91,2024-01-30,"THIS IDIQ CONTRACT IS TO SUPPORT A BROAD RANGE OF FUNCTIONAL ACTIVITIES TO INCLUDE BUT NOT LIMITED DOCUMENT IMAGINING, CUSTOMER CONTACT CENTER, ENTERPRISE SERVICE DESK AND MAILROOM SERVICES FOR THE (NSSC)."
80SSC024AA001,DEPARTMENT OF ENVIRONMENTAL QUALITY MISSISSIPPI,0.0,2024-09-30,PERFORM REGULATORY REVIEW AND PROVIDE COMMENTS
80TECH24AA001,"QUINTRON SYSTEMS, LLC",0.0,2024-09-26,NASA QUINTRON BLANKET PURCHASE AGREEMENT (BPA)
80TECH24AA002,"GARTNER, INC.",0.0,2024-07-03,GARTNER RESEARCH MEMBERSHIP (SUBSCRIPTION ACCESS) SERVICES (GRMSA)
80TECH24AA003,"THUNDERCAT TECHNOLOGY, LLC",0.0,2024-07-01,"CISCO MULTIPLE AWARD SCHEDULE (MAS) BLANKET PURCHASE AGREEMENT (BPA) FOR HARDWARE, SOFTWARE, MAINTENANCE, SUPPORT AND ASSOCIATED SERVICES."
80TECH24AA004,INFO-TECH RESEARCH GROUP INC,0.0,2024-09-13,"TACTICAL ENGAGEMENTS BLANKET PURCHASING AGREEMENT (BPA).  NASA REQUIRES SUBSCRIPTION ACCESS TO IT RESEARCH LIBRARY MEMBERSHIPS, IT PRODUCT IMPLEMENTATION TOOLKITS, ANALYST SUPPORT, AND WORKSHOP FACILITATION SO NASA MAY FULLY LEVERAGE THESE RESOURCES."
